insert into webshop.characteristictypes value (1, "Интерфейс");
insert into webshop.characteristictypes value (2, "Частота ядра");
insert into webshop.characteristictypes value (3, "Дополнительное питание");
insert into webshop.characteristictypes value (4, "Разъемы");
insert into webshop.characteristictypes value (5, "Подключение моста Nvidia SLI");
insert into webshop.characteristictypes value (6, "Частота памяти");
insert into webshop.characteristictypes value (7, "Размеры");
insert into webshop.characteristictypes value (8, "Минимально необходимая мощность БП");
insert into webshop.characteristictypes value (9, "Графический чип");
insert into webshop.characteristictypes value (10, "Пропускная способность памяти");
insert into webshop.characteristictypes value (11, "Комплект поставки");
insert into webshop.characteristictypes value (12, "Разрядность шины памяти");
insert into webshop.characteristictypes value (13, "Поддержка AMD CrossFireX");
insert into webshop.characteristictypes value (14, "Страна-производитель");
insert into webshop.characteristictypes value (15, "Особенности");
insert into webshop.characteristictypes value (16, "Максимально поддерживаемое разрешение");
insert into webshop.characteristictypes value (17, "Тип системы охлаждения");
insert into webshop.characteristictypes value (18, "Частота RAMDAC");
insert into webshop.characteristictypes value (19, "Тип памяти");
insert into webshop.characteristictypes value (20, "Гарантия");
insert into webshop.characteristictypes value (21, "Выходы DVI");
insert into webshop.characteristictypes value (22, "Форм-фактор");
insert into webshop.characteristictypes value (23, "Поддерживаемые 3D API");
insert into webshop.characteristictypes value (24, "Количество выходов VGA (D-Sub)");
insert into webshop.characteristictypes value (25, "Объем памяти");
insert into webshop.characteristictypes value (26, "Система охлаждения");
-- =====================================================================
insert into webshop.producttypes value (1, "Процессор");
insert into webshop.producttypes value (2, "Материнская плата");
insert into webshop.producttypes value (3, "Оперативная память");
insert into webshop.producttypes value (4, "Блок питания");
insert into webshop.producttypes value (5, "Жесткий диск");
insert into webshop.producttypes value (6, "Видеокарта");
-- =====================================================================
INSERT INTO webshop.products (ProductID, ProductTypeID, Title, Description, Price) VALUES (1, 6, "AFOX PCI-Ex GeForce GTX 1050 Ti 4GB GDDR5 (128bit) (1290/7008) (DVI, HDMI, DisplayPort) (AF1050Ti-4096D5H2)", "PCI Express 3.0 Эта карта разработана для интерфейса PCI Express 3.0, обеспечивающего высочайшую скорость передачи данных для игр и 3D-приложений, которым требуется высокая производительность. В то же время она сохраняет обратную совместимость с разъемами PCI Express 2.x / 1.x. Поддержка NVIDIA 3D Vision Технология NVIDIA 3D Vision Vision обеспечивает пользователям невероятно захватывающую работу со стереоскопическим 3D. Решение 3D Vision представлено комбинацией высокотехнологичных беспроводных очков и продвинутого ПО и превращает сотни игр для ПК в настоящее стереоскопическое 3D. NVIDIA PhysX Графические процессоры GeForce поддерживают технологию NVIDIA PhysX, поднимая интерактивность и реализм в играх на совершенно новый уровень. Технология NVIDIA PhysX в корне меняет ощущения во время игр, добавляя следующие спецэффекты: разлетающиеся во все стороны осколки от взрыва, волосы, развеваемые порывами ветра, погодные эффекты, трава и деревья, покачивающиеся на ветру, разбивающиеся о берег волны, туман, пыль и дым, реалистичное поведение человеческих персонажей, а также интерактивные, растягиваемые и деформируемые объекты. Адаптивная вертикальная синхронизация Ничто не отвлекает так, как дрожание кадров и разрывы изображения. Первое происходит, когда частота смены кадров низкая, второе – когда она слишком высокая. Технология Adaptive V-Sync – прекрасный способ обработки кадров. При высокой частоте смены кадров V-sync включается для устранения разрывов изображения, при низкой – отключается, чтобы свести дрожание до минимума. Это позволяет не отвлекаться, поэтому ты можешь продолжить игру. GPU Boost Благодаря точным элементам управления эта принципиально новая технология позволяет геймерам максимально увеличить производительность ПК. Технология GPU Boost отслеживает работу видеокарты, еще лучше управляя температурой GPU, повышением тактовой частоты процессора и напряжением, чтобы добиться максимальной производительности GPU.", 2263);
INSERT INTO webshop.characteristics (CharacteristicID, CharacteristicTypeID, Value, ProductID) VALUES (1, 1, "PCI-Express x16 3.0", 1);
INSERT INTO webshop.characteristics (CharacteristicID, CharacteristicTypeID, Value, ProductID) VALUES (2, 2, "Базовая частота: 1290 МГц В режиме разгона: 1392 МГц", 1);
INSERT INTO webshop.characteristics (CharacteristicID, CharacteristicTypeID, Value, ProductID) VALUES (3, 16, "7680x4320", 1);
INSERT INTO webshop.characteristics (CharacteristicID, CharacteristicTypeID, Value, ProductID) VALUES (4, 17, "Активная", 1);
INSERT INTO webshop.characteristics (CharacteristicID, CharacteristicTypeID, Value, ProductID) VALUES (5, 3, "6 pin", 1);
INSERT INTO webshop.characteristics (CharacteristicID, CharacteristicTypeID, Value, ProductID) VALUES (6, 4, "DVI DisplayPort HDMI", 1);
INSERT INTO webshop.characteristics (CharacteristicID, CharacteristicTypeID, Value, ProductID) VALUES (7, 5, "Нет", 1);
INSERT INTO webshop.characteristics (CharacteristicID, CharacteristicTypeID, Value, ProductID) VALUES (8, 6, "7008 МГц", 1);
INSERT INTO webshop.characteristics (CharacteristicID, CharacteristicTypeID, Value, ProductID) VALUES (9, 7, "101 х 42 х 210 мм", 1);
INSERT INTO webshop.characteristics (CharacteristicID, CharacteristicTypeID, Value, ProductID) VALUES (10, 8, "350 Вт", 1);
INSERT INTO webshop.characteristics (CharacteristicID, CharacteristicTypeID, Value, ProductID) VALUES (11, 9, "GeForce GTX 1050 Ti", 1);
INSERT INTO webshop.characteristics (CharacteristicID, CharacteristicTypeID, Value, ProductID) VALUES (12, 19, "GDDR5", 1);
INSERT INTO webshop.characteristics (CharacteristicID, CharacteristicTypeID, Value, ProductID) VALUES (13, 20, "24 месяца", 1);
INSERT INTO webshop.characteristics (CharacteristicID, CharacteristicTypeID, Value, ProductID) VALUES (14, 21, "1", 1);
INSERT INTO webshop.characteristics (CharacteristicID, CharacteristicTypeID, Value, ProductID) VALUES (15, 22, "Стандартная", 1);
INSERT INTO webshop.characteristics (CharacteristicID, CharacteristicTypeID, Value, ProductID) VALUES (16, 12, "128 бит", 1);
INSERT INTO webshop.characteristics (CharacteristicID, CharacteristicTypeID, Value, ProductID) VALUES (17, 23, "DirectX 12, OpenGL 4.4", 1);
INSERT INTO webshop.characteristics (CharacteristicID, CharacteristicTypeID, Value, ProductID) VALUES (18, 13, "Нет", 1);
INSERT INTO webshop.characteristics (CharacteristicID, CharacteristicTypeID, Value, ProductID) VALUES (19, 25, "4 ГБ", 1);
INSERT INTO webshop.characteristics (CharacteristicID, CharacteristicTypeID, Value, ProductID) VALUES (20, 26, "Радиатор + вентилятор", 1);
INSERT INTO webshop.images (ImageID, Url, ProductID) VALUES (1, "https://i1.rozetka.ua/goods/2138725/copy_afox_af1050ti_4096d5h1_598d86183e286_images_2138725191.jpg", 1);
INSERT INTO webshop.images (ImageID, Url, ProductID) VALUES (2, "https://i2.rozetka.ua/goods/2138725/copy_afox_af1050ti_4096d5h1_598d86183e286_images_2138725989.jpg", 1);
INSERT INTO webshop.images (ImageID, Url, ProductID) VALUES (3, "https://i1.rozetka.ua/goods/2138726/copy_afox_af1050ti_4096d5h1_598d86183e286_images_2138726605.jpg", 1);
INSERT INTO webshop.images (ImageID, Url, ProductID) VALUES (4, "https://i1.rozetka.ua/goods/2138727/copy_afox_af1050ti_4096d5h1_598d86183e286_images_2138727298.jpg", 1);
INSERT INTO webshop.comments (CommentID, Nickname, Rating, Message, Date, ProductID) VALUES (1, "Олег", 0, "Стоит ли ставить на AMD Athlone 4320 16 ГГб DDR 3?", "2018-1-1", 1);
INSERT INTO webshop.comments (CommentID, Nickname, Rating, Message, Date, ProductID) VALUES (2, "данил гончаров", 0, "Подойдёт ли под ету видеокарту Материнская плата Asus H110M-K (s1151, Intel H110, PCI-Ex16) https://hard.rozetka.com.ua/asus_h110m_k/p5733051/", "2018-1-4", 1);
INSERT INTO webshop.comments (CommentID, Nickname, Rating, Message, Date, ProductID) VALUES (3, "Игорь Тесля", 0, "подойдет на материнку Материнская плата Gigabyte GA-MA770T-UD3?", "2018-1-4", 1);
-- =====================================================================
INSERT INTO webshop.products (ProductID, ProductTypeID, Title, Description, Price) VALUES (2, 6, "AFOX PCI-Ex GeForce GT 730 4GB GDDR3 (128bit) (700/1333) (VGA, DVI, HDMI) (AF730-4096D3L1)", "DirectX Поддерживает DirectX 11, что обеспечивает беспрецедентную реалистичность графики и эффекты кинематографического уровня NVIDIA CUDA Технология CUDA раскрывает мощь сотен процессорных ядер GPU для ускорения наиболее ресурсоемких задач, например кодирования видео, симуляции физических эффектов, трассировки лучей и т.п., обеспечивая невероятный прирост производительности по сравнению с обычными процессорами. Компактность Низкопрофильная видеокарта с пассивным охлаждением, идеально подходит для тонких корпусов медиацентров. Поддержка NVIDIA 3D Vision Технология NVIDIA 3D Vision Vision обеспечивает пользователям невероятно захватывающую работу со стереоскопическим 3D. Решение 3D Vision представлено комбинацией высокотехнологичных беспроводных очков и продвинутого ПО и превращает сотни игр для ПК в настоящее стереоскопическое 3D. NVIDIA PhysX Графические процессоры GeForce поддерживают технологию NVIDIA PhysX, поднимая интерактивность и реализм в играх на совершенно новый уровень. Технология NVIDIA PhysX в корне меняет ощущения во время игр, добавляя следующие спецэффекты: разлетающиеся во все стороны осколки от взрыва, волосы, развеваемые порывами ветра, погодные эффекты, трава и деревья, покачивающиеся на ветру, разбивающиеся о берег волны, туман, пыль и дым, реалистичное поведение человеческих персонажей, а также интерактивные, растягиваемые и деформируемые объекты.", 16007);
INSERT INTO webshop.characteristics (CharacteristicID, CharacteristicTypeID, Value, ProductID) VALUES (21, 1, "PCI-Express x16 2.х", 2);
INSERT INTO webshop.characteristics (CharacteristicID, CharacteristicTypeID, Value, ProductID) VALUES (22, 2, "700 МГц", 2);
INSERT INTO webshop.characteristics (CharacteristicID, CharacteristicTypeID, Value, ProductID) VALUES (23, 16, "2560x1600", 2);
INSERT INTO webshop.characteristics (CharacteristicID, CharacteristicTypeID, Value, ProductID) VALUES (24, 17, "Активная", 2);
INSERT INTO webshop.characteristics (CharacteristicID, CharacteristicTypeID, Value, ProductID) VALUES (25, 3, "Нет", 2);
INSERT INTO webshop.characteristics (CharacteristicID, CharacteristicTypeID, Value, ProductID) VALUES (26, 4, "VGA DVI HDMI", 2);
INSERT INTO webshop.characteristics (CharacteristicID, CharacteristicTypeID, Value, ProductID) VALUES (27, 5, "Нет", 2);
INSERT INTO webshop.characteristics (CharacteristicID, CharacteristicTypeID, Value, ProductID) VALUES (28, 6, "1333 МГц", 2);
INSERT INTO webshop.characteristics (CharacteristicID, CharacteristicTypeID, Value, ProductID) VALUES (29, 7, "167 x 120 x 24 мм", 2);
INSERT INTO webshop.characteristics (CharacteristicID, CharacteristicTypeID, Value, ProductID) VALUES (30, 8, "300 Вт", 2);
INSERT INTO webshop.characteristics (CharacteristicID, CharacteristicTypeID, Value, ProductID) VALUES (31, 9, "GeForce GT730", 2);
INSERT INTO webshop.characteristics (CharacteristicID, CharacteristicTypeID, Value, ProductID) VALUES (32, 19, "GDDR3", 2);
INSERT INTO webshop.characteristics (CharacteristicID, CharacteristicTypeID, Value, ProductID) VALUES (33, 20, "24 месяца", 2);
INSERT INTO webshop.characteristics (CharacteristicID, CharacteristicTypeID, Value, ProductID) VALUES (34, 21, "1", 2);
INSERT INTO webshop.characteristics (CharacteristicID, CharacteristicTypeID, Value, ProductID) VALUES (35, 22, "Низкопрофильная", 2);
INSERT INTO webshop.characteristics (CharacteristicID, CharacteristicTypeID, Value, ProductID) VALUES (36, 12, "128 бит", 2);
INSERT INTO webshop.characteristics (CharacteristicID, CharacteristicTypeID, Value, ProductID) VALUES (37, 24, "1", 2);
INSERT INTO webshop.characteristics (CharacteristicID, CharacteristicTypeID, Value, ProductID) VALUES (38, 23, "DirectX 11, OpenGL 4.4", 2);
INSERT INTO webshop.characteristics (CharacteristicID, CharacteristicTypeID, Value, ProductID) VALUES (39, 13, "Нет", 2);
INSERT INTO webshop.characteristics (CharacteristicID, CharacteristicTypeID, Value, ProductID) VALUES (40, 25, "4 ГБ", 2);
INSERT INTO webshop.characteristics (CharacteristicID, CharacteristicTypeID, Value, ProductID) VALUES (41, 26, "Радиатор + вентилятор", 2);
INSERT INTO webshop.images (ImageID, Url, ProductID) VALUES (5, "https://i2.rozetka.ua/goods/1791999/copy_afox_af730_2048d3l1_583c41ec304f9_images_1791999120.jpg", 2);
INSERT INTO webshop.images (ImageID, Url, ProductID) VALUES (6, "https://i1.rozetka.ua/goods/1791999/copy_afox_af730_2048d3l1_583c41ec304f9_images_1791999225.jpg", 2);
INSERT INTO webshop.images (ImageID, Url, ProductID) VALUES (7, "https://i2.rozetka.ua/goods/1791999/copy_afox_af730_2048d3l1_583c41ec304f9_images_1791999344.jpg", 2);
INSERT INTO webshop.comments (CommentID, Nickname, Rating, Message, Date, ProductID) VALUES (4, "Vladyslav Nachesa", 5, "Когда будет новый завоз этой видюхи?", "2018-1-3", 2);
INSERT INTO webshop.comments (CommentID, Nickname, Rating, Message, Date, ProductID) VALUES (5, "Бондарев Илларион", 0, "Подскажите пожалуйста как видеокарта проявит себя в 3D рендерах.", "2018-1-2", 2);
INSERT INTO webshop.comments (CommentID, Nickname, Rating, Message, Date, ProductID) VALUES (6, "Полячик Антон", 0, "На яку краще матирнку класити відео карту", "2018-1-0", 2);
-- =====================================================================
INSERT INTO webshop.products (ProductID, ProductTypeID, Title, Description, Price) VALUES (3, 6, "AFOX PCI-Ex Radeon RX 570 4GB GDDR5 (256bit) (1168/7000) (DVI, HDMI, 3х DisplayPort) (AFRX570-4096D5H1)", "AMD Radeon RX 570: создана для геймеров Пока разработчики стремятся предложить что-то новое, создавая огромные, фотореалистичные миры, геймеры хотят максимально повысить производительность своего оборудования. Они охотятся за новыми технологиями, которые позволят воспроизводить задуманное разработчиками, будь-то виртуальная реальность, HDR-контент или максимально ресурсоемкое HD-видео. Благодаря перспективной архитектуре Polaris, передовые графические карты Radeon RX 570 обеспечивают невероятные впечатления от игр. Технология AMD LiquidVR обеспечивает в играх виртуальную реальность нового поколения, а новейшие технологии отображения позволяют наслаждаться контентом в формате Ultra HD за счет аппаратного ускорения. AMD App Acceleration AMD App Acceleration — это совокупность технологий, предназначенных для улучшения качества воспроизведения видео и ускорения работы приложений. Технология AMD ZeroCore Power Видеокарта AMD Radeon практически не будет потреблять энергию в режиме простоя. Технология AMD PowerTune Интеллектуальный контроль и управление энергопотреблением графического процессора AMD Radeon, обеспечивающие более высокую тактовую частоту и, следовательно, повышенную производительность.", 402);
INSERT INTO webshop.characteristics (CharacteristicID, CharacteristicTypeID, Value, ProductID) VALUES (42, 1, "PCI-Express x16 3.0", 3);
INSERT INTO webshop.characteristics (CharacteristicID, CharacteristicTypeID, Value, ProductID) VALUES (43, 2, "Базовая частота: 1168 МГц В режиме разгона: 1244 МГц", 3);
INSERT INTO webshop.characteristics (CharacteristicID, CharacteristicTypeID, Value, ProductID) VALUES (44, 16, "7680x4320", 3);
INSERT INTO webshop.characteristics (CharacteristicID, CharacteristicTypeID, Value, ProductID) VALUES (45, 17, "Активная", 3);
INSERT INTO webshop.characteristics (CharacteristicID, CharacteristicTypeID, Value, ProductID) VALUES (46, 3, "6 pin", 3);
INSERT INTO webshop.characteristics (CharacteristicID, CharacteristicTypeID, Value, ProductID) VALUES (47, 4, "DVI DisplayPort HDMI", 3);
INSERT INTO webshop.characteristics (CharacteristicID, CharacteristicTypeID, Value, ProductID) VALUES (48, 5, "Нет", 3);
INSERT INTO webshop.characteristics (CharacteristicID, CharacteristicTypeID, Value, ProductID) VALUES (49, 6, "7000 МГц", 3);
INSERT INTO webshop.characteristics (CharacteristicID, CharacteristicTypeID, Value, ProductID) VALUES (50, 7, "235 х 126 х 42 мм", 3);
INSERT INTO webshop.characteristics (CharacteristicID, CharacteristicTypeID, Value, ProductID) VALUES (51, 8, "450 Вт", 3);
INSERT INTO webshop.characteristics (CharacteristicID, CharacteristicTypeID, Value, ProductID) VALUES (52, 9, "RX 570", 3);
INSERT INTO webshop.characteristics (CharacteristicID, CharacteristicTypeID, Value, ProductID) VALUES (53, 19, "GDDR5", 3);
INSERT INTO webshop.characteristics (CharacteristicID, CharacteristicTypeID, Value, ProductID) VALUES (54, 20, "24 месяца", 3);
INSERT INTO webshop.characteristics (CharacteristicID, CharacteristicTypeID, Value, ProductID) VALUES (55, 21, "1", 3);
INSERT INTO webshop.characteristics (CharacteristicID, CharacteristicTypeID, Value, ProductID) VALUES (56, 22, "Стандартная", 3);
INSERT INTO webshop.characteristics (CharacteristicID, CharacteristicTypeID, Value, ProductID) VALUES (57, 12, "256 бит", 3);
INSERT INTO webshop.characteristics (CharacteristicID, CharacteristicTypeID, Value, ProductID) VALUES (58, 23, "DirectX 12, OpenGL 4.4", 3);
INSERT INTO webshop.characteristics (CharacteristicID, CharacteristicTypeID, Value, ProductID) VALUES (59, 13, "Нет", 3);
INSERT INTO webshop.characteristics (CharacteristicID, CharacteristicTypeID, Value, ProductID) VALUES (60, 25, "4 ГБ", 3);
INSERT INTO webshop.characteristics (CharacteristicID, CharacteristicTypeID, Value, ProductID) VALUES (61, 26, "Радиатор + 2 x вентилятора", 3);
INSERT INTO webshop.images (ImageID, Url, ProductID) VALUES (8, "https://i1.rozetka.ua/goods/2633734/afox_afrx570_4096d5h1_images_2633734343.jpg", 3);
INSERT INTO webshop.images (ImageID, Url, ProductID) VALUES (9, "https://i1.rozetka.ua/goods/2633734/afox_afrx570_4096d5h1_images_2633734655.jpg", 3);
INSERT INTO webshop.images (ImageID, Url, ProductID) VALUES (10, "https://i1.rozetka.ua/goods/2633735/afox_afrx570_4096d5h1_images_2633735079.jpg", 3);
-- =====================================================================
INSERT INTO webshop.products (ProductID, ProductTypeID, Title, Description, Price) VALUES (4, 6, "AFOX PCI-Ex Radeon RX 580 4GB GDDR5 (256bit) (1256/8000) (DVI, HDMI, 3х DisplayPort) (AFRX580-4096D5H1)", "AMD Radeon RX 580: создана для геймеров Пока разработчики стремятся предложить что-то новое, создавая огромные, фотореалистичные миры, геймеры хотят максимально повысить производительность своего оборудования. Они охотятся за новыми технологиями, которые позволят воспроизводить задуманное разработчиками, будь-то виртуальная реальность, HDR-контент или максимально ресурсоемкое HD-видео. Благодаря перспективной архитектуре Polaris, передовые графические карты Radeon RX 580 обеспечивают невероятные впечатления от игр. Технология AMD LiquidVR обеспечивает в играх виртуальную реальность нового поколения, а новейшие технологии отображения позволяют наслаждаться контентом в формате Ultra HD за счет аппаратного ускорения. AMD App Acceleration AMD App Acceleration — это совокупность технологий, предназначенных для улучшения качества воспроизведения видео и ускорения работы приложений. Технология AMD ZeroCore Power Видеокарта AMD Radeon практически не будет потреблять энергию в режиме простоя. Технология AMD PowerTune Интеллектуальный контроль и управление энергопотреблением графического процессора AMD Radeon, обеспечивающие более высокую тактовую частоту и, следовательно, повышенную производительность.", 8807);
INSERT INTO webshop.characteristics (CharacteristicID, CharacteristicTypeID, Value, ProductID) VALUES (62, 1, "PCI-Express x16 3.0", 4);
INSERT INTO webshop.characteristics (CharacteristicID, CharacteristicTypeID, Value, ProductID) VALUES (63, 2, "Базовая частота: 1256 МГц В режиме разгона: 1340 МГц", 4);
INSERT INTO webshop.characteristics (CharacteristicID, CharacteristicTypeID, Value, ProductID) VALUES (64, 16, "7680x4320", 4);
INSERT INTO webshop.characteristics (CharacteristicID, CharacteristicTypeID, Value, ProductID) VALUES (65, 17, "Активная", 4);
INSERT INTO webshop.characteristics (CharacteristicID, CharacteristicTypeID, Value, ProductID) VALUES (66, 3, "6 pin", 4);
INSERT INTO webshop.characteristics (CharacteristicID, CharacteristicTypeID, Value, ProductID) VALUES (67, 4, "DVI DisplayPort HDMI", 4);
INSERT INTO webshop.characteristics (CharacteristicID, CharacteristicTypeID, Value, ProductID) VALUES (68, 5, "Нет", 4);
INSERT INTO webshop.characteristics (CharacteristicID, CharacteristicTypeID, Value, ProductID) VALUES (69, 6, "8000 МГц", 4);
INSERT INTO webshop.characteristics (CharacteristicID, CharacteristicTypeID, Value, ProductID) VALUES (70, 7, "235 х 126 х 42 мм", 4);
INSERT INTO webshop.characteristics (CharacteristicID, CharacteristicTypeID, Value, ProductID) VALUES (71, 8, "500 Вт", 4);
INSERT INTO webshop.characteristics (CharacteristicID, CharacteristicTypeID, Value, ProductID) VALUES (72, 9, "RX 580", 4);
INSERT INTO webshop.characteristics (CharacteristicID, CharacteristicTypeID, Value, ProductID) VALUES (73, 19, "GDDR5", 4);
INSERT INTO webshop.characteristics (CharacteristicID, CharacteristicTypeID, Value, ProductID) VALUES (74, 20, "24 месяца", 4);
INSERT INTO webshop.characteristics (CharacteristicID, CharacteristicTypeID, Value, ProductID) VALUES (75, 21, "1", 4);
INSERT INTO webshop.characteristics (CharacteristicID, CharacteristicTypeID, Value, ProductID) VALUES (76, 22, "Стандартная", 4);
INSERT INTO webshop.characteristics (CharacteristicID, CharacteristicTypeID, Value, ProductID) VALUES (77, 12, "256 бит", 4);
INSERT INTO webshop.characteristics (CharacteristicID, CharacteristicTypeID, Value, ProductID) VALUES (78, 23, "DirectX 12, OpenGL 4.4", 4);
INSERT INTO webshop.characteristics (CharacteristicID, CharacteristicTypeID, Value, ProductID) VALUES (79, 13, "Нет", 4);
INSERT INTO webshop.characteristics (CharacteristicID, CharacteristicTypeID, Value, ProductID) VALUES (80, 25, "4 ГБ", 4);
INSERT INTO webshop.characteristics (CharacteristicID, CharacteristicTypeID, Value, ProductID) VALUES (81, 26, "Радиатор + 2 x вентилятора", 4);
INSERT INTO webshop.images (ImageID, Url, ProductID) VALUES (11, "https://i1.rozetka.ua/goods/2632814/afox_afrx580_4096d5h1_images_2632814487.jpg", 4);
INSERT INTO webshop.images (ImageID, Url, ProductID) VALUES (12, "https://i2.rozetka.ua/goods/2632814/afox_afrx580_4096d5h1_images_2632814959.jpg", 4);
INSERT INTO webshop.images (ImageID, Url, ProductID) VALUES (13, "https://i2.rozetka.ua/goods/2632815/afox_afrx580_4096d5h1_images_2632815295.jpg", 4);
-- =====================================================================
INSERT INTO webshop.products (ProductID, ProductTypeID, Title, Description, Price) VALUES (5, 6, "Asus PCI-Ex GeForce GT 710 1024MB DDR3 (64bit) (954/1800) (VGA, DVI, HDMI) (710-1-SL)", "Качественная графика, доступная каждому! Компания ASUS представляет видеокарту GT 710, которая оснащается бесшумной системой охлаждения, что делает ее идеальным выбором для компактных HTPC-компьютеров. Бесшумная система охлаждения Пассивная система охлаждения обеспечивает абсолютно бесшумную работу видеокарты. Низкопрофильная конструкция Низкопрофильная конструкция и высокая энергоэффективность делают эту видеокарту прекрасным выбором для компактных мультимедийных систем.", 1935);
INSERT INTO webshop.characteristics (CharacteristicID, CharacteristicTypeID, Value, ProductID) VALUES (82, 1, "PCI-Express x8 2.0", 5);
INSERT INTO webshop.characteristics (CharacteristicID, CharacteristicTypeID, Value, ProductID) VALUES (83, 2, "954 МГц", 5);
INSERT INTO webshop.characteristics (CharacteristicID, CharacteristicTypeID, Value, ProductID) VALUES (84, 16, "2560x1600", 5);
INSERT INTO webshop.characteristics (CharacteristicID, CharacteristicTypeID, Value, ProductID) VALUES (85, 17, "Пассивная", 5);
INSERT INTO webshop.characteristics (CharacteristicID, CharacteristicTypeID, Value, ProductID) VALUES (86, 3, "Нет", 5);
INSERT INTO webshop.characteristics (CharacteristicID, CharacteristicTypeID, Value, ProductID) VALUES (87, 4, "VGA DVI HDMI", 5);
INSERT INTO webshop.characteristics (CharacteristicID, CharacteristicTypeID, Value, ProductID) VALUES (88, 5, "Нет", 5);
INSERT INTO webshop.characteristics (CharacteristicID, CharacteristicTypeID, Value, ProductID) VALUES (89, 6, "1800 МГц", 5);
INSERT INTO webshop.characteristics (CharacteristicID, CharacteristicTypeID, Value, ProductID) VALUES (90, 7, "137 x 69 x 33 мм", 5);
INSERT INTO webshop.characteristics (CharacteristicID, CharacteristicTypeID, Value, ProductID) VALUES (91, 9, "GeForce GT710", 5);
INSERT INTO webshop.characteristics (CharacteristicID, CharacteristicTypeID, Value, ProductID) VALUES (92, 19, "DDR3", 5);
INSERT INTO webshop.characteristics (CharacteristicID, CharacteristicTypeID, Value, ProductID) VALUES (93, 20, "36 месяцев", 5);
INSERT INTO webshop.characteristics (CharacteristicID, CharacteristicTypeID, Value, ProductID) VALUES (94, 21, "1", 5);
INSERT INTO webshop.characteristics (CharacteristicID, CharacteristicTypeID, Value, ProductID) VALUES (95, 22, "Низкопрофильная", 5);
INSERT INTO webshop.characteristics (CharacteristicID, CharacteristicTypeID, Value, ProductID) VALUES (96, 12, "64 бит", 5);
INSERT INTO webshop.characteristics (CharacteristicID, CharacteristicTypeID, Value, ProductID) VALUES (97, 24, "1", 5);
INSERT INTO webshop.characteristics (CharacteristicID, CharacteristicTypeID, Value, ProductID) VALUES (98, 23, "DirectX 12, OpenGL 4.4", 5);
INSERT INTO webshop.characteristics (CharacteristicID, CharacteristicTypeID, Value, ProductID) VALUES (99, 13, "Нет", 5);
INSERT INTO webshop.characteristics (CharacteristicID, CharacteristicTypeID, Value, ProductID) VALUES (100, 25, "1 ГБ", 5);
INSERT INTO webshop.characteristics (CharacteristicID, CharacteristicTypeID, Value, ProductID) VALUES (101, 26, "Радиатор", 5);
INSERT INTO webshop.images (ImageID, Url, ProductID) VALUES (14, "https://i1.rozetka.ua/goods/1442190/asus_710_1_sl_images_1442190478.jpg", 5);
INSERT INTO webshop.images (ImageID, Url, ProductID) VALUES (15, "https://i1.rozetka.ua/goods/1442190/asus_710_1_sl_images_1442190413.jpg", 5);
INSERT INTO webshop.images (ImageID, Url, ProductID) VALUES (16, "https://i2.rozetka.ua/goods/1442190/asus_710_1_sl_images_1442190543.jpg", 5);
INSERT INTO webshop.images (ImageID, Url, ProductID) VALUES (17, "https://i2.rozetka.ua/goods/1442190/asus_710_1_sl_images_1442190608.jpg", 5);
INSERT INTO webshop.images (ImageID, Url, ProductID) VALUES (18, "https://i1.rozetka.ua/goods/1442190/asus_710_1_sl_images_1442190673.jpg", 5);
INSERT INTO webshop.comments (CommentID, Nickname, Rating, Message, Date, ProductID) VALUES (7, "Temoha", 5, "Потянит кс на максимальних? И в скок фпс", "2018-1-4", 5);
INSERT INTO webshop.comments (CommentID, Nickname, Rating, Message, Date, ProductID) VALUES (8, "Вячеслав Новицкий", 0, "Пойдет ли на материнскую плату ASUSTeK M2N-1394 ?", "2018-1-3", 5);
INSERT INTO webshop.comments (CommentID, Nickname, Rating, Message, Date, ProductID) VALUES (9, "Сергей Васильченко", 0, "Возможно ли подключение двух мониторов? Один на DVI, другой на HDMI.", "2018-1-2", 5);
-- =====================================================================
INSERT INTO webshop.products (ProductID, ProductTypeID, Title, Description, Price) VALUES (6, 6, "Asus PCI-Ex GeForce GT 710 2048MB DDR3 (64bit) (954/1800) (VGA, DVI, HDMI) (710-2-SL)", "Качественная графика, доступная каждому! Компания ASUS представляет видеокарту GT 710, которая оснащается бесшумной системой охлаждения, что делает ее идеальным выбором для компактных HTPC-компьютеров. Бесшумная система охлаждения Пассивная система охлаждения обеспечивает абсолютно бесшумную работу видеокарты. Низкопрофильная конструкция Низкопрофильная конструкция и высокая энергоэффективность делают эту видеокарту прекрасным выбором для компактных мультимедийных систем.", 16208);
INSERT INTO webshop.characteristics (CharacteristicID, CharacteristicTypeID, Value, ProductID) VALUES (102, 1, "PCI-Express x8 2.0", 6);
INSERT INTO webshop.characteristics (CharacteristicID, CharacteristicTypeID, Value, ProductID) VALUES (103, 2, "954 МГц", 6);
INSERT INTO webshop.characteristics (CharacteristicID, CharacteristicTypeID, Value, ProductID) VALUES (104, 16, "2560x1600", 6);
INSERT INTO webshop.characteristics (CharacteristicID, CharacteristicTypeID, Value, ProductID) VALUES (105, 17, "Пассивная", 6);
INSERT INTO webshop.characteristics (CharacteristicID, CharacteristicTypeID, Value, ProductID) VALUES (106, 3, "Нет", 6);
INSERT INTO webshop.characteristics (CharacteristicID, CharacteristicTypeID, Value, ProductID) VALUES (107, 4, "VGA DVI HDMI", 6);
INSERT INTO webshop.characteristics (CharacteristicID, CharacteristicTypeID, Value, ProductID) VALUES (108, 5, "Нет", 6);
INSERT INTO webshop.characteristics (CharacteristicID, CharacteristicTypeID, Value, ProductID) VALUES (109, 6, "1800 МГц", 6);
INSERT INTO webshop.characteristics (CharacteristicID, CharacteristicTypeID, Value, ProductID) VALUES (110, 7, "137 x 69 x 33 мм", 6);
INSERT INTO webshop.characteristics (CharacteristicID, CharacteristicTypeID, Value, ProductID) VALUES (111, 9, "GeForce GT710", 6);
INSERT INTO webshop.characteristics (CharacteristicID, CharacteristicTypeID, Value, ProductID) VALUES (112, 19, "DDR3", 6);
INSERT INTO webshop.characteristics (CharacteristicID, CharacteristicTypeID, Value, ProductID) VALUES (113, 20, "36 месяцев", 6);
INSERT INTO webshop.characteristics (CharacteristicID, CharacteristicTypeID, Value, ProductID) VALUES (114, 21, "1", 6);
INSERT INTO webshop.characteristics (CharacteristicID, CharacteristicTypeID, Value, ProductID) VALUES (115, 22, "Низкопрофильная", 6);
INSERT INTO webshop.characteristics (CharacteristicID, CharacteristicTypeID, Value, ProductID) VALUES (116, 12, "64 бит", 6);
INSERT INTO webshop.characteristics (CharacteristicID, CharacteristicTypeID, Value, ProductID) VALUES (117, 24, "1", 6);
INSERT INTO webshop.characteristics (CharacteristicID, CharacteristicTypeID, Value, ProductID) VALUES (118, 23, "DirectX 12, OpenGL 4.4", 6);
INSERT INTO webshop.characteristics (CharacteristicID, CharacteristicTypeID, Value, ProductID) VALUES (119, 13, "Нет", 6);
INSERT INTO webshop.characteristics (CharacteristicID, CharacteristicTypeID, Value, ProductID) VALUES (120, 25, "2 ГБ", 6);
INSERT INTO webshop.characteristics (CharacteristicID, CharacteristicTypeID, Value, ProductID) VALUES (121, 26, "Радиатор", 6);
INSERT INTO webshop.images (ImageID, Url, ProductID) VALUES (19, "https://i1.rozetka.ua/goods/1442090/asus_710_2_sl_images_1442090233.jpg", 6);
INSERT INTO webshop.images (ImageID, Url, ProductID) VALUES (20, "https://i2.rozetka.ua/goods/1442090/asus_710_2_sl_images_1442090168.jpg", 6);
INSERT INTO webshop.images (ImageID, Url, ProductID) VALUES (21, "https://i2.rozetka.ua/goods/1442090/asus_710_2_sl_images_1442090298.jpg", 6);
INSERT INTO webshop.images (ImageID, Url, ProductID) VALUES (22, "https://i2.rozetka.ua/goods/1442090/asus_710_2_sl_images_1442090363.jpg", 6);
INSERT INTO webshop.images (ImageID, Url, ProductID) VALUES (23, "https://i1.rozetka.ua/goods/1442090/asus_710_2_sl_images_1442090428.jpg", 6);
INSERT INTO webshop.comments (CommentID, Nickname, Rating, Message, Date, ProductID) VALUES (10, "Ілля", 0, "Підійде до метеринської плати ASUS P5GC-MX\1333 бо в плати є такі входи: 1 x PCI-E x16@16 1 x PCI-E x1 2 x PCI 2.2", "2017-11-5", 6);
INSERT INTO webshop.comments (CommentID, Nickname, Rating, Message, Date, ProductID) VALUES (11, "Андрей", 0, "Подскажите пожалуйста подойдет ли к МАМКЕ: Системная плата - Gigabyte Technology Co., Ltd. G31M-S2C (Socket 775) Центральный Процессор - Intel Celeron 430 @ 1.80GHz Оперативная Память - 2,00ГБ 1-канальная DDR2 @ 399 МГц (5-5-5-18) Блок питания - 420W", "2017-11-4", 6);
INSERT INTO webshop.comments (CommentID, Nickname, Rating, Message, Date, ProductID) VALUES (12, "Alexander Bova", 0, "Яка кількість розпаяних ”рамдаків”?", "2017-1-0", 6);
-- =====================================================================
INSERT INTO webshop.products (ProductID, ProductTypeID, Title, Description, Price) VALUES (7, 6, "Asus PCI-Ex GeForce GTX 1050 Ti Cerberus 4GB GDDR5 (128bit) (1303/7008) (DVI, HDMI, DisplayPort) (CERBERUS-GTX1050TI-A4G)", "Построена для беспрерывного игрового процесса ASUS Cerberus GeForce GTX 1050 Ti — это высокопроизводительная графическая карта, которая спроектирована с повышенной надежностью и игровой производительностью. Asus тестирует карты по максимуму с новейшими играми и проводит обширные испытания надежности и сравнительный анализ с большой нагрузкой в 15 раз дольше, чем обычно. Крепкий и прочный Cerberus GeForce GTX 1050 Ti спроектирован с прочной задней пластиной для защиты чувствительных компонентов на задней стороне платы. Эта прочная задняя панель акцентирована яркими красными линиями — символом роли Цербера в качестве могущественного защитника. Надежный и быстрый Инженеры ASUS интегрировали премиальные компоненты в графическую карту Cerberus GTX 1050 Ti, чтобы повысить общую надежность. Компоненты Super Alloy Power II значительно повышают эффективность, уменьшают потери мощности, в 2 раза снижают шум компонентов при полной нагрузке, при этом снижая температуру на 50% по сравнению с предыдущими видеокартами. Два улучшенных вентилятора Оптимизированные вентиляторы-близнецы, тщательно протестированные инженерами, обеспечивают в 2 раза большую производительность воздушного потока, сочетая улучшенное охлаждение с более приятной игровой и вычислительной средой. Простая настройка производительности Обновленный, с интуитивно понятным, совершенно новым пользовательским интерфейсом, GPU Tweak II делает разгон более простым, чем когда-либо, при этом сохраняя дополнительные возможности для опытных оверклокеров. С помощью одного щелчка новая функция Gaming Booster максимизирует производительность системы, удаляя избыточные процессы и автоматически распределяя все доступные ресурсы. Мгновенные трансляции 14-дневная лицензия XSplit Gamecaster Premium позволяет легко транслировать или записывать геймплей с помощью удобного игрового оверлея. Он также отображает тактовую частоту GPU, температуру и использование VRM, а также имеет элементы управления GPU Tweak II, поэтому позволяет легко выбрать игровой профиль и повысить производительность всего одним щелчком мыши.", 1031);
INSERT INTO webshop.characteristics (CharacteristicID, CharacteristicTypeID, Value, ProductID) VALUES (122, 1, "PCI-Express x16 3.0", 7);
INSERT INTO webshop.characteristics (CharacteristicID, CharacteristicTypeID, Value, ProductID) VALUES (123, 2, "Gaming mode: Базовая частота: 1303 МГц В состоянии разгона: 1417 МГц OC Mode: Базовая: 1328 МГц В состоянии разгона: 1442 МГц", 7);
INSERT INTO webshop.characteristics (CharacteristicID, CharacteristicTypeID, Value, ProductID) VALUES (124, 16, "7680x4320", 7);
INSERT INTO webshop.characteristics (CharacteristicID, CharacteristicTypeID, Value, ProductID) VALUES (125, 17, "Активная", 7);
INSERT INTO webshop.characteristics (CharacteristicID, CharacteristicTypeID, Value, ProductID) VALUES (126, 4, "DVI DisplayPort HDMI", 7);
INSERT INTO webshop.characteristics (CharacteristicID, CharacteristicTypeID, Value, ProductID) VALUES (127, 5, "Нет", 7);
INSERT INTO webshop.characteristics (CharacteristicID, CharacteristicTypeID, Value, ProductID) VALUES (128, 6, "7008 МГц", 7);
INSERT INTO webshop.characteristics (CharacteristicID, CharacteristicTypeID, Value, ProductID) VALUES (129, 7, "203 x 115 x 38 мм", 7);
INSERT INTO webshop.characteristics (CharacteristicID, CharacteristicTypeID, Value, ProductID) VALUES (130, 9, "GeForce GTX 1050 Ti", 7);
INSERT INTO webshop.characteristics (CharacteristicID, CharacteristicTypeID, Value, ProductID) VALUES (131, 19, "GDDR5", 7);
INSERT INTO webshop.characteristics (CharacteristicID, CharacteristicTypeID, Value, ProductID) VALUES (132, 20, "36 месяцев", 7);
INSERT INTO webshop.characteristics (CharacteristicID, CharacteristicTypeID, Value, ProductID) VALUES (133, 21, "1", 7);
INSERT INTO webshop.characteristics (CharacteristicID, CharacteristicTypeID, Value, ProductID) VALUES (134, 22, "Стандартная", 7);
INSERT INTO webshop.characteristics (CharacteristicID, CharacteristicTypeID, Value, ProductID) VALUES (135, 12, "128 бит", 7);
INSERT INTO webshop.characteristics (CharacteristicID, CharacteristicTypeID, Value, ProductID) VALUES (136, 23, "DirectX 12, OpenGL 4.5", 7);
INSERT INTO webshop.characteristics (CharacteristicID, CharacteristicTypeID, Value, ProductID) VALUES (137, 13, "Нет", 7);
INSERT INTO webshop.characteristics (CharacteristicID, CharacteristicTypeID, Value, ProductID) VALUES (138, 14, "Китай", 7);
INSERT INTO webshop.characteristics (CharacteristicID, CharacteristicTypeID, Value, ProductID) VALUES (139, 25, "4 ГБ", 7);
INSERT INTO webshop.characteristics (CharacteristicID, CharacteristicTypeID, Value, ProductID) VALUES (140, 26, "Dual Fan", 7);
INSERT INTO webshop.images (ImageID, Url, ProductID) VALUES (24, "https://i2.rozetka.ua/goods/2750370/asus_cerberus_gtx1050ti_a4g_images_2750370159.jpg", 7);
INSERT INTO webshop.images (ImageID, Url, ProductID) VALUES (25, "https://i2.rozetka.ua/goods/2750370/asus_cerberus_gtx1050ti_a4g_images_2750370671.jpg", 7);
INSERT INTO webshop.images (ImageID, Url, ProductID) VALUES (26, "https://i2.rozetka.ua/goods/2750371/asus_cerberus_gtx1050ti_a4g_images_2750371711.jpg", 7);
INSERT INTO webshop.images (ImageID, Url, ProductID) VALUES (27, "https://i2.rozetka.ua/goods/2750799/asus_cerberus_gtx1050ti_a4g_images_2750799167.jpg", 7);
INSERT INTO webshop.images (ImageID, Url, ProductID) VALUES (28, "https://i2.rozetka.ua/goods/2750805/asus_cerberus_gtx1050ti_a4g_images_2750805887.jpg", 7);
INSERT INTO webshop.comments (CommentID, Nickname, Rating, Message, Date, ProductID) VALUES (13, "titan-bud", 0, "Подскажите нужен ли мне переходник для этой видеокарты для монитора LG 23MP48HQ-P? Если нужен то какой?", "2018-1-1", 7);
INSERT INTO webshop.comments (CommentID, Nickname, Rating, Message, Date, ProductID) VALUES (14, "Богдан", 0, "Вопрос к Asus. Тут есть остановка куллеров если карта не нагружена? И стоит ли переплачивать, или взять Asus Ecspedision?", "2018-1-4", 7);
INSERT INTO webshop.comments (CommentID, Nickname, Rating, Message, Date, ProductID) VALUES (15, "Богдан Орищин", 0, "Потребляет сколько?!", "2018-1-4", 7);
-- =====================================================================
INSERT INTO webshop.products (ProductID, ProductTypeID, Title, Description, Price) VALUES (8, 6, "Asus PCI-Ex GeForce GTX 1050 Ti Cerberus 4GB GDDR5 (128bit) (1341/7008) (DVI, HDMI, DisplayPort) (CERBERUS-GTX1050TI-O4G)", "Построена для беспрерывного игрового процесса ASUS Cerberus GeForce GTX 1050 Ti — это высокопроизводительная графическая карта, которая спроектирована с повышенной надежностью и игровой производительностью. Asus тестирует карты по максимуму с новейшими играми и проводит обширные испытания надежности и сравнительный анализ с большой нагрузкой в 15 раз дольше, чем обычно. Крепкий и прочный Cerberus GeForce GTX 1050 Ti спроектирован с прочной задней пластиной для защиты чувствительных компонентов на задней стороне платы. Эта прочная задняя панель акцентирована яркими красными линиями — символом роли Цербера в качестве могущественного защитника. Надежный и быстрый Инженеры ASUS интегрировали премиальные компоненты в графическую карту Cerberus GTX 1050 Ti, чтобы повысить общую надежность. Компоненты Super Alloy Power II значительно повышают эффективность, уменьшают потери мощности, в 2 раза снижают шум компонентов при полной нагрузке, при этом снижая температуру на 50% по сравнению с предыдущими видеокартами. Два улучшенных вентилятора Оптимизированные вентиляторы-близнецы, тщательно протестированные инженерами, обеспечивают в 2 раза большую производительность воздушного потока, сочетая улучшенное охлаждение с более приятной игровой и вычислительной средой. Простая настройка производительности Обновленный, с интуитивно понятным, совершенно новым пользовательским интерфейсом, GPU Tweak II делает разгон более простым, чем когда-либо, при этом сохраняя дополнительные возможности для опытных оверклокеров. С помощью одного щелчка новая функция Gaming Booster максимизирует производительность системы, удаляя избыточные процессы и автоматически распределяя все доступные ресурсы. Мгновенные трансляции 14-дневная лицензия XSplit Gamecaster Premium позволяет легко транслировать или записывать геймплей с помощью удобного игрового оверлея. Он также отображает тактовую частоту GPU, температуру и использование VRM, а также имеет элементы управления GPU Tweak II, поэтому позволяет легко выбрать игровой профиль и повысить производительность всего одним щелчком мыши.", 9303);
INSERT INTO webshop.characteristics (CharacteristicID, CharacteristicTypeID, Value, ProductID) VALUES (141, 1, "PCI-Express x16 3.0", 8);
INSERT INTO webshop.characteristics (CharacteristicID, CharacteristicTypeID, Value, ProductID) VALUES (142, 2, "Gaming mode: Базовая частота: 1341 МГц В состоянии разгона: 1455 МГц OC Mode: Базовая: 1366 МГц В состоянии разгона: 1480 МГц", 8);
INSERT INTO webshop.characteristics (CharacteristicID, CharacteristicTypeID, Value, ProductID) VALUES (143, 16, "7680x4320", 8);
INSERT INTO webshop.characteristics (CharacteristicID, CharacteristicTypeID, Value, ProductID) VALUES (144, 17, "Активная", 8);
INSERT INTO webshop.characteristics (CharacteristicID, CharacteristicTypeID, Value, ProductID) VALUES (145, 4, "DVI DisplayPort HDMI", 8);
INSERT INTO webshop.characteristics (CharacteristicID, CharacteristicTypeID, Value, ProductID) VALUES (146, 5, "Нет", 8);
INSERT INTO webshop.characteristics (CharacteristicID, CharacteristicTypeID, Value, ProductID) VALUES (147, 6, "7008 МГц", 8);
INSERT INTO webshop.characteristics (CharacteristicID, CharacteristicTypeID, Value, ProductID) VALUES (148, 7, "203 x 115 x 38 мм", 8);
INSERT INTO webshop.characteristics (CharacteristicID, CharacteristicTypeID, Value, ProductID) VALUES (149, 9, "GeForce GTX 1050 Ti", 8);
INSERT INTO webshop.characteristics (CharacteristicID, CharacteristicTypeID, Value, ProductID) VALUES (150, 19, "GDDR5", 8);
INSERT INTO webshop.characteristics (CharacteristicID, CharacteristicTypeID, Value, ProductID) VALUES (151, 20, "36 месяцев", 8);
INSERT INTO webshop.characteristics (CharacteristicID, CharacteristicTypeID, Value, ProductID) VALUES (152, 21, "1", 8);
INSERT INTO webshop.characteristics (CharacteristicID, CharacteristicTypeID, Value, ProductID) VALUES (153, 22, "Стандартная", 8);
INSERT INTO webshop.characteristics (CharacteristicID, CharacteristicTypeID, Value, ProductID) VALUES (154, 12, "128 бит", 8);
INSERT INTO webshop.characteristics (CharacteristicID, CharacteristicTypeID, Value, ProductID) VALUES (155, 23, "DirectX 12, OpenGL 4.5", 8);
INSERT INTO webshop.characteristics (CharacteristicID, CharacteristicTypeID, Value, ProductID) VALUES (156, 13, "Нет", 8);
INSERT INTO webshop.characteristics (CharacteristicID, CharacteristicTypeID, Value, ProductID) VALUES (157, 14, "Китай", 8);
INSERT INTO webshop.characteristics (CharacteristicID, CharacteristicTypeID, Value, ProductID) VALUES (158, 25, "4 ГБ", 8);
INSERT INTO webshop.characteristics (CharacteristicID, CharacteristicTypeID, Value, ProductID) VALUES (159, 26, "Dual Fan", 8);
INSERT INTO webshop.images (ImageID, Url, ProductID) VALUES (29, "https://i2.rozetka.ua/goods/2750922/copy_asus_cerberus_gtx1050ti_a4g_5a6edcf235b37_images_2750922615.jpg", 8);
INSERT INTO webshop.images (ImageID, Url, ProductID) VALUES (30, "https://i1.rozetka.ua/goods/2750923/copy_asus_cerberus_gtx1050ti_a4g_5a6edcf235b37_images_2750923471.jpg", 8);
INSERT INTO webshop.images (ImageID, Url, ProductID) VALUES (31, "https://i1.rozetka.ua/goods/2750924/copy_asus_cerberus_gtx1050ti_a4g_5a6edcf235b37_images_2750924159.jpg", 8);
INSERT INTO webshop.images (ImageID, Url, ProductID) VALUES (32, "https://i2.rozetka.ua/goods/2750925/copy_asus_cerberus_gtx1050ti_a4g_5a6edcf235b37_images_2750925047.jpg", 8);
INSERT INTO webshop.images (ImageID, Url, ProductID) VALUES (33, "https://i2.rozetka.ua/goods/2750925/copy_asus_cerberus_gtx1050ti_a4g_5a6edcf235b37_images_2750925743.jpg", 8);
INSERT INTO webshop.comments (CommentID, Nickname, Rating, Message, Date, ProductID) VALUES (16, "titan-bud", 0, "Лучше чуть-чуть добавить и взять 1060", "2018-1-1", 8);
INSERT INTO webshop.comments (CommentID, Nickname, Rating, Message, Date, ProductID) VALUES (17, "Ермоленко Юрий", 0, "Скажите - а встанет ли на материнку ASUS p5ql pro даная видеокарта?", "2018-1-2", 8);
INSERT INTO webshop.comments (CommentID, Nickname, Rating, Message, Date, ProductID) VALUES (18, "Хроленко Анатолий", 0, "Объясните, я правильно понимаю, без до питания нельзя разогнать видеокарту?", "2018-1-1", 8);
-- =====================================================================
INSERT INTO webshop.products (ProductID, ProductTypeID, Title, Description, Price) VALUES (9, 6, "Asus PCI-Ex GeForce GTX 1070 Ti Cerberus 8GB GDDR5 (256bit) (1607/8008) (DVI, 2 x HDMI, 2 x DisplayPort) (CERBERUS-GTX1070TI-A8G)", "Идеальная геймерская платформа Мощный графический процессор GeForce GTX 1070 Ti с новой микроархитектурой Pascal, наделяет его потрясающей скоростью, а поддержка самых современных технологий максимально расширяет его функциональность. Производительность Модель GeForce GTX 1070 Ti – это настоящий скачок в производительности и энергоэффективности современных видеокарт. Созданная на базе современнейших компонентов и технологий, таких как транзисторы FinFET и видеопамять GDDR5, она полностью поддерживает интерфейс программирования DirectX 12, используемый в новом поколении видеоигр. Микроархитектура Pascal Графический процессор GeForce GTX 1070 Ti, построенный на базе новейшей архитектуры Pascal, удовлетворяет требованиям дисплеев нового поколения и идеально подходит для VR-гарнитур, мониторов ультравысокого разрешения и мультимониторных конфигураций. Поддерживаемая им технология NVIDIA GameWorks обеспечивает плавный игровой процесс с картинкой кинематографического качества, а также позволяет снимать панорамные 360-градусные скриншоты. Для систем виртуальной реальности Откройте для себя виртуальную реальность нового поколения: технология NVIDIA VRWorks гарантирует высокий уровень производительности и совместимость с лучшими VR-гарнитурами. Качество и надежность. Технология Auto-Extreme. Высокому качеству готового устройства способствует полностью автоматизированный процесс производства (технология Auto-Extreme), который соответствует более строгим экологическим нормам за счет устранения вредных химических веществ и уменьшения энергопотребления на 50%. Разъемы HDMI с поддержкой VR-устройств. Окунись в другую реальность. Видеокарты Asus Cerberus обладают двумя разъемами HDMI, что позволяет одновременно подключить и дисплей, и систему виртуальной реальности.", 1431);
INSERT INTO webshop.characteristics (CharacteristicID, CharacteristicTypeID, Value, ProductID) VALUES (160, 1, "PCI-Express x16 3.0", 9);
INSERT INTO webshop.characteristics (CharacteristicID, CharacteristicTypeID, Value, ProductID) VALUES (161, 2, "Gaming Mode: 1607 МГц; Boost: 1683 МГц OC Mode: 1670 МГц; Boost: 1746 МГц", 9);
INSERT INTO webshop.characteristics (CharacteristicID, CharacteristicTypeID, Value, ProductID) VALUES (162, 16, "7680x4320", 9);
INSERT INTO webshop.characteristics (CharacteristicID, CharacteristicTypeID, Value, ProductID) VALUES (163, 17, "Активная", 9);
INSERT INTO webshop.characteristics (CharacteristicID, CharacteristicTypeID, Value, ProductID) VALUES (164, 3, "8 pin", 9);
INSERT INTO webshop.characteristics (CharacteristicID, CharacteristicTypeID, Value, ProductID) VALUES (165, 4, "DVI DisplayPort HDMI", 9);
INSERT INTO webshop.characteristics (CharacteristicID, CharacteristicTypeID, Value, ProductID) VALUES (166, 5, "Есть", 9);
INSERT INTO webshop.characteristics (CharacteristicID, CharacteristicTypeID, Value, ProductID) VALUES (167, 6, "8008 МГц", 9);
INSERT INTO webshop.characteristics (CharacteristicID, CharacteristicTypeID, Value, ProductID) VALUES (168, 7, "270 x 120.8 x 51 мм", 9);
INSERT INTO webshop.characteristics (CharacteristicID, CharacteristicTypeID, Value, ProductID) VALUES (169, 9, "GeForce GTX 1070 Ti", 9);
INSERT INTO webshop.characteristics (CharacteristicID, CharacteristicTypeID, Value, ProductID) VALUES (170, 19, "GDDR5", 9);
INSERT INTO webshop.characteristics (CharacteristicID, CharacteristicTypeID, Value, ProductID) VALUES (171, 20, "36 месяцев", 9);
INSERT INTO webshop.characteristics (CharacteristicID, CharacteristicTypeID, Value, ProductID) VALUES (172, 21, "1", 9);
INSERT INTO webshop.characteristics (CharacteristicID, CharacteristicTypeID, Value, ProductID) VALUES (173, 22, "Стандартная", 9);
INSERT INTO webshop.characteristics (CharacteristicID, CharacteristicTypeID, Value, ProductID) VALUES (174, 12, "256 бит", 9);
INSERT INTO webshop.characteristics (CharacteristicID, CharacteristicTypeID, Value, ProductID) VALUES (175, 23, "DirectX 12, OpenGL 4.5", 9);
INSERT INTO webshop.characteristics (CharacteristicID, CharacteristicTypeID, Value, ProductID) VALUES (176, 13, "Нет", 9);
INSERT INTO webshop.characteristics (CharacteristicID, CharacteristicTypeID, Value, ProductID) VALUES (177, 25, "8 ГБ", 9);
INSERT INTO webshop.images (ImageID, Url, ProductID) VALUES (34, "https://i2.rozetka.ua/goods/2428872/asus_cerberus_gtx1070ti_a8g_gaming_images_2428872985.jpg", 9);
INSERT INTO webshop.images (ImageID, Url, ProductID) VALUES (35, "https://i1.rozetka.ua/goods/2428872/asus_cerberus_gtx1070ti_a8g_gaming_images_2428872201.jpg", 9);
INSERT INTO webshop.images (ImageID, Url, ProductID) VALUES (36, "https://i2.rozetka.ua/goods/2428871/asus_cerberus_gtx1070ti_a8g_gaming_images_2428871865.jpg", 9);
INSERT INTO webshop.images (ImageID, Url, ProductID) VALUES (37, "https://i1.rozetka.ua/goods/2428872/asus_cerberus_gtx1070ti_a8g_gaming_images_2428872609.jpg", 9);
INSERT INTO webshop.comments (CommentID, Nickname, Rating, Message, Date, ProductID) VALUES (19, "Vlad2116", 0, "Здравствуйте посоветуйте пожалуйста, нормальная сборка? Что от нее ждать? И может чтото посоветуйте)", "2018-1-6", 9);
INSERT INTO webshop.comments (CommentID, Nickname, Rating, Message, Date, ProductID) VALUES (20, "Игорь", 0, "Здравствуйте...пойдет ли данная карта на железе? Или нужно менять все?)) Железо: ПРОЦЕССОР - Intel Core i7-3770K... МАТЬ - Gigabyte GA-Z77X-D3H... ПАМЯТЬ - Kingston DDR3-1866 16384MB PC3-14900 (Kit of 4x8192) HyperX FURY БЛОК ПИТАНИЯ - Chieftec APS-800C 800W Спасибо за ответ!)", "2018-1-5", 9);
INSERT INTO webshop.comments (CommentID, Nickname, Rating, Message, Date, ProductID) VALUES (21, "Сергей Уздяев", 0, "Здравствуйте! Какой диаметр вентиляторов?", "2018-1-4", 9);
-- =====================================================================
INSERT INTO webshop.products (ProductID, ProductTypeID, Title, Description, Price) VALUES (10, 6, "Asus PCI-Ex GeForce GTX 1050 Dual V2 2GB GDDR5 (128bit) (1354/7008) (DVI, HDMI, DisplayPort) (DUAL-GTX1050-2G-V2)", "Серия ASUS Dual GeForce GTX 1050 оснащена двумя вентиляторами, что позволило увеличить воздушный поток в 2 раза. Эксклюзивная технология Auto-Extreme с компонентами Super Alloy Power II обеспечивает превосходную стабильность. GPU Tweak II с XSplit Gamecaster, обеспечивают интуитивную настройку производительности и потоковую передачу в реальном времени. Они обеспечивают лучший опыт в таких играх, как Overwatch, Dota 2, CS Go и League of Legend. Охлаждение в 2 раза сильнее с двойным воздушным потоком Двойные оптимизированные вентиляторы, тщательно отобранные инженерами, обеспечивают в 2 раза большую производительность воздушного потока, сочетая улучшенное охлаждение с более приятной игровой и вычислительной средой. Технология Auto-Extreme с Super Alloy Power II Превосходное качество и лучшая надежность Видеокарты ASUS производятся с использованием технологии Auto-Extreme, первого в отрасли 100% -ного автоматизированного производственного процесса, а также обладают превосходными компонентами Super Alloy Power II, которые повышают эффективность, уменьшают потери мощности, уменьшают жужжание компонентов под нагрузкой и более низкие тепловые температуры для непревзойденного качества и надежности. GPU Tweak II с XSplit Gamecaster Обновленный с интуитивно понятным, совершенно новым пользовательским интерфейсом, GPU Tweak II делает разгон более простым и более визуальным, чем когда-либо, при этом сохраняя дополнительные возможности для опытных оверклокеров. С помощью одного щелчка новая функция Gaming Booster максимизирует производительность графики, удаляя избыточные процессы и автоматически распределяя все доступные ресурсы. XSplit Gamecaster позволяет вам легко транслировать или записывать ваш игровой процесс прямо из удобного игрового наложения.", 9113);
INSERT INTO webshop.characteristics (CharacteristicID, CharacteristicTypeID, Value, ProductID) VALUES (178, 1, "PCI-Express x16 3.0", 10);
INSERT INTO webshop.characteristics (CharacteristicID, CharacteristicTypeID, Value, ProductID) VALUES (179, 2, "Базовая частота: 1354 МГц В режиме разгона: 1455 МГц", 10);
INSERT INTO webshop.characteristics (CharacteristicID, CharacteristicTypeID, Value, ProductID) VALUES (180, 16, "7680x4320", 10);
INSERT INTO webshop.characteristics (CharacteristicID, CharacteristicTypeID, Value, ProductID) VALUES (181, 17, "Активная", 10);
INSERT INTO webshop.characteristics (CharacteristicID, CharacteristicTypeID, Value, ProductID) VALUES (182, 3, "Нет", 10);
INSERT INTO webshop.characteristics (CharacteristicID, CharacteristicTypeID, Value, ProductID) VALUES (183, 4, "DVI DisplayPort HDMI", 10);
INSERT INTO webshop.characteristics (CharacteristicID, CharacteristicTypeID, Value, ProductID) VALUES (184, 5, "Нет", 10);
INSERT INTO webshop.characteristics (CharacteristicID, CharacteristicTypeID, Value, ProductID) VALUES (185, 6, "7008 МГц", 10);
INSERT INTO webshop.characteristics (CharacteristicID, CharacteristicTypeID, Value, ProductID) VALUES (186, 7, "203 x 115 x 38 мм", 10);
INSERT INTO webshop.characteristics (CharacteristicID, CharacteristicTypeID, Value, ProductID) VALUES (187, 8, "300 Вт", 10);
INSERT INTO webshop.characteristics (CharacteristicID, CharacteristicTypeID, Value, ProductID) VALUES (188, 9, "GeForce GTX 1050", 10);
INSERT INTO webshop.characteristics (CharacteristicID, CharacteristicTypeID, Value, ProductID) VALUES (189, 19, "GDDR5", 10);
INSERT INTO webshop.characteristics (CharacteristicID, CharacteristicTypeID, Value, ProductID) VALUES (190, 20, "36 месяцев", 10);
INSERT INTO webshop.characteristics (CharacteristicID, CharacteristicTypeID, Value, ProductID) VALUES (191, 21, "1", 10);
INSERT INTO webshop.characteristics (CharacteristicID, CharacteristicTypeID, Value, ProductID) VALUES (192, 22, "Стандартная", 10);
INSERT INTO webshop.characteristics (CharacteristicID, CharacteristicTypeID, Value, ProductID) VALUES (193, 12, "128 бит", 10);
INSERT INTO webshop.characteristics (CharacteristicID, CharacteristicTypeID, Value, ProductID) VALUES (194, 13, "Нет", 10);
INSERT INTO webshop.characteristics (CharacteristicID, CharacteristicTypeID, Value, ProductID) VALUES (195, 25, "2 ГБ", 10);
INSERT INTO webshop.characteristics (CharacteristicID, CharacteristicTypeID, Value, ProductID) VALUES (196, 26, "Dual Fan", 10);
INSERT INTO webshop.images (ImageID, Url, ProductID) VALUES (38, "https://i2.rozetka.ua/goods/2296494/asus_dual_gtx1050_2g_v2_images_2296494145.jpg", 10);
INSERT INTO webshop.images (ImageID, Url, ProductID) VALUES (39, "https://i2.rozetka.ua/goods/2296494/asus_dual_gtx1050_2g_v2_images_2296494249.jpg", 10);
INSERT INTO webshop.images (ImageID, Url, ProductID) VALUES (40, "https://i2.rozetka.ua/goods/2296494/asus_dual_gtx1050_2g_v2_images_2296494353.jpg", 10);
INSERT INTO webshop.images (ImageID, Url, ProductID) VALUES (41, "https://i2.rozetka.ua/goods/2296494/asus_dual_gtx1050_2g_v2_images_2296494457.jpg", 10);
INSERT INTO webshop.images (ImageID, Url, ProductID) VALUES (42, "https://i2.rozetka.ua/goods/2296494/asus_dual_gtx1050_2g_v2_images_2296494561.jpg", 10);
INSERT INTO webshop.images (ImageID, Url, ProductID) VALUES (43, "https://i1.rozetka.ua/goods/2296494/asus_dual_gtx1050_2g_v2_images_2296494665.jpg", 10);
INSERT INTO webshop.images (ImageID, Url, ProductID) VALUES (44, "https://i2.rozetka.ua/goods/2296494/asus_dual_gtx1050_2g_v2_images_2296494769.jpg", 10);
INSERT INTO webshop.comments (CommentID, Nickname, Rating, Message, Date, ProductID) VALUES (22, "Сашко", 0, "Подскажите, чем отличается DUAL-GTX1050-2G-V2 от DUAL-GTX1050-2G? Сравниваю спецификации на сайте асуса, вижу только разницу в размерах (V2 на 9мм короче). Есть ли другие отличия, кроме размера?", "2018-1-1", 10);
INSERT INTO webshop.comments (CommentID, Nickname, Rating, Message, Date, ProductID) VALUES (23, "Clash Tube", 5, "Подойдет ли для матери MSI H110M gaming?", "2018-1-6", 10);
INSERT INTO webshop.comments (CommentID, Nickname, Rating, Message, Date, ProductID) VALUES (24, "Гость", 0, "В простое вентиляторы останавливаются?", "2017-11-1", 10);
-- =====================================================================
INSERT INTO webshop.products (ProductID, ProductTypeID, Title, Description, Price) VALUES (11, 6, "Asus PCI-Ex GeForce GTX 1050 Dual OC V2 2GB GDDR5 (128bit) (1404/7008) (DVI, HDMI, DisplayPort) (DUAL-GTX1050-O2G-V2)", "Серия ASUS Dual GeForce GTX 1050 оснащена двумя вентиляторами, что позволило увеличить воздушный поток в 2 раза. Эксклюзивная технология Auto-Extreme с компонентами Super Alloy Power II обеспечивает превосходную стабильность. GPU Tweak II с XSplit Gamecaster, обеспечивают интуитивную настройку производительности и потоковую передачу в реальном времени. Они обеспечивают лучший опыт в таких играх, как Overwatch, Dota 2, CS Go и League of Legend. Охлаждение в 2 раза сильнее с двойным воздушным потоком Двойные оптимизированные вентиляторы, тщательно отобранные инженерами, обеспечивают в 2 раза большую производительность воздушного потока, сочетая улучшенное охлаждение с более приятной игровой и вычислительной средой. Технология Auto-Extreme с Super Alloy Power II Превосходное качество и лучшая надежность Видеокарты ASUS производятся с использованием технологии Auto-Extreme, первого в отрасли 100% -ного автоматизированного производственного процесса, а также обладают превосходными компонентами Super Alloy Power II, которые повышают эффективность, уменьшают потери мощности, уменьшают жужжание компонентов под нагрузкой и более низкие тепловые температуры для непревзойденного качества и надежности. GPU Tweak II с XSplit Gamecaster Обновленный с интуитивно понятным, совершенно новым пользовательским интерфейсом, GPU Tweak II делает разгон более простым и более визуальным, чем когда-либо, при этом сохраняя дополнительные возможности для опытных оверклокеров. С помощью одного щелчка новая функция Gaming Booster максимизирует производительность графики, удаляя избыточные процессы и автоматически распределяя все доступные ресурсы. XSplit Gamecaster позволяет вам легко транслировать или записывать ваш игровой процесс прямо из удобного игрового наложения.", 18362);
INSERT INTO webshop.characteristics (CharacteristicID, CharacteristicTypeID, Value, ProductID) VALUES (197, 1, "PCI-Express x16 3.0", 11);
INSERT INTO webshop.characteristics (CharacteristicID, CharacteristicTypeID, Value, ProductID) VALUES (198, 2, "В режиме разгона: 1518МГц Базовая частота: 1404 МГц", 11);
INSERT INTO webshop.characteristics (CharacteristicID, CharacteristicTypeID, Value, ProductID) VALUES (199, 16, "7680x4320", 11);
INSERT INTO webshop.characteristics (CharacteristicID, CharacteristicTypeID, Value, ProductID) VALUES (200, 17, "Активная", 11);
INSERT INTO webshop.characteristics (CharacteristicID, CharacteristicTypeID, Value, ProductID) VALUES (201, 3, "Нет", 11);
INSERT INTO webshop.characteristics (CharacteristicID, CharacteristicTypeID, Value, ProductID) VALUES (202, 4, "DVI DisplayPort HDMI", 11);
INSERT INTO webshop.characteristics (CharacteristicID, CharacteristicTypeID, Value, ProductID) VALUES (203, 5, "Нет", 11);
INSERT INTO webshop.characteristics (CharacteristicID, CharacteristicTypeID, Value, ProductID) VALUES (204, 6, "7008 МГц", 11);
INSERT INTO webshop.characteristics (CharacteristicID, CharacteristicTypeID, Value, ProductID) VALUES (205, 7, "203 x 115 x 38 мм", 11);
INSERT INTO webshop.characteristics (CharacteristicID, CharacteristicTypeID, Value, ProductID) VALUES (206, 8, "300 Вт", 11);
INSERT INTO webshop.characteristics (CharacteristicID, CharacteristicTypeID, Value, ProductID) VALUES (207, 9, "GeForce GTX 1050", 11);
INSERT INTO webshop.characteristics (CharacteristicID, CharacteristicTypeID, Value, ProductID) VALUES (208, 19, "GDDR5", 11);
INSERT INTO webshop.characteristics (CharacteristicID, CharacteristicTypeID, Value, ProductID) VALUES (209, 20, "36 месяцев", 11);
INSERT INTO webshop.characteristics (CharacteristicID, CharacteristicTypeID, Value, ProductID) VALUES (210, 21, "1", 11);
INSERT INTO webshop.characteristics (CharacteristicID, CharacteristicTypeID, Value, ProductID) VALUES (211, 22, "Стандартная", 11);
INSERT INTO webshop.characteristics (CharacteristicID, CharacteristicTypeID, Value, ProductID) VALUES (212, 12, "128 бит", 11);
INSERT INTO webshop.characteristics (CharacteristicID, CharacteristicTypeID, Value, ProductID) VALUES (213, 13, "Нет", 11);
INSERT INTO webshop.characteristics (CharacteristicID, CharacteristicTypeID, Value, ProductID) VALUES (214, 25, "2 ГБ", 11);
INSERT INTO webshop.characteristics (CharacteristicID, CharacteristicTypeID, Value, ProductID) VALUES (215, 26, "Dual Fan", 11);
INSERT INTO webshop.images (ImageID, Url, ProductID) VALUES (45, "https://i2.rozetka.ua/goods/2296507/copy_asus_dual_gtx1050_2g_v2_59f315c54e8cd_images_2296507121.jpg", 11);
INSERT INTO webshop.images (ImageID, Url, ProductID) VALUES (46, "https://i2.rozetka.ua/goods/2296507/copy_asus_dual_gtx1050_2g_v2_59f315c54e8cd_images_2296507241.jpg", 11);
INSERT INTO webshop.images (ImageID, Url, ProductID) VALUES (47, "https://i1.rozetka.ua/goods/2296507/copy_asus_dual_gtx1050_2g_v2_59f315c54e8cd_images_2296507353.jpg", 11);
INSERT INTO webshop.images (ImageID, Url, ProductID) VALUES (48, "https://i1.rozetka.ua/goods/2296507/copy_asus_dual_gtx1050_2g_v2_59f315c54e8cd_images_2296507457.jpg", 11);
INSERT INTO webshop.images (ImageID, Url, ProductID) VALUES (49, "https://i1.rozetka.ua/goods/2296507/copy_asus_dual_gtx1050_2g_v2_59f315c54e8cd_images_2296507561.jpg", 11);
INSERT INTO webshop.images (ImageID, Url, ProductID) VALUES (50, "https://i2.rozetka.ua/goods/2296600/asus_dual_gtx1050_o2g_v2_images_2296600801.jpg", 11);
INSERT INTO webshop.images (ImageID, Url, ProductID) VALUES (51, "https://i1.rozetka.ua/goods/2296600/asus_dual_gtx1050_o2g_v2_images_2296600481.jpg", 11);
-- =====================================================================
INSERT INTO webshop.products (ProductID, ProductTypeID, Title, Description, Price) VALUES (12, 6, "Asus PCI-Ex Radeon RX 580 Dual 4GB GDDR5 (256bit) (1340/7000) (DVI, 2 x HDMI, 2 x DisplayPort) (DUAL-RX580-4G)", "Asus PCI-Ex Radeon RX 580 Dual — геймерская видеокарта на базе графического процессора Radeon RX 580 с 4 ГБ видеопамяти GDDR5. Высокоэффективная система охлаждения Пыленепроницаемые вентиляторы (сертификация IP5X) Премиальные компоненты Super Alloy Power II и автоматизированная технология производства Auto-Extreme HDMI-порты, совместимые с системами виртуальной реальности Разгонная утилита GPU Tweak II с модулем онлайн-трансляций XSplit Gamecaster Идеальное соотношение цена/производительность ASUS Dual RX 580 – это геймерская карта с эффективным охлаждением, обладающая двумя пыленепроницаемыми вентиляторами с оптимизированной формой крыльчатки. При ее изготовлении применяются высококачественные компоненты, а в комплект ее поставки включена эксклюзивная разгонная утилита GPU Tweak II с модулем онлайн-трансляций XSplit Gamecaster. Бесшумный режим работы При малом и среднем уровне нагрузки, когда температура графического процессора остается ниже 55°, кулер будет охлаждать видеокарту в пассивном режиме, то есть при нулевом уровне шума от вентиляторов. Сертификация IP5X Вентиляторы, используемые на видеокартах серии ASUS Dual RX 580, являются пыленепроницаемыми, соответствуя требованиям стандарта IP5X. Это означает их долговечность, что в свою очередь увеличивает срок службы всего устройства. Оптимизированные вентиляторы Высококачественные вентиляторы с оптимизированной геометрией крыльчатки, входящие в состав системы охлаждения данной видеокарты, усиливают воздушный поток и увеличивают статическое давление по сравнению с кулером референсной модели. При этом они производят в три раза меньше шума. Технологии Auto-Extreme и Super Alloy Power II В современных видеокартах ASUS применяются отборные компоненты (технология Super Alloy Power II), которые обладают непревзойденной энергоэффективностью, пониженной рабочей температурой и улучшенными характеристиками. Высокому качеству готового устройства также способствует полностью автоматизированный процесс производства (технология Auto-Extreme). Разъемы HDMI с поддержкой VR-устройств Видеокарта ASUS Dual RX 580 наделена двумя разъемами HDMI, что позволяет одновременно подключить и стандартный монитор, и систему виртуальной реальности. GPU Tweak II: для гибкой настройки видеокарты В комплект поставки современных видеокарт ASUS входит эксклюзивная утилита GPU Tweak, с помощью которой можно получить полный контроль над графической подсистемой компьютера: изменять частоты и напряжения, настраивать работу вентиляторов, обновлять BIOS и драйверы, следить за состоянием видеокарты и т.д. Утилита предлагает два режима: упрощенный для начинающих пользователей и продвинутый для опытных оверклокеров. Утилита XSplit Gamecaster В комплект поставки видеокарты входит утилита XSplit Gamecaster, предназначенная для записи и трансляции процесса игры в режиме реального времени.", 17332);
INSERT INTO webshop.characteristics (CharacteristicID, CharacteristicTypeID, Value, ProductID) VALUES (216, 1, "PCI-Express x16 3.0", 12);
INSERT INTO webshop.characteristics (CharacteristicID, CharacteristicTypeID, Value, ProductID) VALUES (217, 2, "OC Mode: 1360 МГц Gaming Mode: 1340 МГц", 12);
INSERT INTO webshop.characteristics (CharacteristicID, CharacteristicTypeID, Value, ProductID) VALUES (218, 16, "7680x4320", 12);
INSERT INTO webshop.characteristics (CharacteristicID, CharacteristicTypeID, Value, ProductID) VALUES (219, 17, "Активная", 12);
INSERT INTO webshop.characteristics (CharacteristicID, CharacteristicTypeID, Value, ProductID) VALUES (220, 3, "8 pin", 12);
INSERT INTO webshop.characteristics (CharacteristicID, CharacteristicTypeID, Value, ProductID) VALUES (221, 4, "DVI DisplayPort HDMI", 12);
INSERT INTO webshop.characteristics (CharacteristicID, CharacteristicTypeID, Value, ProductID) VALUES (222, 5, "Нет", 12);
INSERT INTO webshop.characteristics (CharacteristicID, CharacteristicTypeID, Value, ProductID) VALUES (223, 6, "7000 МГц", 12);
INSERT INTO webshop.characteristics (CharacteristicID, CharacteristicTypeID, Value, ProductID) VALUES (224, 7, "242 x 128.9 x 38 мм", 12);
INSERT INTO webshop.characteristics (CharacteristicID, CharacteristicTypeID, Value, ProductID) VALUES (225, 9, "RX 580", 12);
INSERT INTO webshop.characteristics (CharacteristicID, CharacteristicTypeID, Value, ProductID) VALUES (226, 19, "GDDR5", 12);
INSERT INTO webshop.characteristics (CharacteristicID, CharacteristicTypeID, Value, ProductID) VALUES (227, 20, "36 месяцев", 12);
INSERT INTO webshop.characteristics (CharacteristicID, CharacteristicTypeID, Value, ProductID) VALUES (228, 21, "1", 12);
INSERT INTO webshop.characteristics (CharacteristicID, CharacteristicTypeID, Value, ProductID) VALUES (229, 22, "Стандартная", 12);
INSERT INTO webshop.characteristics (CharacteristicID, CharacteristicTypeID, Value, ProductID) VALUES (230, 23, "DirectX 12, OpenGL 4.5", 12);
INSERT INTO webshop.characteristics (CharacteristicID, CharacteristicTypeID, Value, ProductID) VALUES (231, 13, "Есть", 12);
INSERT INTO webshop.characteristics (CharacteristicID, CharacteristicTypeID, Value, ProductID) VALUES (232, 25, "4 ГБ", 12);
INSERT INTO webshop.characteristics (CharacteristicID, CharacteristicTypeID, Value, ProductID) VALUES (233, 26, "Кулер (радиатор + 2 х вентилятора)", 12);
INSERT INTO webshop.images (ImageID, Url, ProductID) VALUES (52, "https://i1.rozetka.ua/goods/2368428/copy_asus_dual_rx580_o4g_5a1d7f23e081d_images_2368428577.jpg", 12);
INSERT INTO webshop.images (ImageID, Url, ProductID) VALUES (53, "https://i1.rozetka.ua/goods/2368429/copy_asus_dual_rx580_o4g_5a1d7f23e081d_images_2368429057.jpg", 12);
INSERT INTO webshop.images (ImageID, Url, ProductID) VALUES (54, "https://i2.rozetka.ua/goods/2368429/copy_asus_dual_rx580_o4g_5a1d7f23e081d_images_2368429705.jpg", 12);
INSERT INTO webshop.images (ImageID, Url, ProductID) VALUES (55, "https://i1.rozetka.ua/goods/2368430/copy_asus_dual_rx580_o4g_5a1d7f23e081d_images_2368430321.jpg", 12);
INSERT INTO webshop.images (ImageID, Url, ProductID) VALUES (56, "https://i2.rozetka.ua/goods/2368431/copy_asus_dual_rx580_o4g_5a1d7f23e081d_images_2368431025.jpg", 12);
INSERT INTO webshop.comments (CommentID, Nickname, Rating, Message, Date, ProductID) VALUES (25, "Гость", 4, "Покупал в январе 4 данных карты, на днях на одной накрылся кулер. Система охлаждения на них, мягко говоря, никакая. В комплекте с картой идет диск с драйверами, сразу возник такой вопрос :” Куда мне его вставлять? ”. За такие деньги могли бы положить флешку. С играми справляется отлично,... Еще тянет всё,но если есть выбор между другими видеокартами данного модельного ряда, то советую эту видеокарту рассматривать как запасной вариант Достоинства: Хороший дизайн, высокая производительность Недостатки: Плохая система охлаждения", "2018-1-4", 12);
INSERT INTO webshop.comments (CommentID, Nickname, Rating, Message, Date, ProductID) VALUES (26, "Гость", 0, "Сколько потребляет данная видеокарта?", "2018-0-6", 12);
INSERT INTO webshop.comments (CommentID, Nickname, Rating, Message, Date, ProductID) VALUES (27, "Юрий", 0, "1. Не знаю, почему новинка, покупал такую еще весной. Прилежно трудится на сколько может. 2. Память попалась Elpida - тихий ужос. Рзгон не держит. Естественно, тайминги прошиты. Пашет чуток лучше чем асусовская 470 с Hynix-ом. На ETH - 25 весной, сейчас 20-22 Mh/s На Монере не плохо... Еще конкурирует даже с зелеными данного ценового диапазона, но там прибыльность маленькая-для инвесторов. 3. Проблемы с драйверами после каждого обновления, то то не доступно в АБ, то то глючавит, после перезагрузки могут сброситься настройки. Дрова для крипты прироста мощи не дают. 4.Проблемы дрова-железо: если управление вентиляторами в автомате, могут выключиться и не включиться вовсе, это при том, что датчики адекватно отображают и темпик и обороты вентиляторов. Скорость ужасно падала, хоть так инжИнеры выкрутились. Два раза летом чуток не спалил! Брееед. Не доволен. Топовая, дорогая балалайка не порадовала....но уже окупилась, так, что .... Достоинства: Система охлождения работает не плохо. Даже в пассивном режиме. Недостатки: 8пин питание, размер, проблемы с драйверами, плохие чипы памяти", "2017-11-6", 12);
-- =====================================================================
INSERT INTO webshop.products (ProductID, ProductTypeID, Title, Description, Price) VALUES (13, 6, "Asus PCI-Ex Radeon RX 580 Dual OC 4GB GDDR5 (256bit) (1380/7000) (DVI, 2 x HDMI, 2 x DisplayPort) (DUAL-RX580-O4G)", "Asus PCI-Ex Radeon RX 580 Dual OC — геймерская видеокарта с фабричным разгоном и 4 ГБ видеопамяти GDDR5. Частота графического процессора увеличена до 1380 МГц для более высокой производительности Высокоэффективная система охлаждения Пыленепроницаемые вентиляторы (сертификация IP5X) Премиальные компоненты Super Alloy Power II и автоматизированная технология производства Auto-Extreme HDMI-порты, совместимые с системами виртуальной реальности Разгонная утилита GPU Tweak II с модулем онлайн-трансляций XSplit Gamecaster Идеальное соотношение цена/производительность ASUS Dual RX 580 – это геймерская карта с эффективным охлаждением, обладающая двумя пыленепроницаемыми вентиляторами с оптимизированной формой крыльчатки. При ее изготовлении применяются высококачественные компоненты, а в комплект ее поставки включена эксклюзивная разгонная утилита GPU Tweak II с модулем онлайн-трансляций XSplit Gamecaster. Бесшумный режим работы При малом и среднем уровне нагрузки, когда температура графического процессора остается ниже 55°, кулер будет охлаждать видеокарту в пассивном режиме, то есть при нулевом уровне шума от вентиляторов. Сертификация IP5X Вентиляторы, используемые на видеокартах серии ASUS Dual RX 580, являются пыленепроницаемыми, соответствуя требованиям стандарта IP5X. Это означает их долговечность, что в свою очередь увеличивает срок службы всего устройства. Оптимизированные вентиляторы Высококачественные вентиляторы с оптимизированной геометрией крыльчатки, входящие в состав системы охлаждения данной видеокарты, усиливают воздушный поток и увеличивают статическое давление по сравнению с кулером референсной модели. При этом они производят в три раза меньше шума. Технологии Auto-Extreme и Super Alloy Power II В современных видеокартах ASUS применяются отборные компоненты (технология Super Alloy Power II), которые обладают непревзойденной энергоэффективностью, пониженной рабочей температурой и улучшенными характеристиками. Высокому качеству готового устройства также способствует полностью автоматизированный процесс производства (технология Auto-Extreme). Разъемы HDMI с поддержкой VR-устройств Видеокарта ASUS Dual RX 580 наделена двумя разъемами HDMI, что позволяет одновременно подключить и стандартный монитор, и систему виртуальной реальности. GPU Tweak II: для гибкой настройки видеокарты В комплект поставки современных видеокарт ASUS входит эксклюзивная утилита GPU Tweak, с помощью которой можно получить полный контроль над графической подсистемой компьютера: изменять частоты и напряжения, настраивать работу вентиляторов, обновлять BIOS и драйверы, следить за состоянием видеокарты и т.д. Утилита предлагает два режима: упрощенный для начинающих пользователей и продвинутый для опытных оверклокеров. Утилита XSplit Gamecaster В комплект поставки видеокарты входит утилита XSplit Gamecaster, предназначенная для записи и трансляции процесса игры в режиме реального времени.", 16862);
INSERT INTO webshop.characteristics (CharacteristicID, CharacteristicTypeID, Value, ProductID) VALUES (234, 1, "PCI-Express x16 3.0", 13);
INSERT INTO webshop.characteristics (CharacteristicID, CharacteristicTypeID, Value, ProductID) VALUES (235, 2, "OC Mode: 1380 МГц Gaming Mode: 1360 МГц", 13);
INSERT INTO webshop.characteristics (CharacteristicID, CharacteristicTypeID, Value, ProductID) VALUES (236, 17, "Активная", 13);
INSERT INTO webshop.characteristics (CharacteristicID, CharacteristicTypeID, Value, ProductID) VALUES (237, 3, "8 pin", 13);
INSERT INTO webshop.characteristics (CharacteristicID, CharacteristicTypeID, Value, ProductID) VALUES (238, 4, "DVI DisplayPort HDMI", 13);
INSERT INTO webshop.characteristics (CharacteristicID, CharacteristicTypeID, Value, ProductID) VALUES (239, 5, "Нет", 13);
INSERT INTO webshop.characteristics (CharacteristicID, CharacteristicTypeID, Value, ProductID) VALUES (240, 6, "7000 МГц", 13);
INSERT INTO webshop.characteristics (CharacteristicID, CharacteristicTypeID, Value, ProductID) VALUES (241, 7, "242 x 128.9 x 38 мм", 13);
INSERT INTO webshop.characteristics (CharacteristicID, CharacteristicTypeID, Value, ProductID) VALUES (242, 9, "RX 580", 13);
INSERT INTO webshop.characteristics (CharacteristicID, CharacteristicTypeID, Value, ProductID) VALUES (243, 19, "GDDR5", 13);
INSERT INTO webshop.characteristics (CharacteristicID, CharacteristicTypeID, Value, ProductID) VALUES (244, 20, "36 месяцев", 13);
INSERT INTO webshop.characteristics (CharacteristicID, CharacteristicTypeID, Value, ProductID) VALUES (245, 21, "1", 13);
INSERT INTO webshop.characteristics (CharacteristicID, CharacteristicTypeID, Value, ProductID) VALUES (246, 22, "Стандартная", 13);
INSERT INTO webshop.characteristics (CharacteristicID, CharacteristicTypeID, Value, ProductID) VALUES (247, 23, "DirectX 12, OpenGL 4.5", 13);
INSERT INTO webshop.characteristics (CharacteristicID, CharacteristicTypeID, Value, ProductID) VALUES (248, 13, "Есть", 13);
INSERT INTO webshop.characteristics (CharacteristicID, CharacteristicTypeID, Value, ProductID) VALUES (249, 25, "4 ГБ", 13);
INSERT INTO webshop.characteristics (CharacteristicID, CharacteristicTypeID, Value, ProductID) VALUES (250, 26, "Кулер (радиатор + 2 х вентилятора)", 13);
INSERT INTO webshop.images (ImageID, Url, ProductID) VALUES (57, "https://i2.rozetka.ua/goods/2008562/asus_dual_rx580_o4g_images_2008562692.jpg", 13);
INSERT INTO webshop.images (ImageID, Url, ProductID) VALUES (58, "https://i2.rozetka.ua/goods/2008563/asus_dual_rx580_o4g_images_2008563063.jpg", 13);
INSERT INTO webshop.images (ImageID, Url, ProductID) VALUES (59, "https://i1.rozetka.ua/goods/2008562/asus_dual_rx580_o4g_images_2008562307.jpg", 13);
INSERT INTO webshop.images (ImageID, Url, ProductID) VALUES (60, "https://i1.rozetka.ua/goods/2008562/asus_dual_rx580_o4g_images_2008562062.jpg", 13);
INSERT INTO webshop.images (ImageID, Url, ProductID) VALUES (61, "https://i2.rozetka.ua/goods/2008561/asus_dual_rx580_o4g_images_2008561915.jpg", 13);
INSERT INTO webshop.comments (CommentID, Nickname, Rating, Message, Date, ProductID) VALUES (28, "dmitriy.a.tkachenko", 0, "Подскажите какой мощности БП (Chieftec) достаточно будет для этой карты? Спасибо!", "2018-1-3", 13);
INSERT INTO webshop.comments (CommentID, Nickname, Rating, Message, Date, ProductID) VALUES (29, "nands444", 5, "75 це робоча температура радіонів.", "2017-11-3", 13);
INSERT INTO webshop.comments (CommentID, Nickname, Rating, Message, Date, ProductID) VALUES (30, "Евгений", 0, "на фоне 1060 6Gb OC Expedition мало того, что дороже, чуть слабее так еще и греется! 69-70 градусов при не особо большой нагрузке - это много, 74 - уже очень много вентиляторы постоянно крутятся на 60-70% планирую вернуть и не рекомендую Достоинства: работает Недостатки: греется ужасно", "2017-8-3", 13);
-- =====================================================================
INSERT INTO webshop.products (ProductID, ProductTypeID, Title, Description, Price) VALUES (14, 6, "Asus PCI-Ex Radeon RX 580 Dual OC 8GB GDDR5 (256bit) (1380/8000) (DVI, 2 x HDMI, 2 x DisplayPort) (DUAL-RX580-O8G)", "Asus PCI-Ex Radeon RX 580 Dual OC — геймерская видеокарта с фабричным разгоном и 8 ГБ видеопамяти GDDR5. Частота графического процессора увеличена до 1380 МГц для более высокой производительности Высокоэффективная система охлаждения Пыленепроницаемые вентиляторы (сертификация IP5X) Премиальные компоненты Super Alloy Power II и автоматизированная технология производства Auto-Extreme HDMI-порты, совместимые с системами виртуальной реальности Разгонная утилита GPU Tweak II с модулем онлайн-трансляций XSplit Gamecaster Идеальное соотношение цена/производительность ASUS Dual RX 580 – это геймерская карта с эффективным охлаждением, обладающая двумя пыленепроницаемыми вентиляторами с оптимизированной формой крыльчатки. При ее изготовлении применяются высококачественные компоненты, а в комплект ее поставки включена эксклюзивная разгонная утилита GPU Tweak II с модулем онлайн-трансляций XSplit Gamecaster. Бесшумный режим работы При малом и среднем уровне нагрузки, когда температура графического процессора остается ниже 55°, кулер будет охлаждать видеокарту в пассивном режиме, то есть при нулевом уровне шума от вентиляторов. Сертификация IP5X Вентиляторы, используемые на видеокартах серии ASUS Dual RX 580, являются пыленепроницаемыми, соответствуя требованиям стандарта IP5X. Это означает их долговечность, что в свою очередь увеличивает срок службы всего устройства. Оптимизированные вентиляторы Высококачественные вентиляторы с оптимизированной геометрией крыльчатки, входящие в состав системы охлаждения данной видеокарты, усиливают воздушный поток и увеличивают статическое давление по сравнению с кулером референсной модели. При этом они производят в три раза меньше шума. Технологии Auto-Extreme и Super Alloy Power II В современных видеокартах ASUS применяются отборные компоненты (технология Super Alloy Power II), которые обладают непревзойденной энергоэффективностью, пониженной рабочей температурой и улучшенными характеристиками. Высокому качеству готового устройства также способствует полностью автоматизированный процесс производства (технология Auto-Extreme). Разъемы HDMI с поддержкой VR-устройств Видеокарта ASUS Dual RX 580 наделена двумя разъемами HDMI, что позволяет одновременно подключить и стандартный монитор, и систему виртуальной реальности. GPU Tweak II: для гибкой настройки видеокарты В комплект поставки современных видеокарт ASUS входит эксклюзивная утилита GPU Tweak, с помощью которой можно получить полный контроль над графической подсистемой компьютера: изменять частоты и напряжения, настраивать работу вентиляторов, обновлять BIOS и драйверы, следить за состоянием видеокарты и т.д. Утилита предлагает два режима: упрощенный для начинающих пользователей и продвинутый для опытных оверклокеров. Утилита XSplit Gamecaster В комплект поставки видеокарты входит утилита XSplit Gamecaster, предназначенная для записи и трансляции процесса игры в режиме реального времени.", 12836);
INSERT INTO webshop.characteristics (CharacteristicID, CharacteristicTypeID, Value, ProductID) VALUES (251, 1, "PCI-Express x16 3.0", 14);
INSERT INTO webshop.characteristics (CharacteristicID, CharacteristicTypeID, Value, ProductID) VALUES (252, 2, "OC Mode: 1380 МГц Gaming Mode: 1360 МГц", 14);
INSERT INTO webshop.characteristics (CharacteristicID, CharacteristicTypeID, Value, ProductID) VALUES (253, 17, "Активная", 14);
INSERT INTO webshop.characteristics (CharacteristicID, CharacteristicTypeID, Value, ProductID) VALUES (254, 3, "8 pin", 14);
INSERT INTO webshop.characteristics (CharacteristicID, CharacteristicTypeID, Value, ProductID) VALUES (255, 4, "DVI DisplayPort HDMI", 14);
INSERT INTO webshop.characteristics (CharacteristicID, CharacteristicTypeID, Value, ProductID) VALUES (256, 5, "Нет", 14);
INSERT INTO webshop.characteristics (CharacteristicID, CharacteristicTypeID, Value, ProductID) VALUES (257, 6, "8000 МГц", 14);
INSERT INTO webshop.characteristics (CharacteristicID, CharacteristicTypeID, Value, ProductID) VALUES (258, 7, "242 x 128.9 x 38 мм", 14);
INSERT INTO webshop.characteristics (CharacteristicID, CharacteristicTypeID, Value, ProductID) VALUES (259, 9, "RX 580", 14);
INSERT INTO webshop.characteristics (CharacteristicID, CharacteristicTypeID, Value, ProductID) VALUES (260, 19, "GDDR5", 14);
INSERT INTO webshop.characteristics (CharacteristicID, CharacteristicTypeID, Value, ProductID) VALUES (261, 20, "36 месяцев", 14);
INSERT INTO webshop.characteristics (CharacteristicID, CharacteristicTypeID, Value, ProductID) VALUES (262, 21, "1", 14);
INSERT INTO webshop.characteristics (CharacteristicID, CharacteristicTypeID, Value, ProductID) VALUES (263, 22, "Стандартная", 14);
INSERT INTO webshop.characteristics (CharacteristicID, CharacteristicTypeID, Value, ProductID) VALUES (264, 23, "DirectX 12, OpenGL 4.5", 14);
INSERT INTO webshop.characteristics (CharacteristicID, CharacteristicTypeID, Value, ProductID) VALUES (265, 13, "Есть", 14);
INSERT INTO webshop.characteristics (CharacteristicID, CharacteristicTypeID, Value, ProductID) VALUES (266, 25, "8 ГБ", 14);
INSERT INTO webshop.characteristics (CharacteristicID, CharacteristicTypeID, Value, ProductID) VALUES (267, 26, "Кулер (радиатор + 2 х вентилятора)", 14);
INSERT INTO webshop.images (ImageID, Url, ProductID) VALUES (62, "https://i1.rozetka.ua/goods/2027437/copy_asus_dual_rx580_o4g_592536c00746d_images_2027437902.jpg", 14);
INSERT INTO webshop.images (ImageID, Url, ProductID) VALUES (63, "https://i2.rozetka.ua/goods/2027437/copy_asus_dual_rx580_o4g_592536c00746d_images_2027437980.jpg", 14);
INSERT INTO webshop.images (ImageID, Url, ProductID) VALUES (64, "https://i1.rozetka.ua/goods/2027438/copy_asus_dual_rx580_o4g_592536c00746d_images_2027438058.jpg", 14);
INSERT INTO webshop.images (ImageID, Url, ProductID) VALUES (65, "https://i1.rozetka.ua/goods/2027438/copy_asus_dual_rx580_o4g_592536c00746d_images_2027438136.jpg", 14);
INSERT INTO webshop.images (ImageID, Url, ProductID) VALUES (66, "https://i1.rozetka.ua/goods/2027438/copy_asus_dual_rx580_o4g_592536c00746d_images_2027438352.jpg", 14);
INSERT INTO webshop.images (ImageID, Url, ProductID) VALUES (67, "https://i2.rozetka.ua/goods/2027439/asus_dual_rx580_o8g_images_2027439306.jpg", 14);
INSERT INTO webshop.comments (CommentID, Nickname, Rating, Message, Date, ProductID) VALUES (31, "Сергей", 1, "После установки драйверов начали появляться артефакты. Сдаю по гарантии Достоинства: Не успел оценить Недостатки: Брак", "2018-0-1", 14);
INSERT INTO webshop.comments (CommentID, Nickname, Rating, Message, Date, ProductID) VALUES (32, "Andrei Shandryk", 0, "Подойдёт под новый core i5 8 поколения или лутше amd", "2018-0-1", 14);
INSERT INTO webshop.comments (CommentID, Nickname, Rating, Message, Date, ProductID) VALUES (33, "Андрій", 0, "Какой лутше взять процесор из amd под ету видиокарту", "2018-0-0", 14);
-- =====================================================================
INSERT INTO webshop.products (ProductID, ProductTypeID, Title, Description, Price) VALUES (15, 6, "Asus PCI-Ex GeForce GTX 1060 Dual 6GB GDDR5 (192bit) (1569/8008) (DVI, 2 x HDMI, 2 x DisplayPort) (DUAL-GTX1060-O6G)", "Видеокарта GeForce GTX 1060 Dual O6G от Asus объемом памяти 6 ГБ GDDR5, основана на новой архитектуре Pascal и поддерживает предельно высокое разрешение экрана. Модель имеет стильный дизайн корпуса и оснащена запатентованными вентиляторами Wing-Blade, предоставляющими максимальную вентиляцию и обеспечивая на 105% больше давления воздушного потока. Эксклюзивная технология Auto-Extreme использующая компоненты Super Alloy Power II гарантирует превосходную стабильность. GPU Tweak II с XSplit Gamecaster, обеспечивает интуитивно тонкую калибровку производительности и безостановочный игровой стриминг. Оптимизированный стиль и производительность — прекрасное сочетание с материнскими платами Asus X99-A II Видеокарта GeForce GTX 1060 Dual O6G и материнские платы X99-A II от Asus идеально подходят друг к другу в цветовой гамме и готовы для использования в ОС Windows 10. GeForce GTX 1060 Dual поддерживает DirectX 12, позволяя выжать больше графической производительности из процессора, предотвращая сбои в работе GPU. Расширенный набор интерфейсов GeForce GTX 1060 Dual O6G имеет 5 портов: 1 x DVI-D 2 x DisplayPort 1.4 2 x HDMI 2.0 Запатентованные вентиляторы Wing-Blade — максимальное охлаждение с 105% большим давлением воздушного потока Запатентованная конструкция Wing-Blade, обеспечивает максимальный приток воздуха с лопастей вентилятора, предоставляя улучшенное на 105% статическое воздушное давление на радиатор, но при этом работая с уровнем шума в три раза ниже нежели в референсных видеокартах. Технология Auto-Extreme с использованием Super Alloy Power II — высокое качество и максимальная надежность Посредством полностью автоматизированного производственного процесса, видеокарты Asus производятся с использованием инновационной технологии Auto-Extreme и комплектуются высококачественными компонентами Super Alloy Power II, которые повышают эффективность, снижают потери мощности, понижают уровень шума при высоких нагрузках и обеспечивают низкую температуры нагревания. VR Ready! Откройте для себя виртуальную реальность нового поколения, минимальные задержки и совместимость (Plug-and-Play) с лучшими VR-гарнитурами – все это благодаря технологиям Nvidia VRWorks. Звуковое сопровождение, физика и тактильные ощущения в VR позволят вам прочувствовать каждый момент игрового процесса. HDMI-порты для полноценной VR-поддержки — наслаждайтесь захватывающим миром виртуальной реальности! Видеокарта GeForce GTX 1060 Dual O6G имеет два HDMI-порта для одновременного подключения VR-устройства и дисплея, обеспечивая полное погружение в мир виртуальной реальности, не растрачивая время понапрасну на переподключение кабелей. GPU Tweak II: интуитивный разгон В комплект поставки современных видеокарт Asus входит эксклюзивная утилита GPU Tweak, с помощью которой можно получить полный контроль над графической подсистемой компьютера: изменять частоты и напряжения, настраивать работу вентиляторов, обновлять BIOS и драйверы, следить за состоянием видеокарты и т.д. Утилита предлагает два режима: упрощенный для начинающих пользователей и продвинутый для опытных оверклокеров. XSplit Gamecaster: трансляция процесса игры в режиме реального времени Также, в комплект поставки видеокарты входит утилита XSplit Gamecaster, предназначенная для записи и трансляции процесса игры в режиме реального времени.", 18307);
INSERT INTO webshop.characteristics (CharacteristicID, CharacteristicTypeID, Value, ProductID) VALUES (268, 1, "PCI-Express x16 3.0", 15);
INSERT INTO webshop.characteristics (CharacteristicID, CharacteristicTypeID, Value, ProductID) VALUES (269, 2, "Gaming Mode: Базовая частота: 1569 МГц В режиме разгона: 1784 МГц OC Mode: Базовая частота: 1594 МГц В режиме разгона: 1809 МГц", 15);
INSERT INTO webshop.characteristics (CharacteristicID, CharacteristicTypeID, Value, ProductID) VALUES (270, 16, "7680x4320", 15);
INSERT INTO webshop.characteristics (CharacteristicID, CharacteristicTypeID, Value, ProductID) VALUES (271, 17, "Активная", 15);
INSERT INTO webshop.characteristics (CharacteristicID, CharacteristicTypeID, Value, ProductID) VALUES (272, 3, "6 pin", 15);
INSERT INTO webshop.characteristics (CharacteristicID, CharacteristicTypeID, Value, ProductID) VALUES (273, 4, "DVI DisplayPort HDMI", 15);
INSERT INTO webshop.characteristics (CharacteristicID, CharacteristicTypeID, Value, ProductID) VALUES (274, 5, "Нет", 15);
INSERT INTO webshop.characteristics (CharacteristicID, CharacteristicTypeID, Value, ProductID) VALUES (275, 6, "8008 МГц", 15);
INSERT INTO webshop.characteristics (CharacteristicID, CharacteristicTypeID, Value, ProductID) VALUES (276, 7, "242 x 130 x 43 мм", 15);
INSERT INTO webshop.characteristics (CharacteristicID, CharacteristicTypeID, Value, ProductID) VALUES (277, 9, "GeForce GTX 1060", 15);
INSERT INTO webshop.characteristics (CharacteristicID, CharacteristicTypeID, Value, ProductID) VALUES (278, 19, "GDDR5", 15);
INSERT INTO webshop.characteristics (CharacteristicID, CharacteristicTypeID, Value, ProductID) VALUES (279, 20, "36 месяцев", 15);
INSERT INTO webshop.characteristics (CharacteristicID, CharacteristicTypeID, Value, ProductID) VALUES (280, 21, "1", 15);
INSERT INTO webshop.characteristics (CharacteristicID, CharacteristicTypeID, Value, ProductID) VALUES (281, 22, "Стандартная", 15);
INSERT INTO webshop.characteristics (CharacteristicID, CharacteristicTypeID, Value, ProductID) VALUES (282, 12, "192 бит", 15);
INSERT INTO webshop.characteristics (CharacteristicID, CharacteristicTypeID, Value, ProductID) VALUES (283, 13, "Нет", 15);
INSERT INTO webshop.characteristics (CharacteristicID, CharacteristicTypeID, Value, ProductID) VALUES (284, 25, "6 ГБ", 15);
INSERT INTO webshop.characteristics (CharacteristicID, CharacteristicTypeID, Value, ProductID) VALUES (285, 26, "Вентиляторы Wing-Blade + радиатор", 15);
INSERT INTO webshop.images (ImageID, Url, ProductID) VALUES (68, "https://i2.rozetka.ua/goods/1676091/asus_geforce_gtx_1060_dual_o6g_images_1676091652.jpg", 15);
INSERT INTO webshop.images (ImageID, Url, ProductID) VALUES (69, "https://i1.rozetka.ua/goods/1676091/asus_geforce_gtx_1060_dual_o6g_images_1676091743.jpg", 15);
INSERT INTO webshop.images (ImageID, Url, ProductID) VALUES (70, "https://i2.rozetka.ua/goods/1676091/asus_geforce_gtx_1060_dual_o6g_images_1676091841.jpg", 15);
INSERT INTO webshop.images (ImageID, Url, ProductID) VALUES (71, "https://i2.rozetka.ua/goods/1676091/asus_geforce_gtx_1060_dual_o6g_images_1676091932.jpg", 15);
INSERT INTO webshop.images (ImageID, Url, ProductID) VALUES (72, "https://i1.rozetka.ua/goods/1676092/asus_geforce_gtx_1060_dual_o6g_images_1676092023.jpg", 15);
INSERT INTO webshop.images (ImageID, Url, ProductID) VALUES (73, "https://i2.rozetka.ua/goods/1676092/asus_geforce_gtx_1060_dual_o6g_images_1676092107.jpg", 15);
INSERT INTO webshop.comments (CommentID, Nickname, Rating, Message, Date, ProductID) VALUES (34, "titan-bud", 0, "Подскажите нужен ли мне переходник для этой видеокарты для монитора LG 23MP48HQ-P? Если нужен то какой? Или для такой видеокарти надо покупать другой монитор, больше грц, или больше размер, или...? Подскажите норм. моник где-то за 400-500 дол.", "2018-1-1", 15);
INSERT INTO webshop.comments (CommentID, Nickname, Rating, Message, Date, ProductID) VALUES (35, "TheBlack Shadow", 5, "заработает ли ета малышка?", "2018-1-0", 15);
INSERT INTO webshop.comments (CommentID, Nickname, Rating, Message, Date, ProductID) VALUES (36, "TheBlack Shadow", 5, "и ето", "2018-1-6", 15);
-- =====================================================================
INSERT INTO webshop.products (ProductID, ProductTypeID, Title, Description, Price) VALUES (16, 6, "Asus PCI-Ex GeForce GTX 1070 Dual 8GB GDDR5 (256bit) (1582/8008) (DVI, 2 x HDMI, 2 x DisplayPort) (DUAL-GTX1070-O8G)", "Видеокарта GeForce GTX 1070 Dual O8G от Asus объемом памяти 8 ГБ GDDR5, основана на новой архитектуре Pascal и поддерживает предельно высокое разрешение экрана. Модель имеет стильный дизайн корпуса и оснащена запатентованными вентиляторами Wing-Blade, предоставляющими максимальную вентиляцию и обеспечивая на 105% больше давления воздушного потока. Эксклюзивная технология Auto-Extreme использующая компоненты Super Alloy Power II гарантирует превосходную стабильность. GPU Tweak II с XSplit Gamecaster, обеспечивает интуитивно тонкую калибровку производительности и безостановочный игровой стриминг. Оптимизированный стиль и производительность — прекрасное сочетание с материнскими платами Asus X99-A II Видеокарта GeForce GTX 1070 Dual O8G и материнские платы X99-A II от Asus идеально подходят друг к другу в цветовой гамме и готовы для использования в ОС Windows 10. GeForce GTX 1070 Dual поддерживает DirectX 12, позволяя выжать больше графической производительности из процессора, предотвращая сбои в работе GPU. Расширенный набор интерфейсов GeForce GTX 1070 Dual O8G имеет 5 портов: 1 x DVI-D 2 x DisplayPort 1.4 2 x HDMI 2.0 Запатентованные вентиляторы Wing-Blade — максимальное охлаждение с 105% большим давлением воздушного потока Запатентованная конструкция Wing-Blade, обеспечивает максимальный приток воздуха с лопастей вентилятора, предоставляя улучшенное на 105% статическое воздушное давление на радиатор, но при этом работая с уровнем шума в три раза ниже нежели в референсных видеокартах. Технология Auto-Extreme с использованием Super Alloy Power II — высокое качество и максимальная надежность Посредством полностью автоматизированного производственного процесса, видеокарты Asus производятся с использованием инновационной технологии Auto-Extreme и комплектуются высококачественными компонентами Super Alloy Power II, которые повышают эффективность, снижают потери мощности, понижают уровень шума при высоких нагрузках и обеспечивают низкую температуры нагревания. VR Ready! Откройте для себя виртуальную реальность нового поколения, минимальные задержки и совместимость (Plug-and-Play) с лучшими VR-гарнитурами – все это благодаря технологиям Nvidia VRWorks. Звуковое сопровождение, физика и тактильные ощущения в VR позволят вам прочувствовать каждый момент игрового процесса. HDMI-порты для полноценной VR-поддержки — наслаждайтесь захватывающим миром виртуальной реальности! Видеокарта GeForce GTX 1070 Dual O8G имеет два HDMI-порта для одновременного подключения VR-устройства и дисплея, обеспечивая полное погружение в мир виртуальной реальности, не растрачивая время понапрасну на переподключение кабелей. GPU Tweak II: интуитивный разгон В комплект поставки современных видеокарт Asus входит эксклюзивная утилита GPU Tweak, с помощью которой можно получить полный контроль над графической подсистемой компьютера: изменять частоты и напряжения, настраивать работу вентиляторов, обновлять BIOS и драйверы, следить за состоянием видеокарты и т.д. Утилита предлагает два режима: упрощенный для начинающих пользователей и продвинутый для опытных оверклокеров. XSplit Gamecaster: трансляция процесса игры в режиме реального времени Также, в комплект поставки видеокарты входит утилита XSplit Gamecaster, предназначенная для записи и трансляции процесса игры в режиме реального времени.", 6239);
INSERT INTO webshop.characteristics (CharacteristicID, CharacteristicTypeID, Value, ProductID) VALUES (286, 1, "PCI-Express x16 3.0", 16);
INSERT INTO webshop.characteristics (CharacteristicID, CharacteristicTypeID, Value, ProductID) VALUES (287, 2, "Gaming Mode: Базовая частота: 1582 МГц В режиме разгона: 1771 МГц OC Mode: Базовая частота: 1607 МГц В режиме разгона: 1797 МГц", 16);
INSERT INTO webshop.characteristics (CharacteristicID, CharacteristicTypeID, Value, ProductID) VALUES (288, 16, "7680x4320", 16);
INSERT INTO webshop.characteristics (CharacteristicID, CharacteristicTypeID, Value, ProductID) VALUES (289, 17, "Активная", 16);
INSERT INTO webshop.characteristics (CharacteristicID, CharacteristicTypeID, Value, ProductID) VALUES (290, 3, "8 pin", 16);
INSERT INTO webshop.characteristics (CharacteristicID, CharacteristicTypeID, Value, ProductID) VALUES (291, 4, "DVI DisplayPort HDMI", 16);
INSERT INTO webshop.characteristics (CharacteristicID, CharacteristicTypeID, Value, ProductID) VALUES (292, 5, "Есть", 16);
INSERT INTO webshop.characteristics (CharacteristicID, CharacteristicTypeID, Value, ProductID) VALUES (293, 6, "8008 МГц", 16);
INSERT INTO webshop.characteristics (CharacteristicID, CharacteristicTypeID, Value, ProductID) VALUES (294, 7, "242 x 130 x 43 мм", 16);
INSERT INTO webshop.characteristics (CharacteristicID, CharacteristicTypeID, Value, ProductID) VALUES (295, 9, "GeForce GTX 1070", 16);
INSERT INTO webshop.characteristics (CharacteristicID, CharacteristicTypeID, Value, ProductID) VALUES (296, 19, "GDDR5", 16);
INSERT INTO webshop.characteristics (CharacteristicID, CharacteristicTypeID, Value, ProductID) VALUES (297, 20, "36 месяцев", 16);
INSERT INTO webshop.characteristics (CharacteristicID, CharacteristicTypeID, Value, ProductID) VALUES (298, 21, "1", 16);
INSERT INTO webshop.characteristics (CharacteristicID, CharacteristicTypeID, Value, ProductID) VALUES (299, 22, "Стандартная", 16);
INSERT INTO webshop.characteristics (CharacteristicID, CharacteristicTypeID, Value, ProductID) VALUES (300, 12, "256 бит", 16);
INSERT INTO webshop.characteristics (CharacteristicID, CharacteristicTypeID, Value, ProductID) VALUES (301, 13, "Нет", 16);
INSERT INTO webshop.characteristics (CharacteristicID, CharacteristicTypeID, Value, ProductID) VALUES (302, 25, "8 ГБ", 16);
INSERT INTO webshop.characteristics (CharacteristicID, CharacteristicTypeID, Value, ProductID) VALUES (303, 26, "Вентиляторы Wing-Blade + радиатор", 16);
INSERT INTO webshop.images (ImageID, Url, ProductID) VALUES (74, "https://i2.rozetka.ua/goods/1672448/asus_dual_geforce_gtx_1070_o8g_images_1672448537.jpg", 16);
INSERT INTO webshop.images (ImageID, Url, ProductID) VALUES (75, "https://i1.rozetka.ua/goods/1672448/asus_dual_geforce_gtx_1070_o8g_images_1672448131.jpg", 16);
INSERT INTO webshop.images (ImageID, Url, ProductID) VALUES (76, "https://i2.rozetka.ua/goods/1672448/asus_dual_geforce_gtx_1070_o8g_images_1672448446.jpg", 16);
INSERT INTO webshop.images (ImageID, Url, ProductID) VALUES (77, "https://i1.rozetka.ua/goods/1672448/asus_dual_geforce_gtx_1070_o8g_images_1672448628.jpg", 16);
INSERT INTO webshop.images (ImageID, Url, ProductID) VALUES (78, "https://i1.rozetka.ua/goods/1672448/asus_dual_geforce_gtx_1070_o8g_images_1672448768.jpg", 16);
INSERT INTO webshop.images (ImageID, Url, ProductID) VALUES (79, "https://i2.rozetka.ua/goods/1672448/asus_dual_geforce_gtx_1070_o8g_images_1672448859.jpg", 16);
INSERT INTO webshop.images (ImageID, Url, ProductID) VALUES (80, "https://i1.rozetka.ua/goods/1672448/asus_dual_geforce_gtx_1070_o8g_images_1672448950.jpg", 16);
INSERT INTO webshop.comments (CommentID, Nickname, Rating, Message, Date, ProductID) VALUES (37, "Евгений Коваленко", 0, "Плюс минус неплохая карточка ... Достоинства: Хорошая, мощная, относительно не дорогая... Недостатки: Шумность охлаждения. Когда кулеры начинают крутится 50%+", "2018-0-5", 16);
INSERT INTO webshop.comments (CommentID, Nickname, Rating, Message, Date, ProductID) VALUES (38, "Raven", 0, "Какой процессор из AMD лучше будет под неё? Собираю как для работы, так и для игр для приемлемого уровня.Стоит ли брать fx-8350?", "2018-0-2", 16);
INSERT INTO webshop.comments (CommentID, Nickname, Rating, Message, Date, ProductID) VALUES (39, "ВИТАЛИЙ_Третяченко", 0, "ASUS-подскажите подходит или нет эта карта для майнинга_или какая лучше подойдёт, и совместима с БП-Aerocool Gold Miner-2000 W.-(13-карт)", "2017-11-5", 16);
-- =====================================================================
INSERT INTO webshop.products (ProductID, ProductTypeID, Title, Description, Price) VALUES (17, 6, "Asus PCI-Ex GeForce GT 1030 Low Profile 2GB GDDR5 (64Bit) (1228/6008) (DisplayPort, HDMI) (GT1030-2G-BRK)", "Идеальное решение для компактных компьютеров ASUS GeForce GT 1030 – это компактная видеокарта с эффективным и тихим охлаждением. Эффективный однослотовый дизайн GT 1030 не блокирует соседние слоты PCIe, максимизирует гибкость системы, а малый размер обеспечивает отличную совместимость с небольшими корпусами. Технологии Auto-Extreme и Super Alloy Power II В видеокарте ASUS GT 1030 применяются отборные компоненты (технология Super Alloy Power II), которые обладают непревзойденной энергоэффективностью, пониженной рабочей температурой и улучшенными характеристиками. Высокому качеству готового устройства также способствует полностью автоматизированный процесс производства (технология Auto-Extreme). Утилита GPU Tweak II с модулем XSplit Gamecaster Современные видеокарты ASUS совместимы с эксклюзивной утилитой GPU Tweak II, с помощью которой можно получить полный контроль над графической системой компьютера. Например, новая функция Gaming Booster позволяет моментально выделить все доступные вычислительные ресурсы под 3D-приложение, чтобы обеспечить максимальную производительность.", 7401);
INSERT INTO webshop.characteristics (CharacteristicID, CharacteristicTypeID, Value, ProductID) VALUES (304, 1, "PCI-Express x16 3.0", 17);
INSERT INTO webshop.characteristics (CharacteristicID, CharacteristicTypeID, Value, ProductID) VALUES (305, 2, "Обычный режим: 1228 МГц (Boost 1468 МГц) OC Mode: 1266 МГц (Boost: 1506 МГц)", 17);
INSERT INTO webshop.characteristics (CharacteristicID, CharacteristicTypeID, Value, ProductID) VALUES (306, 16, "7680x4320", 17);
INSERT INTO webshop.characteristics (CharacteristicID, CharacteristicTypeID, Value, ProductID) VALUES (307, 17, "Активная", 17);
INSERT INTO webshop.characteristics (CharacteristicID, CharacteristicTypeID, Value, ProductID) VALUES (308, 3, "Нет", 17);
INSERT INTO webshop.characteristics (CharacteristicID, CharacteristicTypeID, Value, ProductID) VALUES (309, 4, "DisplayPort HDMI", 17);
INSERT INTO webshop.characteristics (CharacteristicID, CharacteristicTypeID, Value, ProductID) VALUES (310, 5, "Нет", 17);
INSERT INTO webshop.characteristics (CharacteristicID, CharacteristicTypeID, Value, ProductID) VALUES (311, 6, "6008 МГц", 17);
INSERT INTO webshop.characteristics (CharacteristicID, CharacteristicTypeID, Value, ProductID) VALUES (312, 7, "169 x 69 x 21 мм", 17);
INSERT INTO webshop.characteristics (CharacteristicID, CharacteristicTypeID, Value, ProductID) VALUES (313, 9, "GeForce GT 1030", 17);
INSERT INTO webshop.characteristics (CharacteristicID, CharacteristicTypeID, Value, ProductID) VALUES (314, 19, "GDDR5", 17);
INSERT INTO webshop.characteristics (CharacteristicID, CharacteristicTypeID, Value, ProductID) VALUES (315, 20, "36 месяцев", 17);
INSERT INTO webshop.characteristics (CharacteristicID, CharacteristicTypeID, Value, ProductID) VALUES (316, 22, "Низкопрофильная", 17);
INSERT INTO webshop.characteristics (CharacteristicID, CharacteristicTypeID, Value, ProductID) VALUES (317, 12, "64 бит", 17);
INSERT INTO webshop.characteristics (CharacteristicID, CharacteristicTypeID, Value, ProductID) VALUES (318, 23, "DirectX 12, OpenGL 4.5", 17);
INSERT INTO webshop.characteristics (CharacteristicID, CharacteristicTypeID, Value, ProductID) VALUES (319, 13, "Нет", 17);
INSERT INTO webshop.characteristics (CharacteristicID, CharacteristicTypeID, Value, ProductID) VALUES (320, 25, "2 ГБ", 17);
INSERT INTO webshop.characteristics (CharacteristicID, CharacteristicTypeID, Value, ProductID) VALUES (321, 26, "Вентилятор + Радиатор", 17);
INSERT INTO webshop.images (ImageID, Url, ProductID) VALUES (81, "https://i2.rozetka.ua/goods/2823280/asus_gt1030_2g_brk_images_2823280591.jpg", 17);
INSERT INTO webshop.images (ImageID, Url, ProductID) VALUES (82, "https://i2.rozetka.ua/goods/2823279/asus_gt1030_2g_brk_images_2823279207.jpg", 17);
INSERT INTO webshop.images (ImageID, Url, ProductID) VALUES (83, "https://i1.rozetka.ua/goods/2823279/asus_gt1030_2g_brk_images_2823279551.jpg", 17);
INSERT INTO webshop.images (ImageID, Url, ProductID) VALUES (84, "https://i1.rozetka.ua/goods/2823279/asus_gt1030_2g_brk_images_2823279911.jpg", 17);
INSERT INTO webshop.images (ImageID, Url, ProductID) VALUES (85, "https://i2.rozetka.ua/goods/2823280/asus_gt1030_2g_brk_images_2823280111.jpg", 17);
INSERT INTO webshop.images (ImageID, Url, ProductID) VALUES (86, "https://i1.rozetka.ua/goods/2823280/asus_gt1030_2g_brk_images_2823280351.jpg", 17);
INSERT INTO webshop.comments (CommentID, Nickname, Rating, Message, Date, ProductID) VALUES (40, "Юра Яцков", 5, "Держит 4К для монитора 28 дюймов с разрешением 3840х2160. На играх не тестировал, думаю без наворотов современные пойдут. Достоинства: Хорошее разрешение, компактная, не требует мощного блока питания.", "2018-1-5", 17);
-- =====================================================================
INSERT INTO webshop.products (ProductID, ProductTypeID, Title, Description, Price) VALUES (18, 6, "Asus PCI-Ex GeForce GT 1030 Low Profile 2GB GDDR5 (64bit) (1228/6008) (DVI, HDMI) (GT1030-SL-2G-BRK)", "Идеальное решение для компактных компьютеров ASUS Phoenix GeForce GT 1030 – это компактная видеокарта с эффективным и тихим охлаждением. При ее изготовлении применяются высококачественные компоненты, а в комплект ее поставки включена эксклюзивная разгонная утилита GPU Tweak II. Бесшумное охлаждение 0 дБ Исключительные радиаторы ASUS с большой площадью поверхности эффективно охлаждают видеокарты пассивно, так что при работе нет ни единого звука — идеально подходит для компактного ПК, беззвучного домашнего кинотеатра и мультимедийных центров. Технологии Auto-Extreme и Super Alloy Power II В современных видеокартах ASUS применяются отборные компоненты (технология Super Alloy Power II), которые обладают непревзойденной энергоэффективностью, пониженной рабочей температурой и улучшенными характеристиками. Высокому качеству готового устройства также способствует полностью автоматизированный процесс производства (технология Auto-Extreme). Утилита GPU Tweak II с модулем XSplit Gamecaster Современные видеокарты ASUS совместимы с эксклюзивной утилитой GPU Tweak II, с помощью которой можно получить полный контроль над графической подсистемой компьютера. Например, новая функция Gaming Booster позволяет моментально выделить все доступные вычислительные ресурсы под 3D-приложение, чтобы обеспечить максимальную производительность.", 19271);
INSERT INTO webshop.characteristics (CharacteristicID, CharacteristicTypeID, Value, ProductID) VALUES (322, 1, "PCI-Express x16 3.0", 18);
INSERT INTO webshop.characteristics (CharacteristicID, CharacteristicTypeID, Value, ProductID) VALUES (323, 2, "OC Mode: Базовая частота: 1266 МГц В режиме разгона: 1506 МГц Gaming Mode: Базовая частота: 1228 МГц В режиме разгона: 1468 МГц", 18);
INSERT INTO webshop.characteristics (CharacteristicID, CharacteristicTypeID, Value, ProductID) VALUES (324, 16, "1920x1200", 18);
INSERT INTO webshop.characteristics (CharacteristicID, CharacteristicTypeID, Value, ProductID) VALUES (325, 17, "Пассивная", 18);
INSERT INTO webshop.characteristics (CharacteristicID, CharacteristicTypeID, Value, ProductID) VALUES (326, 3, "Нет", 18);
INSERT INTO webshop.characteristics (CharacteristicID, CharacteristicTypeID, Value, ProductID) VALUES (327, 4, "DVI HDMI", 18);
INSERT INTO webshop.characteristics (CharacteristicID, CharacteristicTypeID, Value, ProductID) VALUES (328, 5, "Нет", 18);
INSERT INTO webshop.characteristics (CharacteristicID, CharacteristicTypeID, Value, ProductID) VALUES (329, 6, "6008 МГц", 18);
INSERT INTO webshop.characteristics (CharacteristicID, CharacteristicTypeID, Value, ProductID) VALUES (330, 7, "173 x 69 x 40 мм", 18);
INSERT INTO webshop.characteristics (CharacteristicID, CharacteristicTypeID, Value, ProductID) VALUES (331, 9, "GeForce GT 1030", 18);
INSERT INTO webshop.characteristics (CharacteristicID, CharacteristicTypeID, Value, ProductID) VALUES (332, 19, "GDDR5", 18);
INSERT INTO webshop.characteristics (CharacteristicID, CharacteristicTypeID, Value, ProductID) VALUES (333, 20, "36 месяцев", 18);
INSERT INTO webshop.characteristics (CharacteristicID, CharacteristicTypeID, Value, ProductID) VALUES (334, 21, "1", 18);
INSERT INTO webshop.characteristics (CharacteristicID, CharacteristicTypeID, Value, ProductID) VALUES (335, 22, "Низкопрофильная", 18);
INSERT INTO webshop.characteristics (CharacteristicID, CharacteristicTypeID, Value, ProductID) VALUES (336, 12, "64 бит", 18);
INSERT INTO webshop.characteristics (CharacteristicID, CharacteristicTypeID, Value, ProductID) VALUES (337, 13, "Нет", 18);
INSERT INTO webshop.characteristics (CharacteristicID, CharacteristicTypeID, Value, ProductID) VALUES (338, 25, "2 ГБ", 18);
INSERT INTO webshop.characteristics (CharacteristicID, CharacteristicTypeID, Value, ProductID) VALUES (339, 26, "Радиатор", 18);
INSERT INTO webshop.images (ImageID, Url, ProductID) VALUES (87, "https://i1.rozetka.ua/goods/2025038/asus_gt1030_sl_2g_brk_images_2025038403.jpg", 18);
INSERT INTO webshop.images (ImageID, Url, ProductID) VALUES (88, "https://i1.rozetka.ua/goods/2025038/asus_gt1030_sl_2g_brk_images_2025038494.jpg", 18);
INSERT INTO webshop.images (ImageID, Url, ProductID) VALUES (89, "https://i2.rozetka.ua/goods/2025038/asus_gt1030_sl_2g_brk_images_2025038585.jpg", 18);
INSERT INTO webshop.images (ImageID, Url, ProductID) VALUES (90, "https://i2.rozetka.ua/goods/2025038/asus_gt1030_sl_2g_brk_images_2025038676.jpg", 18);
INSERT INTO webshop.comments (CommentID, Nickname, Rating, Message, Date, ProductID) VALUES (41, "Андрей", 0, "Ребят процессор амд с 2 ядрами хоть на 80% раскроет эту видюху?", "2018-1-3", 18);
INSERT INTO webshop.comments (CommentID, Nickname, Rating, Message, Date, ProductID) VALUES (42, "Игорян", 0, "Сколько фпс в WOT и при каких настройках? Также подскажите, какой переходник для vga лучше использовать? dvi- vga или hdmi - vga? Заранее спасибо хочу взять чтобы пол годика перекантоваться, пока на норм систему не соберу.", "2018-1-1", 18);
INSERT INTO webshop.comments (CommentID, Nickname, Rating, Message, Date, ProductID) VALUES (43, "Николай Сагиров", 0, "А подойдет к этому Процессор Intel Pentium G4560 3.5GHz/8GT/s/3MB (BX80677G4560) s1151 BOX Подробнее: https://hard.rozetka.com.ua/intel_pentium_g4560/p14064434/", "2018-1-5", 18);
-- =====================================================================
INSERT INTO webshop.products (ProductID, ProductTypeID, Title, Description, Price) VALUES (19, 6, "Asus PCI-Ex GeForce GT 730 2048MB GDDR5 (64bit) (902/5010) (VGA, DVI, HDMI) (GT730-2GD5-BRK)", "Только победа! Видеокарта ASUS серии GT 730 – это доступное по цене устройство, обеспечивающие достаточно высокую скорость в 3D-играх. В ней реализовано множество эксклюзивных технологий и функций ASUS, включая пыленепроницаемый вентилятор, высококачественные компоненты Super Alloy Power и поддержку удобной утилиты для мониторинга и разгона GPU Tweak. Технология Super Alloy Power Стабильной работе видеокарты способствует высококачественная элементная база. Например, в используемых на данной видеокарте дросселях имеется твердый сердечник, который помогает уменьшить уровень вибраций и шума, а твердотельные конденсаторы рассчитаны на 50 тысяч часов работы — в 2.5 раза дольше, чем обычные! Увеличенный на 25% срок службы Уникальный вентилятор с противопылевой защитой гарантирует высокую эффективность рассеивания тепла и увеличивает срок службы видеокарты на 25%. Утилита GPU Tweak с функцией трансляции Настройка видеокарты и мониторинг ее параметров в режиме реального времени. Утилита GPU-Z представляет технические характеристики видеокарты и информацию о текущем состоянии в удобном виде. Удобный виджет поможет всегда иметь под рукой все данные об устройстве. Автоматическое обновление драйвера и BIOS.", 11374);
INSERT INTO webshop.characteristics (CharacteristicID, CharacteristicTypeID, Value, ProductID) VALUES (340, 1, "PCI-Express x16 2.х", 19);
INSERT INTO webshop.characteristics (CharacteristicID, CharacteristicTypeID, Value, ProductID) VALUES (341, 2, "902 МГц", 19);
INSERT INTO webshop.characteristics (CharacteristicID, CharacteristicTypeID, Value, ProductID) VALUES (342, 16, "2560x1600", 19);
INSERT INTO webshop.characteristics (CharacteristicID, CharacteristicTypeID, Value, ProductID) VALUES (343, 17, "Активная", 19);
INSERT INTO webshop.characteristics (CharacteristicID, CharacteristicTypeID, Value, ProductID) VALUES (344, 3, "Нет", 19);
INSERT INTO webshop.characteristics (CharacteristicID, CharacteristicTypeID, Value, ProductID) VALUES (345, 4, "VGA DVI HDMI", 19);
INSERT INTO webshop.characteristics (CharacteristicID, CharacteristicTypeID, Value, ProductID) VALUES (346, 5, "Нет", 19);
INSERT INTO webshop.characteristics (CharacteristicID, CharacteristicTypeID, Value, ProductID) VALUES (347, 6, "5010 МГц", 19);
INSERT INTO webshop.characteristics (CharacteristicID, CharacteristicTypeID, Value, ProductID) VALUES (348, 7, "145 x 69 x 26.5 мм", 19);
INSERT INTO webshop.characteristics (CharacteristicID, CharacteristicTypeID, Value, ProductID) VALUES (349, 9, "GeForce GT730", 19);
INSERT INTO webshop.characteristics (CharacteristicID, CharacteristicTypeID, Value, ProductID) VALUES (350, 19, "GDDR5", 19);
INSERT INTO webshop.characteristics (CharacteristicID, CharacteristicTypeID, Value, ProductID) VALUES (351, 20, "36 месяцев", 19);
INSERT INTO webshop.characteristics (CharacteristicID, CharacteristicTypeID, Value, ProductID) VALUES (352, 21, "1", 19);
INSERT INTO webshop.characteristics (CharacteristicID, CharacteristicTypeID, Value, ProductID) VALUES (353, 22, "Низкопрофильная", 19);
INSERT INTO webshop.characteristics (CharacteristicID, CharacteristicTypeID, Value, ProductID) VALUES (354, 12, "64 бит", 19);
INSERT INTO webshop.characteristics (CharacteristicID, CharacteristicTypeID, Value, ProductID) VALUES (355, 24, "1", 19);
INSERT INTO webshop.characteristics (CharacteristicID, CharacteristicTypeID, Value, ProductID) VALUES (356, 23, "DirectX 11.1, OpenGL 4.4", 19);
INSERT INTO webshop.characteristics (CharacteristicID, CharacteristicTypeID, Value, ProductID) VALUES (357, 13, "Нет", 19);
INSERT INTO webshop.characteristics (CharacteristicID, CharacteristicTypeID, Value, ProductID) VALUES (358, 25, "2 ГБ", 19);
INSERT INTO webshop.characteristics (CharacteristicID, CharacteristicTypeID, Value, ProductID) VALUES (359, 26, "Вентилятор + радиатор", 19);
INSERT INTO webshop.images (ImageID, Url, ProductID) VALUES (91, "https://i2.rozetka.ua/goods/233552/asus_gt730_2gd5_brk_images_233552347.jpg", 19);
INSERT INTO webshop.images (ImageID, Url, ProductID) VALUES (92, "https://i1.rozetka.ua/goods/233552/asus_gt730_2gd5_brk_images_233552412.jpg", 19);
INSERT INTO webshop.images (ImageID, Url, ProductID) VALUES (93, "https://i2.rozetka.ua/goods/233552/asus_gt730_2gd5_brk_images_233552477.jpg", 19);
INSERT INTO webshop.images (ImageID, Url, ProductID) VALUES (94, "https://i1.rozetka.ua/goods/233563/asus_gt730_2gd5_brk_images_233563267.jpg", 19);
INSERT INTO webshop.images (ImageID, Url, ProductID) VALUES (95, "https://i2.rozetka.ua/goods/763263/asus_gt730_2gd5_brk_images_763263406.jpg", 19);
INSERT INTO webshop.comments (CommentID, Nickname, Rating, Message, Date, ProductID) VALUES (44, "Бубнов Юрий", 0, "Будет ли эта видеокарта быстрее, чем gtx 550 ti 1 gb?", "2018-1-3", 19);
INSERT INTO webshop.comments (CommentID, Nickname, Rating, Message, Date, ProductID) VALUES (45, "Гость", 0, "Подойдет ли этa видео карта к материнке Biostar A55ML2 Интерфейс плати:PCI-Express x16 2.0", "2018-1-0", 19);
INSERT INTO webshop.comments (CommentID, Nickname, Rating, Message, Date, ProductID) VALUES (46, "Максименко Кирилл", 5, "Пользуюсь данной видеокартой около года! Для моих нужд хватает. Photoshop и большинство игр тянет. В общем лучший вариант за эти деньги. Достоинства: Дешевая, быстренькая, проктичная Недостатки: Не обноружел", "2017-11-0", 19);
-- =====================================================================
INSERT INTO webshop.products (ProductID, ProductTypeID, Title, Description, Price) VALUES (20, 6, "Asus PCI-Ex GeForce GT 730 2048MB GDDR5 (64bit) (902/5010) (VGA, DVI, HDMI) (GT730-SL-2GD5-BRK)", "Качественная графика, доступная каждому! Компания ASUS представляет видеокарту GT 730, которая оснащается бесшумной системой охлаждения, что делает ее идеальным выбором для компактных HTPC-компьютеров. Данная модель также обладает низким уровнем электромагнитного излучения за счет специального экранирования и является совместимой с утилитой GPU Tweak, предназначенной для мониторинга и настройки параметров графической подсистемы компьютера. Абсолютно бесшумная работа Радиатор с большой площадью рассеивания тепла справляется с охлаждением видеокарты без применения вентиляторов. Таким образом, данное устройство является абсолютно бесшумным, что делает его идеальным выбором для домашних мультимедийных компьютеров. Компоненты Super Alloy Power Стабильной работе видеокарты способствует высококачественная элементная база. Например, в используемых на данной видеокарте дросселях имеется твердый сердечник, который помогает уменьшить уровень вибраций и шума, а твердотельные конденсаторы рассчитаны на 50 тысяч часов работы — в 2.5 раза дольше, чем обычные! Nvidia Adaptive Vertical Sync Ничто не отвлекает так, как дрожание кадров и разрывы изображения. Первое происходит, когда частота смены кадров низкая, второе – когда она слишком высокая. Технология Adaptive V-Sync – прекрасный способ обработки кадров. При высокой частоте смены кадров V-sync включается для устранения разрывов изображения, при низкой – отключается, чтобы свести дрожание до минимума. Утилита GPU Tweak с функцией трансляции Настройка видеокарты и мониторинг ее параметров в режиме реального времени. Утилита GPU-Z представляет технические характеристики видеокарты и информацию о текущем состоянии в удобном виде. Удобный виджет поможет всегда иметь под рукой все данные об устройстве. Автоматическое обновление драйвера и BIOS.", 6780);
INSERT INTO webshop.characteristics (CharacteristicID, CharacteristicTypeID, Value, ProductID) VALUES (360, 1, "PCI-Express x16 2.х", 20);
INSERT INTO webshop.characteristics (CharacteristicID, CharacteristicTypeID, Value, ProductID) VALUES (361, 2, "902 МГц", 20);
INSERT INTO webshop.characteristics (CharacteristicID, CharacteristicTypeID, Value, ProductID) VALUES (362, 16, "2560x1600", 20);
INSERT INTO webshop.characteristics (CharacteristicID, CharacteristicTypeID, Value, ProductID) VALUES (363, 17, "Пассивная", 20);
INSERT INTO webshop.characteristics (CharacteristicID, CharacteristicTypeID, Value, ProductID) VALUES (364, 3, "Нет", 20);
INSERT INTO webshop.characteristics (CharacteristicID, CharacteristicTypeID, Value, ProductID) VALUES (365, 4, "VGA DVI HDMI", 20);
INSERT INTO webshop.characteristics (CharacteristicID, CharacteristicTypeID, Value, ProductID) VALUES (366, 5, "Нет", 20);
INSERT INTO webshop.characteristics (CharacteristicID, CharacteristicTypeID, Value, ProductID) VALUES (367, 6, "1252 МГц (5010 МГц GDDR5)", 20);
INSERT INTO webshop.characteristics (CharacteristicID, CharacteristicTypeID, Value, ProductID) VALUES (368, 7, "137 x 69 x 39 мм", 20);
INSERT INTO webshop.characteristics (CharacteristicID, CharacteristicTypeID, Value, ProductID) VALUES (369, 8, "350 Вт", 20);
INSERT INTO webshop.characteristics (CharacteristicID, CharacteristicTypeID, Value, ProductID) VALUES (370, 9, "GeForce GT730", 20);
INSERT INTO webshop.characteristics (CharacteristicID, CharacteristicTypeID, Value, ProductID) VALUES (371, 19, "GDDR5", 20);
INSERT INTO webshop.characteristics (CharacteristicID, CharacteristicTypeID, Value, ProductID) VALUES (372, 20, "36 месяцев", 20);
INSERT INTO webshop.characteristics (CharacteristicID, CharacteristicTypeID, Value, ProductID) VALUES (373, 21, "1", 20);
INSERT INTO webshop.characteristics (CharacteristicID, CharacteristicTypeID, Value, ProductID) VALUES (374, 22, "Низкопрофильная", 20);
INSERT INTO webshop.characteristics (CharacteristicID, CharacteristicTypeID, Value, ProductID) VALUES (375, 12, "64 бит", 20);
INSERT INTO webshop.characteristics (CharacteristicID, CharacteristicTypeID, Value, ProductID) VALUES (376, 24, "1", 20);
INSERT INTO webshop.characteristics (CharacteristicID, CharacteristicTypeID, Value, ProductID) VALUES (377, 23, "DirectX 11.1, OpenGL 4.4", 20);
INSERT INTO webshop.characteristics (CharacteristicID, CharacteristicTypeID, Value, ProductID) VALUES (378, 13, "Нет", 20);
INSERT INTO webshop.characteristics (CharacteristicID, CharacteristicTypeID, Value, ProductID) VALUES (379, 25, "2 ГБ", 20);
INSERT INTO webshop.characteristics (CharacteristicID, CharacteristicTypeID, Value, ProductID) VALUES (380, 26, "Радиатор", 20);
INSERT INTO webshop.images (ImageID, Url, ProductID) VALUES (96, "https://i2.rozetka.ua/goods/1469012/asus_gt730_sl_2gd5_brk_images_1469012263.jpg", 20);
INSERT INTO webshop.images (ImageID, Url, ProductID) VALUES (97, "https://i2.rozetka.ua/goods/1469012/asus_gt730_sl_2gd5_brk_images_1469012354.jpg", 20);
INSERT INTO webshop.images (ImageID, Url, ProductID) VALUES (98, "https://i1.rozetka.ua/goods/1469012/asus_gt730_sl_2gd5_brk_images_1469012445.jpg", 20);
INSERT INTO webshop.images (ImageID, Url, ProductID) VALUES (99, "https://i1.rozetka.ua/goods/1469012/asus_gt730_sl_2gd5_brk_images_1469012536.jpg", 20);
INSERT INTO webshop.images (ImageID, Url, ProductID) VALUES (100, "https://i1.rozetka.ua/goods/1469012/asus_gt730_sl_2gd5_brk_images_1469012627.jpg", 20);
INSERT INTO webshop.comments (CommentID, Nickname, Rating, Message, Date, ProductID) VALUES (47, "Владимир", 0, "Купил эту видеокарту, т.к. надоел шум вентиляторных решений. Стоит на материнской плате ASUS B85M-G с процессором Intel i5-4460 и 8 Гб оперативной памяти. Работает с монитором Samsung SyncMaster 2343bw. Операционная система Simply Linux 7.05. Основное назначение - обработка... Еще фотографий. При температуре воздуха в помещении 23 градуса по шкале Цельсия максимально нагревается до 48. В среднем 39-43. Доволен. Спасибо Розетке. Достоинства: Безшумная. Отличная картинка. Недостатки: Неправильная ориентация радиатора в пространстве в рабочем положении. Как бы не пришлось летом ставить дополнительный вентилятор в корпус компьютера.", "2018-0-4", 20);
INSERT INTO webshop.comments (CommentID, Nickname, Rating, Message, Date, ProductID) VALUES (48, "Игорь", 0, "Подскажите подойдет на мать ASUS P5K-VM ?", "2017-10-1", 20);
INSERT INTO webshop.comments (CommentID, Nickname, Rating, Message, Date, ProductID) VALUES (49, "Дмитрий", 0, "При игре в гта5 кочегарилась до 85 градусов и это зимой в продуваемом корпусе. Так что лучше приделать маленький обдув. Цена на уровне gt1030, которая на 30-40% абсолютно не оправдана. Достоинства: Тихая, DDR5 Недостатки: ЦЕНА!, устаревший чип, нагрев.", "2017-10-5", 20);
-- =====================================================================
INSERT INTO webshop.products (ProductID, ProductTypeID, Title, Description, Price) VALUES (21, 6, "Asus PCI-Ex GeForce GT 730 2048MB DDR3 (64bit) (902/1600) (VGA, DVI, HDMI) (GT730-SL-2G-BRK-V2)", "Качественная графика, доступная каждому! Компания Asus представляет видеокарту GT 730, которая оснащается бесшумной системой охлаждения, что делает ее идеальным выбором для компактных HTPC-компьютеров. Данная модель также обладает низким уровнем электромагнитного излучения за счет специального экранирования и является совместимой с утилитой GPU Tweak II для интуитивной настройки производительности. Абсолютно бесшумная работа Радиатор с большой площадью рассеивания тепла справляется с охлаждением видеокарты без применения вентиляторов. Таким образом, данное устройство является абсолютно бесшумным, что делает его идеальным выбором для домашних мультимедийных компьютеров. Компоненты Super Alloy Power II Видеокарты Asus производятся с использованием технологии Auto-Extreme, первого в отрасли 100% автоматизированного производственного процесса, а также обладают превосходными компонентами Super Alloy Power II, которые повышают эффективность, уменьшают потери мощности, уменьшают жужжание компонентов под нагрузкой и более низкие тепловые температуры для непревзойденного качества и надежность. GPU Tweak II Обновленный с интуитивно понятным, совершенно новым пользовательским интерфейсом, GPU Tweak II делает разгон более простым и более визуальным, чем когда-либо, при этом сохраняя дополнительные возможности для опытных оверклокеров. С помощью одного щелчка новая функция Gaming Booster максимизирует производительность системы, удаляя избыточные процессы и автоматически распределяя все доступные ресурсы.", 15664);
INSERT INTO webshop.characteristics (CharacteristicID, CharacteristicTypeID, Value, ProductID) VALUES (381, 1, "PCI-Express x16 2.х", 21);
INSERT INTO webshop.characteristics (CharacteristicID, CharacteristicTypeID, Value, ProductID) VALUES (382, 2, "902 МГц", 21);
INSERT INTO webshop.characteristics (CharacteristicID, CharacteristicTypeID, Value, ProductID) VALUES (383, 16, "2560x1600", 21);
INSERT INTO webshop.characteristics (CharacteristicID, CharacteristicTypeID, Value, ProductID) VALUES (384, 17, "Пассивная", 21);
INSERT INTO webshop.characteristics (CharacteristicID, CharacteristicTypeID, Value, ProductID) VALUES (385, 3, "Нет", 21);
INSERT INTO webshop.characteristics (CharacteristicID, CharacteristicTypeID, Value, ProductID) VALUES (386, 4, "VGA DVI HDMI", 21);
INSERT INTO webshop.characteristics (CharacteristicID, CharacteristicTypeID, Value, ProductID) VALUES (387, 5, "Нет", 21);
INSERT INTO webshop.characteristics (CharacteristicID, CharacteristicTypeID, Value, ProductID) VALUES (388, 6, "1600 МГц", 21);
INSERT INTO webshop.characteristics (CharacteristicID, CharacteristicTypeID, Value, ProductID) VALUES (389, 7, "137 x 69 x 30 мм", 21);
INSERT INTO webshop.characteristics (CharacteristicID, CharacteristicTypeID, Value, ProductID) VALUES (390, 9, "GeForce GT730", 21);
INSERT INTO webshop.characteristics (CharacteristicID, CharacteristicTypeID, Value, ProductID) VALUES (391, 19, "DDR3", 21);
INSERT INTO webshop.characteristics (CharacteristicID, CharacteristicTypeID, Value, ProductID) VALUES (392, 20, "36 месяцев", 21);
INSERT INTO webshop.characteristics (CharacteristicID, CharacteristicTypeID, Value, ProductID) VALUES (393, 21, "1", 21);
INSERT INTO webshop.characteristics (CharacteristicID, CharacteristicTypeID, Value, ProductID) VALUES (394, 22, "Низкопрофильная", 21);
INSERT INTO webshop.characteristics (CharacteristicID, CharacteristicTypeID, Value, ProductID) VALUES (395, 12, "64 бит", 21);
INSERT INTO webshop.characteristics (CharacteristicID, CharacteristicTypeID, Value, ProductID) VALUES (396, 24, "1", 21);
INSERT INTO webshop.characteristics (CharacteristicID, CharacteristicTypeID, Value, ProductID) VALUES (397, 23, "DirectX 11, OpenGL 4.4", 21);
INSERT INTO webshop.characteristics (CharacteristicID, CharacteristicTypeID, Value, ProductID) VALUES (398, 13, "Нет", 21);
INSERT INTO webshop.characteristics (CharacteristicID, CharacteristicTypeID, Value, ProductID) VALUES (399, 14, "Китай", 21);
INSERT INTO webshop.characteristics (CharacteristicID, CharacteristicTypeID, Value, ProductID) VALUES (400, 25, "2 ГБ", 21);
INSERT INTO webshop.characteristics (CharacteristicID, CharacteristicTypeID, Value, ProductID) VALUES (401, 26, "Радиатор", 21);
INSERT INTO webshop.images (ImageID, Url, ProductID) VALUES (101, "https://i1.rozetka.ua/goods/2415752/asus_gt730_sl_2g_brk_v2_images_2415752257.jpg", 21);
INSERT INTO webshop.images (ImageID, Url, ProductID) VALUES (102, "https://i1.rozetka.ua/goods/2415752/asus_gt730_sl_2g_brk_v2_images_2415752465.jpg", 21);
INSERT INTO webshop.images (ImageID, Url, ProductID) VALUES (103, "https://i1.rozetka.ua/goods/2415752/asus_gt730_sl_2g_brk_v2_images_2415752361.jpg", 21);
INSERT INTO webshop.images (ImageID, Url, ProductID) VALUES (104, "https://i2.rozetka.ua/goods/2415752/asus_gt730_sl_2g_brk_v2_images_2415752153.jpg", 21);
INSERT INTO webshop.images (ImageID, Url, ProductID) VALUES (105, "https://i2.rozetka.ua/goods/2415752/asus_gt730_sl_2g_brk_v2_images_2415752569.jpg", 21);
INSERT INTO webshop.comments (CommentID, Nickname, Rating, Message, Date, ProductID) VALUES (50, "Гость", 0, "Сколько минимум должно быть ВТ в БП для этой видеокарты?", "2018-1-1", 21);
INSERT INTO webshop.comments (CommentID, Nickname, Rating, Message, Date, ProductID) VALUES (51, "Сергей", 5, "Плюс этой видеокарты в том что она работает бесшумно , мне ее рекомендовали за то что она не дает излучений, и реально быстро охлаждает, быстрая доставка и запечатано все было хорошо)", "2018-1-6", 21);
-- =====================================================================
INSERT INTO webshop.products (ProductID, ProductTypeID, Title, Description, Price) VALUES (22, 6, "Asus PCI-Ex GeForce GTX 1050 Ti Expedition 4GB GDDR5 (128bit) (1290/7008) (DVI, HDMI, DisplayPort) (EX-GTX1050TI-4G)", "Видеокарта GeForce GTX 1050 Ti Expedition от Asus, объемом памяти 4 ГБ GDDR5, основана на новой архитектуре Pascal и поддерживает предельно высокое разрешение экрана. Модель имеет стильный дизайн корпуса и оснащена запатентованными вентиляторами Wing-Blade, предоставляющими максимальную вентиляцию и обеспечивая на 105% больше давления воздушного потока. Эксклюзивная технология Auto-Extreme использующая компоненты Super Alloy Power II гарантирует превосходную стабильность. GPU Tweak II с XSplit Gamecaster, обеспечивает интуитивно тонкую калибровку производительности и безостановочный игровой стриминг. Вентиляторы с шарикоподшипниками Запатентованная конструкция, обеспечивает максимальный приток воздуха с лопастей вентилятора, предоставляя улучшенное статическое воздушное давление на радиатор, но при этом работая с уровнем шума в три раза ниже нежели в референсных видеокартах и в два раза дольше чем вентиляторы на подшипниках скольжения. Технология Auto-Extreme с использованием Super Alloy Power II — высокое качество и максимальная надежность Посредством полностью автоматизированного производственного процесса, видеокарты Asus производятся с использованием инновационной технологии Auto-Extreme и комплектуются высококачественными компонентами Super Alloy Power II, которые повышают эффективность, снижают потери мощности, понижают уровень шума при высоких нагрузках и обеспечивают низкую температуру нагревания. GPU Tweak II: интуитивный разгон В комплект поставки современных видеокарт Asus входит эксклюзивная утилита GPU Tweak, с помощью которой можно получить полный контроль над графической подсистемой компьютера: изменять частоты и напряжения, настраивать работу вентиляторов, обновлять BIOS и драйверы, следить за состоянием видеокарты и т.д. Утилита предлагает два режима: упрощенный для начинающих пользователей и продвинутый для опытных оверклокеров. XSplit Gamecaster: трансляция процесса игры в режиме реального времени Также, в комплект поставки видеокарты входит утилита XSplit Gamecaster, предназначенная для записи и трансляции процесса игры в режиме реального времени.", 13836);
INSERT INTO webshop.characteristics (CharacteristicID, CharacteristicTypeID, Value, ProductID) VALUES (402, 1, "PCI-Express x16 3.0", 22);
INSERT INTO webshop.characteristics (CharacteristicID, CharacteristicTypeID, Value, ProductID) VALUES (403, 2, "Базовая частота: 1290 МГц В режиме разгона: 1392 МГц", 22);
INSERT INTO webshop.characteristics (CharacteristicID, CharacteristicTypeID, Value, ProductID) VALUES (404, 16, "7680x4320", 22);
INSERT INTO webshop.characteristics (CharacteristicID, CharacteristicTypeID, Value, ProductID) VALUES (405, 17, "Активная", 22);
INSERT INTO webshop.characteristics (CharacteristicID, CharacteristicTypeID, Value, ProductID) VALUES (406, 3, "Нет", 22);
INSERT INTO webshop.characteristics (CharacteristicID, CharacteristicTypeID, Value, ProductID) VALUES (407, 4, "DVI DisplayPort HDMI", 22);
INSERT INTO webshop.characteristics (CharacteristicID, CharacteristicTypeID, Value, ProductID) VALUES (408, 5, "Нет", 22);
INSERT INTO webshop.characteristics (CharacteristicID, CharacteristicTypeID, Value, ProductID) VALUES (409, 6, "7008 МГц", 22);
INSERT INTO webshop.characteristics (CharacteristicID, CharacteristicTypeID, Value, ProductID) VALUES (410, 7, "212 x 111 x 38 мм", 22);
INSERT INTO webshop.characteristics (CharacteristicID, CharacteristicTypeID, Value, ProductID) VALUES (411, 8, "300 Вт", 22);
INSERT INTO webshop.characteristics (CharacteristicID, CharacteristicTypeID, Value, ProductID) VALUES (412, 9, "GeForce GTX 1050 Ti", 22);
INSERT INTO webshop.characteristics (CharacteristicID, CharacteristicTypeID, Value, ProductID) VALUES (413, 19, "GDDR5", 22);
INSERT INTO webshop.characteristics (CharacteristicID, CharacteristicTypeID, Value, ProductID) VALUES (414, 20, "36 месяцев", 22);
INSERT INTO webshop.characteristics (CharacteristicID, CharacteristicTypeID, Value, ProductID) VALUES (415, 21, "1", 22);
INSERT INTO webshop.characteristics (CharacteristicID, CharacteristicTypeID, Value, ProductID) VALUES (416, 22, "Стандартная", 22);
INSERT INTO webshop.characteristics (CharacteristicID, CharacteristicTypeID, Value, ProductID) VALUES (417, 12, "128 бит", 22);
INSERT INTO webshop.characteristics (CharacteristicID, CharacteristicTypeID, Value, ProductID) VALUES (418, 23, "DirectX 12, OpenGL 4.5", 22);
INSERT INTO webshop.characteristics (CharacteristicID, CharacteristicTypeID, Value, ProductID) VALUES (419, 13, "Нет", 22);
INSERT INTO webshop.characteristics (CharacteristicID, CharacteristicTypeID, Value, ProductID) VALUES (420, 25, "4 ГБ", 22);
INSERT INTO webshop.characteristics (CharacteristicID, CharacteristicTypeID, Value, ProductID) VALUES (421, 26, "Dual Fan", 22);
INSERT INTO webshop.images (ImageID, Url, ProductID) VALUES (106, "https://i2.rozetka.ua/goods/1766901/asus_gtx_1050_ex_gtx1050ti_4g_images_1766901522.jpg", 22);
INSERT INTO webshop.images (ImageID, Url, ProductID) VALUES (107, "https://i2.rozetka.ua/goods/1766901/asus_gtx_1050_ex_gtx1050ti_4g_images_1766901704.jpg", 22);
INSERT INTO webshop.images (ImageID, Url, ProductID) VALUES (108, "https://i1.rozetka.ua/goods/1766901/asus_gtx_1050_ex_gtx1050ti_4g_images_1766901977.jpg", 22);
INSERT INTO webshop.images (ImageID, Url, ProductID) VALUES (109, "https://i2.rozetka.ua/goods/1766907/asus_gtx_1050_ex_gtx1050ti_4g_images_1766907423.jpg", 22);
INSERT INTO webshop.images (ImageID, Url, ProductID) VALUES (110, "https://i1.rozetka.ua/goods/1766907/asus_gtx_1050_ex_gtx1050ti_4g_images_1766907542.jpg", 22);
INSERT INTO webshop.comments (CommentID, Nickname, Rating, Message, Date, ProductID) VALUES (52, "Максим", 0, "Добрый день, скажите пожалуйста чем отличается эта версия видеокарты от ОС версии, кроме более высокой цены? Вроде ОС версия по характеристикам лучше, а по цене дешевле! В чем нюанс, и какую лучше выбрать? Обычную или ОС? Спасибо!", "2018-1-4", 22);
INSERT INTO webshop.comments (CommentID, Nickname, Rating, Message, Date, ProductID) VALUES (53, "Борис Яцишин", 0, "подойдёт ли к материнке F2A55M-HD2 GIGABYTE Technology и процесору AMD A8-6500?", "2018-1-3", 22);
INSERT INTO webshop.comments (CommentID, Nickname, Rating, Message, Date, ProductID) VALUES (54, "Natalie", 0, "Добрый день! Подскажите, кто знает, подойдет эта видеокарта для работы в 3d max и ArchiCad? Заранее спасибо", "2018-1-3", 22);
-- =====================================================================
INSERT INTO webshop.products (ProductID, ProductTypeID, Title, Description, Price) VALUES (23, 6, "Asus PCI-Ex GeForce GTX 1050 Ti Expedition OC 4GB GDDR5 (128bit) (1341/7008) (DVI, HDMI, DisplayPort) (EX-GTX1050TI-O4G)", "Видеокарта GeForce GTX 1050 Ti Expedition от Asus, объемом памяти 4 ГБ GDDR5, основана на новой архитектуре Pascal и поддерживает предельно высокое разрешение экрана. Эксклюзивная технология Auto-Extreme использующая компоненты Super Alloy Power II гарантирует превосходную стабильность. GPU Tweak II с XSplit Gamecaster, обеспечивает интуитивно тонкую калибровку производительности и безостановочный игровой стриминг. Вентиляторы с шарикоподшипниками Запатентованная конструкция, обеспечивает максимальный приток воздуха с лопастей вентилятора, предоставляя улучшенное статическое воздушное давление на радиатор, но при этом работая с уровнем шума в три раза ниже нежели в референсных видеокартах и в два раза дольше чем вентиляторы на подшипниках скольжения. Технология Auto-Extreme с использованием Super Alloy Power II — высокое качество и максимальная надежность Посредством полностью автоматизированного производственного процесса, видеокарты Asus производятся с использованием инновационной технологии Auto-Extreme и комплектуются высококачественными компонентами Super Alloy Power II, которые повышают эффективность, снижают потери мощности, понижают уровень шума при высоких нагрузках и обеспечивают низкую температуру нагревания. GPU Tweak II: интуитивный разгон В комплект поставки современных видеокарт Asus входит эксклюзивная утилита GPU Tweak, с помощью которой можно получить полный контроль над графической подсистемой компьютера: изменять частоты и напряжения, настраивать работу вентиляторов, обновлять BIOS и драйверы, следить за состоянием видеокарты и т.д. Утилита предлагает два режима: упрощенный для начинающих пользователей и продвинутый для опытных оверклокеров. XSplit Gamecaster: трансляция процесса игры в режиме реального времени Также, в комплект поставки видеокарты входит утилита XSplit Gamecaster, предназначенная для записи и трансляции процесса игры в режиме реального времени.", 487);
INSERT INTO webshop.characteristics (CharacteristicID, CharacteristicTypeID, Value, ProductID) VALUES (422, 1, "PCI-Express x16 3.0", 23);
INSERT INTO webshop.characteristics (CharacteristicID, CharacteristicTypeID, Value, ProductID) VALUES (423, 2, "Базовая частота: 1341 МГц В режиме разгона: 1455 МГц", 23);
INSERT INTO webshop.characteristics (CharacteristicID, CharacteristicTypeID, Value, ProductID) VALUES (424, 16, "7680x4320", 23);
INSERT INTO webshop.characteristics (CharacteristicID, CharacteristicTypeID, Value, ProductID) VALUES (425, 17, "Активная", 23);
INSERT INTO webshop.characteristics (CharacteristicID, CharacteristicTypeID, Value, ProductID) VALUES (426, 3, "Нет", 23);
INSERT INTO webshop.characteristics (CharacteristicID, CharacteristicTypeID, Value, ProductID) VALUES (427, 4, "DVI DisplayPort HDMI", 23);
INSERT INTO webshop.characteristics (CharacteristicID, CharacteristicTypeID, Value, ProductID) VALUES (428, 5, "Нет", 23);
INSERT INTO webshop.characteristics (CharacteristicID, CharacteristicTypeID, Value, ProductID) VALUES (429, 6, "7008 МГц", 23);
INSERT INTO webshop.characteristics (CharacteristicID, CharacteristicTypeID, Value, ProductID) VALUES (430, 7, "212 x 111 x 38 мм", 23);
INSERT INTO webshop.characteristics (CharacteristicID, CharacteristicTypeID, Value, ProductID) VALUES (431, 8, "300 Вт", 23);
INSERT INTO webshop.characteristics (CharacteristicID, CharacteristicTypeID, Value, ProductID) VALUES (432, 9, "GeForce GTX 1050 Ti", 23);
INSERT INTO webshop.characteristics (CharacteristicID, CharacteristicTypeID, Value, ProductID) VALUES (433, 19, "GDDR5", 23);
INSERT INTO webshop.characteristics (CharacteristicID, CharacteristicTypeID, Value, ProductID) VALUES (434, 20, "36 месяцев", 23);
INSERT INTO webshop.characteristics (CharacteristicID, CharacteristicTypeID, Value, ProductID) VALUES (435, 21, "1", 23);
INSERT INTO webshop.characteristics (CharacteristicID, CharacteristicTypeID, Value, ProductID) VALUES (436, 22, "Стандартная", 23);
INSERT INTO webshop.characteristics (CharacteristicID, CharacteristicTypeID, Value, ProductID) VALUES (437, 12, "128 бит", 23);
INSERT INTO webshop.characteristics (CharacteristicID, CharacteristicTypeID, Value, ProductID) VALUES (438, 23, "DirectX 12, OpenGL 4.5", 23);
INSERT INTO webshop.characteristics (CharacteristicID, CharacteristicTypeID, Value, ProductID) VALUES (439, 13, "Нет", 23);
INSERT INTO webshop.characteristics (CharacteristicID, CharacteristicTypeID, Value, ProductID) VALUES (440, 25, "4 ГБ", 23);
INSERT INTO webshop.characteristics (CharacteristicID, CharacteristicTypeID, Value, ProductID) VALUES (441, 26, "Dual Fan", 23);
INSERT INTO webshop.images (ImageID, Url, ProductID) VALUES (111, "https://i1.rozetka.ua/goods/1841862/copy_asus_gtx_1050_ex_gtx1050ti_4g_5889b795089f1_images_1841862227.jpg", 23);
INSERT INTO webshop.images (ImageID, Url, ProductID) VALUES (112, "https://i2.rozetka.ua/goods/1841862/copy_asus_gtx_1050_ex_gtx1050ti_4g_5889b795089f1_images_1841862318.jpg", 23);
INSERT INTO webshop.images (ImageID, Url, ProductID) VALUES (113, "https://i1.rozetka.ua/goods/1841862/copy_asus_gtx_1050_ex_gtx1050ti_4g_5889b795089f1_images_1841862409.jpg", 23);
INSERT INTO webshop.images (ImageID, Url, ProductID) VALUES (114, "https://i2.rozetka.ua/goods/1841862/copy_asus_gtx_1050_ex_gtx1050ti_4g_5889b795089f1_images_1841862500.jpg", 23);
INSERT INTO webshop.images (ImageID, Url, ProductID) VALUES (115, "https://i2.rozetka.ua/goods/1841875/asus_gtx_1050_ex_gtx1050ti_o4g_images_1841875240.jpg", 23);
INSERT INTO webshop.images (ImageID, Url, ProductID) VALUES (116, "https://i2.rozetka.ua/goods/1841875/asus_gtx_1050_ex_gtx1050ti_o4g_images_1841875149.jpg", 23);
INSERT INTO webshop.comments (CommentID, Nickname, Rating, Message, Date, ProductID) VALUES (55, "Станислав Таран", 0, "Підкажіть в чому різниця між цією картою та https://hard.rozetka.com.ua/ua/asus_gtx_1050_ex_gtx1050ti_4g/p12150629/comments/page=2/#tab=all та чи вплине ця різниця при роботі з процесором Intel Pentium G4620 3.7GHz/8GT/s/3MB", "2018-1-1", 23);
INSERT INTO webshop.comments (CommentID, Nickname, Rating, Message, Date, ProductID) VALUES (56, "TViCS", 0, "Посоветуйте проц i3 8100 или Ryzen 3 1200", "2018-1-1", 23);
INSERT INTO webshop.comments (CommentID, Nickname, Rating, Message, Date, ProductID) VALUES (57, "Александр", 0, "подойдет к материнке GA-970A-D3?", "2018-1-3", 23);
-- =====================================================================
INSERT INTO webshop.products (ProductID, ProductTypeID, Title, Description, Price) VALUES (24, 6, "Asus PCI-Ex GeForce GTX 1070 Expedition 8GB GDDR5 (256bit) (1506/8008) (DVI, 2 x HDMI, 2 x DisplayPort) (EX-GTX1070-8G)", "Видеокарта GeForce GTX 1070 Expedition от Asus, объемом памяти 8 ГБ GDDR5, основана на новой архитектуре Pascal и поддерживает предельно высокое разрешение экрана. Эксклюзивная технология Auto-Extreme использующая компоненты Super Alloy Power II гарантирует превосходную стабильность. GPU Tweak II с XSplit Gamecaster, обеспечивает интуитивно тонкую калибровку производительности и безостановочный игровой стриминг. Созданы для надежности Видеокарты ASUS серии Expedition созданы для надежной и бесперебойной работы. Благодаря долговечным компонентам их срок эксплуатации увеличен вдвое по сравнению с обычными устройствами в данном классе. Они прошли строгие тесты, включая тестирование работы в бездисковой конфигурации в течение 144 часов, а также проверку на совместимость с самыми популярными играми. В комплект поставки видеокарты входит утилита GPU Tweak II для настройки и мониторинга ее параметров с модулем XSplit Gamecaster для онлайн-трансляции игр. Качественные вентиляторы и поддержка пассивного режима работы Вентилятор с двойным шарикоподшипником, использующийся в кулере видеокарты ASUS Expedition GeForce GTX 1070, обладает в несколько раз большим сроком службы, чем традиционные вентиляторы с подшипниками скольжения. Данная видеокарта может работать абсолютно бесшумно. Вентиляторы будут выключены до достижения заданной температуры графического процессора. Технологии Auto-Extreme и Super Alloy Power II Стабильной работе видеокарт способствует высококачественная элементная база и эксклюзивная технология Auto-Extreme, которая подразумевает первый в индустрии на 100% автоматизированный процесс производства. Компоненты Super Alloy Power II обеспечивают эффективное потребление энергии, значительно уменьшенный уровень вибраций и шума при максимальной нагрузке и снижение рабочей температуры. Проверенная надежность Видеокарты данной серии подвергаются дополнительным испытаниям на стабильность работы в условиях, приближенных к обстановке настоящих компьютерных клубов и интернет-кафе. В лаборатории ASUS iCafé Labs видеокарты устанавливаются в бездисковую конфигурацию ПК и проходят ряд тестов, включая 2-часовой тест перезагрузки и 15-часовой тест для проверки работоспособности при повышенной нагрузке (3D Mark). Общее время тестирования составляет 144 часов. Утилита GPU Tweak II с модулем Xsplit Gamecaster Современные видеокарты ASUS совместимы с эксклюзивной утилитой GPU Tweak II, с помощью которой можно получить полный контроль над графической подсистемой компьютера. Например, новая функция Gaming Booster позволяет моментально выделить все доступные вычислительные ресурсы под 3D-приложение, чтобы обеспечить максимальную производительность. Функция Gaming Booster Повышение производительности за счет отключения визуальных эффектов интерфейса Windows. Автоматическое или ручное отключение служб и процессов Windows. Высвобождение системной памяти без закрытия запущенных процессов.", 2120);
INSERT INTO webshop.characteristics (CharacteristicID, CharacteristicTypeID, Value, ProductID) VALUES (442, 1, "PCI-Express x16 3.0", 24);
INSERT INTO webshop.characteristics (CharacteristicID, CharacteristicTypeID, Value, ProductID) VALUES (443, 2, "Gaming Mode: Базовая частота: 1506 МГц В режиме разгона: 1683 МГц OC Mode: Базовая частота: 1531 МГц В режиме разгона: 1721 МГц", 24);
INSERT INTO webshop.characteristics (CharacteristicID, CharacteristicTypeID, Value, ProductID) VALUES (444, 16, "7680x4320", 24);
INSERT INTO webshop.characteristics (CharacteristicID, CharacteristicTypeID, Value, ProductID) VALUES (445, 17, "Активная", 24);
INSERT INTO webshop.characteristics (CharacteristicID, CharacteristicTypeID, Value, ProductID) VALUES (446, 3, "8 pin", 24);
INSERT INTO webshop.characteristics (CharacteristicID, CharacteristicTypeID, Value, ProductID) VALUES (447, 4, "DVI DisplayPort HDMI", 24);
INSERT INTO webshop.characteristics (CharacteristicID, CharacteristicTypeID, Value, ProductID) VALUES (448, 5, "Есть", 24);
INSERT INTO webshop.characteristics (CharacteristicID, CharacteristicTypeID, Value, ProductID) VALUES (449, 6, "8008 МГц", 24);
INSERT INTO webshop.characteristics (CharacteristicID, CharacteristicTypeID, Value, ProductID) VALUES (450, 7, "240 x 131 x 38 мм", 24);
INSERT INTO webshop.characteristics (CharacteristicID, CharacteristicTypeID, Value, ProductID) VALUES (451, 9, "GeForce GTX 1070", 24);
INSERT INTO webshop.characteristics (CharacteristicID, CharacteristicTypeID, Value, ProductID) VALUES (452, 19, "GDDR5", 24);
INSERT INTO webshop.characteristics (CharacteristicID, CharacteristicTypeID, Value, ProductID) VALUES (453, 20, "36 месяцев", 24);
INSERT INTO webshop.characteristics (CharacteristicID, CharacteristicTypeID, Value, ProductID) VALUES (454, 21, "1", 24);
INSERT INTO webshop.characteristics (CharacteristicID, CharacteristicTypeID, Value, ProductID) VALUES (455, 22, "Стандартная", 24);
INSERT INTO webshop.characteristics (CharacteristicID, CharacteristicTypeID, Value, ProductID) VALUES (456, 12, "256 бит", 24);
INSERT INTO webshop.characteristics (CharacteristicID, CharacteristicTypeID, Value, ProductID) VALUES (457, 23, "DirectX 12, OpenGL 4.5", 24);
INSERT INTO webshop.characteristics (CharacteristicID, CharacteristicTypeID, Value, ProductID) VALUES (458, 13, "Нет", 24);
INSERT INTO webshop.characteristics (CharacteristicID, CharacteristicTypeID, Value, ProductID) VALUES (459, 25, "8 ГБ", 24);
INSERT INTO webshop.characteristics (CharacteristicID, CharacteristicTypeID, Value, ProductID) VALUES (460, 26, "Dual Fan", 24);
INSERT INTO webshop.images (ImageID, Url, ProductID) VALUES (117, "https://i1.rozetka.ua/goods/2584114/copy_asus_gtx_1070_ex_gtx1070_o8g_5a61aceae20f7_images_2584114191.jpg", 24);
INSERT INTO webshop.images (ImageID, Url, ProductID) VALUES (118, "https://i2.rozetka.ua/goods/2584114/copy_asus_gtx_1070_ex_gtx1070_o8g_5a61aceae20f7_images_2584114295.jpg", 24);
INSERT INTO webshop.images (ImageID, Url, ProductID) VALUES (119, "https://i1.rozetka.ua/goods/2584114/copy_asus_gtx_1070_ex_gtx1070_o8g_5a61aceae20f7_images_2584114399.jpg", 24);
INSERT INTO webshop.comments (CommentID, Nickname, Rating, Message, Date, ProductID) VALUES (58, "Данил", 0, "Вопрос к компании асус, какая температура и производительность данной карты, на сколько лет ее хватит в плане производительности и долговечности?", "2018-1-6", 24);
INSERT INTO webshop.comments (CommentID, Nickname, Rating, Message, Date, ProductID) VALUES (59, "Михаил", 4, "через две недели использования заметил что один из вентиляторов начинает трещать при оборотах куллера на 45-55% - это при хорошей нагрузке карточки в играх (температура 65-70градусов: GTA, battlefield). Карта меня полностью устраивает - если не нагружать всё ок, но ведь треск сильно раздражает.... Еще > Сдавать в сервисный ?", "2018-1-4", 24);
-- =====================================================================
INSERT INTO webshop.products (ProductID, ProductTypeID, Title, Description, Price) VALUES (25, 6, "Asus PCI-Ex GeForce GT 710 1GB GDDR5 (32bit) (954/5012) (VGA, DVI, HDMI) (GT710-SL-1GD5)", "Недорогая и бесшумная видеокарта на базе графического ядра GeForce GT 710 Бесшумная система охлаждения Полностью автоматизированный процесс производства (технология Auto-Extreme) Удобная разгонная утилита GPU Tweak II Уровень шума – 0 дБ ASUS GT 710 – это видеокарта начального уровня, оснащенная пассивной (без использования вентиляторов) системой охлаждения, что делает ее идеальным выбором для бесшумных мультимедийных компьютеров. В устройстве применены эксклюзивные технологии ASUS, направленные на повышение стабильности работы, а для гибкой настройки его параметров предлагается удобная утилита GPU Tweak II. Интерфейсы 1 разъем D-Sub 1 разъем DVI-D 1 разъем HDMI Бесшумная система охлаждения Идеальное решение для HTPC-компьютеров Радиатор с большой площадью рассеивания тепла справляется с охлаждением видеокарты без применения вентиляторов. Данное устройство является абсолютно бесшумным, что делает его идеальным выбором для домашних мультимедийных компьютеров. Технология Auto-Extreme Качество и надежность Высокому качеству готового устройства способствует полностью автоматизированный процесс производства (технология Auto-Extreme), который соответствует более строгим экологическим нормам за счет устранения вредных химических веществ и уменьшения энергопотребления на 50%. Для мультимониторных конфигураций Данная видеокарта позволяет подключать одновременно три монитора по интерфейсам HDMI, DVI и D-Sub. GPU Tweak II Для гибкой настройки графической подсистемы Современные видеокарты ASUS совместимы с эксклюзивной утилитой GPU Tweak II, с помощью которой можно получить полный контроль над графической подсистемой компьютера. Например, новая функция Gaming Booster позволяет моментально выделить все доступные вычислительные ресурсы под 3D-приложение, чтобы обеспечить максимальную производительность. Gaming Booster Оптимизация одним щелчком мыши Визуальные эффекты: Повышение производительности за счет отключения визуальных эффектов интерфейса Windows. Системные службы: Автоматическое или ручное отключение служб и процессов Windows. Дефрагментация памяти: Высвобождение системной памяти без закрытия запущенных процессов.", 10219);
INSERT INTO webshop.characteristics (CharacteristicID, CharacteristicTypeID, Value, ProductID) VALUES (461, 1, "PCI-Express x8 2.0", 25);
INSERT INTO webshop.characteristics (CharacteristicID, CharacteristicTypeID, Value, ProductID) VALUES (462, 2, "954 МГц", 25);
INSERT INTO webshop.characteristics (CharacteristicID, CharacteristicTypeID, Value, ProductID) VALUES (463, 16, "2560x1600", 25);
INSERT INTO webshop.characteristics (CharacteristicID, CharacteristicTypeID, Value, ProductID) VALUES (464, 17, "Пассивная", 25);
INSERT INTO webshop.characteristics (CharacteristicID, CharacteristicTypeID, Value, ProductID) VALUES (465, 3, "Нет", 25);
INSERT INTO webshop.characteristics (CharacteristicID, CharacteristicTypeID, Value, ProductID) VALUES (466, 4, "VGA DVI HDMI", 25);
INSERT INTO webshop.characteristics (CharacteristicID, CharacteristicTypeID, Value, ProductID) VALUES (467, 5, "Нет", 25);
INSERT INTO webshop.characteristics (CharacteristicID, CharacteristicTypeID, Value, ProductID) VALUES (468, 6, "5012 МГц", 25);
INSERT INTO webshop.characteristics (CharacteristicID, CharacteristicTypeID, Value, ProductID) VALUES (469, 7, "167 x 69 x 17 мм", 25);
INSERT INTO webshop.characteristics (CharacteristicID, CharacteristicTypeID, Value, ProductID) VALUES (470, 8, "300 Вт", 25);
INSERT INTO webshop.characteristics (CharacteristicID, CharacteristicTypeID, Value, ProductID) VALUES (471, 9, "GeForce GT710", 25);
INSERT INTO webshop.characteristics (CharacteristicID, CharacteristicTypeID, Value, ProductID) VALUES (472, 19, "GDDR5", 25);
INSERT INTO webshop.characteristics (CharacteristicID, CharacteristicTypeID, Value, ProductID) VALUES (473, 20, "36 месяцев", 25);
INSERT INTO webshop.characteristics (CharacteristicID, CharacteristicTypeID, Value, ProductID) VALUES (474, 21, "1", 25);
INSERT INTO webshop.characteristics (CharacteristicID, CharacteristicTypeID, Value, ProductID) VALUES (475, 22, "Низкопрофильная", 25);
INSERT INTO webshop.characteristics (CharacteristicID, CharacteristicTypeID, Value, ProductID) VALUES (476, 12, "32 бит", 25);
INSERT INTO webshop.characteristics (CharacteristicID, CharacteristicTypeID, Value, ProductID) VALUES (477, 24, "1", 25);
INSERT INTO webshop.characteristics (CharacteristicID, CharacteristicTypeID, Value, ProductID) VALUES (478, 23, "DirectX 12, OpenGL 4.5", 25);
INSERT INTO webshop.characteristics (CharacteristicID, CharacteristicTypeID, Value, ProductID) VALUES (479, 13, "Нет", 25);
INSERT INTO webshop.characteristics (CharacteristicID, CharacteristicTypeID, Value, ProductID) VALUES (480, 25, "1 ГБ", 25);
INSERT INTO webshop.characteristics (CharacteristicID, CharacteristicTypeID, Value, ProductID) VALUES (481, 26, "Радиатор", 25);
INSERT INTO webshop.images (ImageID, Url, ProductID) VALUES (120, "https://i2.rozetka.ua/goods/2187801/asus_gt_710_sl_1g_d5_images_2187801589.jpg", 25);
INSERT INTO webshop.images (ImageID, Url, ProductID) VALUES (121, "https://i2.rozetka.ua/goods/2187883/asus_gt_710_sl_1gd5_images_2187883398.jpg", 25);
INSERT INTO webshop.images (ImageID, Url, ProductID) VALUES (122, "https://i1.rozetka.ua/goods/2187801/asus_gt_710_sl_1g_d5_images_2187801771.jpg", 25);
INSERT INTO webshop.images (ImageID, Url, ProductID) VALUES (123, "https://i1.rozetka.ua/goods/2187801/asus_gt_710_sl_1g_d5_images_2187801862.jpg", 25);
INSERT INTO webshop.images (ImageID, Url, ProductID) VALUES (124, "https://i1.rozetka.ua/goods/2187801/asus_gt_710_sl_1g_d5_images_2187801953.jpg", 25);
INSERT INTO webshop.comments (CommentID, Nickname, Rating, Message, Date, ProductID) VALUES (60, "Виталий Олейник", 0, "Подойдёт к мат. mcp6pb m2+ и проц. Amd athlon ll 250 x2 3.00Ghz и блок питания 300w оперативки 2гб. С видеокартой какой фпс в кс го будет?", "2018-1-0", 25);
INSERT INTO webshop.comments (CommentID, Nickname, Rating, Message, Date, ProductID) VALUES (61, "Влад Литвинець", 4, "З процессором і5 3330 і 4 гб ОЗУ в cs go видає 80 - 120 fps. На мінімалках. Достоинства: Дешева. Не великі розміри. Недостатки: Після того як прставив цю відеокарту, компютер під час запуску починає піщати (4 коротких) але все працює нормально. Не знаю що це.", "2018-1-4", 25);
INSERT INTO webshop.comments (CommentID, Nickname, Rating, Message, Date, ProductID) VALUES (62, "Drayme", 0, "2-х ядерный процессор 2.8 герц,4 Гб оперативной памяти ддр 2,с этой видеокартой скок фпс будет в кс го/дота 2?", "2018-1-1", 25);
-- =====================================================================
INSERT INTO webshop.products (ProductID, ProductTypeID, Title, Description, Price) VALUES (26, 6, "Asus PCI-Ex GeForce GT 710 1GB GDDR5 (32bit) (954/5012) (VGA, DVI, HDMI) (GT710-SL-1GD5-BRK)", "Недорогая и бесшумная видеокарта на базе графического ядра GeForce GT 710 Бесшумная система охлаждения Полностью автоматизированный процесс производства (технология Auto-Extreme) Удобная разгонная утилита GPU Tweak II Уровень шума – 0 дБ ASUS GT 710 – это видеокарта начального уровня, оснащенная пассивной (без использования вентиляторов) системой охлаждения, что делает ее идеальным выбором для бесшумных мультимедийных компьютеров. В устройстве применены эксклюзивные технологии ASUS, направленные на повышение стабильности работы, а для гибкой настройки его параметров предлагается удобная утилита GPU Tweak II. Интерфейсы 1 разъем D-Sub 1 разъем DVI-D 1 разъем HDMI Бесшумная система охлаждения Идеальное решение для HTPC-компьютеров Радиатор с большой площадью рассеивания тепла справляется с охлаждением видеокарты без применения вентиляторов. Данное устройство является абсолютно бесшумным, что делает его идеальным выбором для домашних мультимедийных компьютеров. Технология Auto-Extreme Качество и надежность Высокому качеству готового устройства способствует полностью автоматизированный процесс производства (технология Auto-Extreme), который соответствует более строгим экологическим нормам за счет устранения вредных химических веществ и уменьшения энергопотребления на 50%. Для мультимониторных конфигураций Данная видеокарта позволяет подключать одновременно три монитора по интерфейсам HDMI, DVI и D-Sub. GPU Tweak II Для гибкой настройки графической подсистемы Современные видеокарты ASUS совместимы с эксклюзивной утилитой GPU Tweak II, с помощью которой можно получить полный контроль над графической подсистемой компьютера. Например, новая функция Gaming Booster позволяет моментально выделить все доступные вычислительные ресурсы под 3D-приложение, чтобы обеспечить максимальную производительность. Gaming Booster Оптимизация одним щелчком мыши Визуальные эффекты: Повышение производительности за счет отключения визуальных эффектов интерфейса Windows. Системные службы: Автоматическое или ручное отключение служб и процессов Windows. Дефрагментация памяти: Высвобождение системной памяти без закрытия запущенных процессов. Низкопрофильные планки Данная модель видеокарты комплектуется низкопрофильными планками.", 17255);
INSERT INTO webshop.characteristics (CharacteristicID, CharacteristicTypeID, Value, ProductID) VALUES (482, 1, "PCI-Express x8 2.0", 26);
INSERT INTO webshop.characteristics (CharacteristicID, CharacteristicTypeID, Value, ProductID) VALUES (483, 2, "954 МГц", 26);
INSERT INTO webshop.characteristics (CharacteristicID, CharacteristicTypeID, Value, ProductID) VALUES (484, 16, "2560x1600", 26);
INSERT INTO webshop.characteristics (CharacteristicID, CharacteristicTypeID, Value, ProductID) VALUES (485, 17, "Пассивная", 26);
INSERT INTO webshop.characteristics (CharacteristicID, CharacteristicTypeID, Value, ProductID) VALUES (486, 3, "Нет", 26);
INSERT INTO webshop.characteristics (CharacteristicID, CharacteristicTypeID, Value, ProductID) VALUES (487, 4, "VGA DVI HDMI", 26);
INSERT INTO webshop.characteristics (CharacteristicID, CharacteristicTypeID, Value, ProductID) VALUES (488, 5, "Нет", 26);
INSERT INTO webshop.characteristics (CharacteristicID, CharacteristicTypeID, Value, ProductID) VALUES (489, 6, "5012 МГц", 26);
INSERT INTO webshop.characteristics (CharacteristicID, CharacteristicTypeID, Value, ProductID) VALUES (490, 7, "167 x 69 x 17 мм", 26);
INSERT INTO webshop.characteristics (CharacteristicID, CharacteristicTypeID, Value, ProductID) VALUES (491, 8, "300 Вт", 26);
INSERT INTO webshop.characteristics (CharacteristicID, CharacteristicTypeID, Value, ProductID) VALUES (492, 9, "GeForce GT710", 26);
INSERT INTO webshop.characteristics (CharacteristicID, CharacteristicTypeID, Value, ProductID) VALUES (493, 19, "GDDR5", 26);
INSERT INTO webshop.characteristics (CharacteristicID, CharacteristicTypeID, Value, ProductID) VALUES (494, 20, "36 месяцев", 26);
INSERT INTO webshop.characteristics (CharacteristicID, CharacteristicTypeID, Value, ProductID) VALUES (495, 21, "1", 26);
INSERT INTO webshop.characteristics (CharacteristicID, CharacteristicTypeID, Value, ProductID) VALUES (496, 22, "Низкопрофильная", 26);
INSERT INTO webshop.characteristics (CharacteristicID, CharacteristicTypeID, Value, ProductID) VALUES (497, 12, "32 бит", 26);
INSERT INTO webshop.characteristics (CharacteristicID, CharacteristicTypeID, Value, ProductID) VALUES (498, 24, "1", 26);
INSERT INTO webshop.characteristics (CharacteristicID, CharacteristicTypeID, Value, ProductID) VALUES (499, 23, "DirectX 12, OpenGL 4.5", 26);
INSERT INTO webshop.characteristics (CharacteristicID, CharacteristicTypeID, Value, ProductID) VALUES (500, 13, "Нет", 26);
INSERT INTO webshop.characteristics (CharacteristicID, CharacteristicTypeID, Value, ProductID) VALUES (501, 25, "1 ГБ", 26);
INSERT INTO webshop.characteristics (CharacteristicID, CharacteristicTypeID, Value, ProductID) VALUES (502, 26, "Радиатор", 26);
INSERT INTO webshop.images (ImageID, Url, ProductID) VALUES (125, "https://i1.rozetka.ua/goods/2187914/asus_gt_710_sl_1gd5_brk_images_2187914079.jpg", 26);
INSERT INTO webshop.images (ImageID, Url, ProductID) VALUES (126, "https://i1.rozetka.ua/goods/2187914/asus_gt_710_sl_1gd5_brk_images_2187914289.jpg", 26);
INSERT INTO webshop.images (ImageID, Url, ProductID) VALUES (127, "https://i1.rozetka.ua/goods/2187914/asus_gt_710_sl_1gd5_brk_images_2187914429.jpg", 26);
INSERT INTO webshop.images (ImageID, Url, ProductID) VALUES (128, "https://i2.rozetka.ua/goods/2187914/asus_gt_710_sl_1gd5_brk_images_2187914520.jpg", 26);
INSERT INTO webshop.images (ImageID, Url, ProductID) VALUES (129, "https://i1.rozetka.ua/goods/2187914/asus_gt_710_sl_1gd5_brk_images_2187914611.jpg", 26);
INSERT INTO webshop.comments (CommentID, Nickname, Rating, Message, Date, ProductID) VALUES (63, "Arko Man", 0, "Подойдёт для материнки Asus M2N-E и процессору AMD Athlon(tm) 64 X2 Dual Core Processor 5000+ ?Дайте ответ пожалуйсто.", "2018-0-5", 26);
INSERT INTO webshop.comments (CommentID, Nickname, Rating, Message, Date, ProductID) VALUES (64, "Валентин", 0, "Вопрос к представителям ASUS, что такое -BRK в названии видеокарты и почему видеокарта с -BRK дороже???? Для меня это срочно и важно так как сделать заказ хочу уже сегодня. Достоинства: Дешевая Недостатки: Не понятно в чем разница между схожими по характеристиказ картами от ASUS", "2017-11-4", 26);
INSERT INTO webshop.comments (CommentID, Nickname, Rating, Message, Date, ProductID) VALUES (65, "Роман Грубрин", 5, "Карточка, звичайно, не ігрова, але як обновка для старого компа, маст хев. Для мультимедіа, соціалок, фільмів та фотошопу достатньо. Працює в парі з древнім процесором Athlon X2 3800+ 2Ghz. 3гб оперативки. Full HD відео в 60 fps тягне без проблем. Достоинства: Компактна, не гріється, низькопрофільна планка в комплекті, ціна, можливість підключення 3-х моніторів Недостатки: Нові ігри не потягне)", "2017-9-5", 26);
-- =====================================================================
INSERT INTO webshop.products (ProductID, ProductTypeID, Title, Description, Price) VALUES (27, 6, "Asus PCI-Ex GeForce GT 710 2GB GDDR5 (64bit) (954/5012) (VGA, DVI, HDMI) (GT710-SL-2GD5)", "Недорогая и бесшумная видеокарта на базе графического ядра GeForce GT 710 Бесшумная система охлаждения Полностью автоматизированный процесс производства (технология Auto-Extreme) Удобная разгонная утилита GPU Tweak II Уровень шума – 0 дБ ASUS GT 710 – это видеокарта начального уровня, оснащенная пассивной (без использования вентиляторов) системой охлаждения, что делает ее идеальным выбором для бесшумных мультимедийных компьютеров. В устройстве применены эксклюзивные технологии ASUS, направленные на повышение стабильности работы, а для гибкой настройки его параметров предлагается удобная утилита GPU Tweak II. Интерфейсы 1 разъем D-Sub 1 разъем DVI-D 1 разъем HDMI Бесшумная система охлаждения Идеальное решение для HTPC-компьютеров Радиатор с большой площадью рассеивания тепла справляется с охлаждением видеокарты без применения вентиляторов. Данное устройство является абсолютно бесшумным, что делает его идеальным выбором для домашних мультимедийных компьютеров. Технология Auto-Extreme Качество и надежность Высокому качеству готового устройства способствует полностью автоматизированный процесс производства (технология Auto-Extreme), который соответствует более строгим экологическим нормам за счет устранения вредных химических веществ и уменьшения энергопотребления на 50%. Для мультимониторных конфигураций Данная видеокарта позволяет подключать одновременно три монитора по интерфейсам HDMI, DVI и D-Sub. GPU Tweak II Для гибкой настройки графической подсистемы Современные видеокарты ASUS совместимы с эксклюзивной утилитой GPU Tweak II, с помощью которой можно получить полный контроль над графической подсистемой компьютера. Например, новая функция Gaming Booster позволяет моментально выделить все доступные вычислительные ресурсы под 3D-приложение, чтобы обеспечить максимальную производительность. Gaming Booster Оптимизация одним щелчком мыши Визуальные эффекты: Повышение производительности за счет отключения визуальных эффектов интерфейса Windows. Системные службы: Автоматическое или ручное отключение служб и процессов Windows. Дефрагментация памяти: Высвобождение системной памяти без закрытия запущенных процессов.", 12165);
INSERT INTO webshop.characteristics (CharacteristicID, CharacteristicTypeID, Value, ProductID) VALUES (503, 1, "PCI-Express x8 2.0", 27);
INSERT INTO webshop.characteristics (CharacteristicID, CharacteristicTypeID, Value, ProductID) VALUES (504, 2, "954 МГц", 27);
INSERT INTO webshop.characteristics (CharacteristicID, CharacteristicTypeID, Value, ProductID) VALUES (505, 16, "2560x1600", 27);
INSERT INTO webshop.characteristics (CharacteristicID, CharacteristicTypeID, Value, ProductID) VALUES (506, 17, "Пассивная", 27);
INSERT INTO webshop.characteristics (CharacteristicID, CharacteristicTypeID, Value, ProductID) VALUES (507, 3, "Нет", 27);
INSERT INTO webshop.characteristics (CharacteristicID, CharacteristicTypeID, Value, ProductID) VALUES (508, 4, "VGA DVI HDMI", 27);
INSERT INTO webshop.characteristics (CharacteristicID, CharacteristicTypeID, Value, ProductID) VALUES (509, 5, "Нет", 27);
INSERT INTO webshop.characteristics (CharacteristicID, CharacteristicTypeID, Value, ProductID) VALUES (510, 6, "5012 МГц", 27);
INSERT INTO webshop.characteristics (CharacteristicID, CharacteristicTypeID, Value, ProductID) VALUES (511, 7, "167 x 69 x 17 мм", 27);
INSERT INTO webshop.characteristics (CharacteristicID, CharacteristicTypeID, Value, ProductID) VALUES (512, 8, "300 Вт", 27);
INSERT INTO webshop.characteristics (CharacteristicID, CharacteristicTypeID, Value, ProductID) VALUES (513, 9, "GeForce GT710", 27);
INSERT INTO webshop.characteristics (CharacteristicID, CharacteristicTypeID, Value, ProductID) VALUES (514, 19, "GDDR5", 27);
INSERT INTO webshop.characteristics (CharacteristicID, CharacteristicTypeID, Value, ProductID) VALUES (515, 20, "36 месяцев", 27);
INSERT INTO webshop.characteristics (CharacteristicID, CharacteristicTypeID, Value, ProductID) VALUES (516, 21, "1", 27);
INSERT INTO webshop.characteristics (CharacteristicID, CharacteristicTypeID, Value, ProductID) VALUES (517, 22, "Низкопрофильная", 27);
INSERT INTO webshop.characteristics (CharacteristicID, CharacteristicTypeID, Value, ProductID) VALUES (518, 12, "64 бит", 27);
INSERT INTO webshop.characteristics (CharacteristicID, CharacteristicTypeID, Value, ProductID) VALUES (519, 24, "1", 27);
INSERT INTO webshop.characteristics (CharacteristicID, CharacteristicTypeID, Value, ProductID) VALUES (520, 23, "DirectX 12, OpenGL 4.5", 27);
INSERT INTO webshop.characteristics (CharacteristicID, CharacteristicTypeID, Value, ProductID) VALUES (521, 13, "Нет", 27);
INSERT INTO webshop.characteristics (CharacteristicID, CharacteristicTypeID, Value, ProductID) VALUES (522, 25, "2 ГБ", 27);
INSERT INTO webshop.characteristics (CharacteristicID, CharacteristicTypeID, Value, ProductID) VALUES (523, 26, "Радиатор", 27);
INSERT INTO webshop.images (ImageID, Url, ProductID) VALUES (130, "https://i2.rozetka.ua/goods/2187910/asus_gt_710_sl_2gd5_images_2187910516.jpg", 27);
INSERT INTO webshop.images (ImageID, Url, ProductID) VALUES (131, "https://i2.rozetka.ua/goods/2187910/asus_gt_710_sl_2gd5_images_2187910607.jpg", 27);
INSERT INTO webshop.images (ImageID, Url, ProductID) VALUES (132, "https://i1.rozetka.ua/goods/2187910/asus_gt_710_sl_2gd5_images_2187910698.jpg", 27);
INSERT INTO webshop.images (ImageID, Url, ProductID) VALUES (133, "https://i2.rozetka.ua/goods/2187910/asus_gt_710_sl_2gd5_images_2187910789.jpg", 27);
INSERT INTO webshop.images (ImageID, Url, ProductID) VALUES (134, "https://i2.rozetka.ua/goods/2187910/asus_gt_710_sl_2gd5_images_2187910880.jpg", 27);
INSERT INTO webshop.comments (CommentID, Nickname, Rating, Message, Date, ProductID) VALUES (66, "Денис", 0, "подойдет ли это видеокарта к материнской плате Asus P5B?", "2018-1-4", 27);
INSERT INTO webshop.comments (CommentID, Nickname, Rating, Message, Date, ProductID) VALUES (67, "Саша Терещенко", 0, "Пойдет ли игра War Thunder на средних?Спасибо заранее)", "2018-1-3", 27);
INSERT INTO webshop.comments (CommentID, Nickname, Rating, Message, Date, ProductID) VALUES (68, "Гость", 0, "Разкроет ли её i3 2120?", "2018-1-2", 27);
-- =====================================================================
INSERT INTO webshop.products (ProductID, ProductTypeID, Title, Description, Price) VALUES (28, 6, "Asus PCI-Ex GeForce GT 710 2GB GDDR5 (64bit) (954/5012) (VGA, DVI, HDMI) (GT710-SL-2GD5-BRK)", "Недорогая и бесшумная видеокарта на базе графического ядра GeForce GT 710 Бесшумная система охлаждения Полностью автоматизированный процесс производства (технология Auto-Extreme) Удобная разгонная утилита GPU Tweak II Уровень шума – 0 дБ ASUS GT 710 – это видеокарта начального уровня, оснащенная пассивной (без использования вентиляторов) системой охлаждения, что делает ее идеальным выбором для бесшумных мультимедийных компьютеров. В устройстве применены эксклюзивные технологии ASUS, направленные на повышение стабильности работы, а для гибкой настройки его параметров предлагается удобная утилита GPU Tweak II. Интерфейсы 1 разъем D-Sub 1 разъем DVI-D 1 разъем HDMI Бесшумная система охлаждения Идеальное решение для HTPC-компьютеров Радиатор с большой площадью рассеивания тепла справляется с охлаждением видеокарты без применения вентиляторов. Данное устройство является абсолютно бесшумным, что делает его идеальным выбором для домашних мультимедийных компьютеров. Технология Auto-Extreme Качество и надежность Высокому качеству готового устройства способствует полностью автоматизированный процесс производства (технология Auto-Extreme), который соответствует более строгим экологическим нормам за счет устранения вредных химических веществ и уменьшения энергопотребления на 50%. Для мультимониторных конфигураций Данная видеокарта позволяет подключать одновременно три монитора по интерфейсам HDMI, DVI и D-Sub. GPU Tweak II Для гибкой настройки графической подсистемы Современные видеокарты ASUS совместимы с эксклюзивной утилитой GPU Tweak II, с помощью которой можно получить полный контроль над графической подсистемой компьютера. Например, новая функция Gaming Booster позволяет моментально выделить все доступные вычислительные ресурсы под 3D-приложение, чтобы обеспечить максимальную производительность. Gaming Booster Оптимизация одним щелчком мыши Визуальные эффекты: Повышение производительности за счет отключения визуальных эффектов интерфейса Windows. Системные службы: Автоматическое или ручное отключение служб и процессов Windows. Дефрагментация памяти: Высвобождение системной памяти без закрытия запущенных процессов. Низкопрофильные планки Данная модель видеокарты комплектуется низкопрофильными планками.", 7511);
INSERT INTO webshop.characteristics (CharacteristicID, CharacteristicTypeID, Value, ProductID) VALUES (524, 1, "PCI-Express x8 2.0", 28);
INSERT INTO webshop.characteristics (CharacteristicID, CharacteristicTypeID, Value, ProductID) VALUES (525, 2, "954 МГц", 28);
INSERT INTO webshop.characteristics (CharacteristicID, CharacteristicTypeID, Value, ProductID) VALUES (526, 16, "2560x1600", 28);
INSERT INTO webshop.characteristics (CharacteristicID, CharacteristicTypeID, Value, ProductID) VALUES (527, 17, "Пассивная", 28);
INSERT INTO webshop.characteristics (CharacteristicID, CharacteristicTypeID, Value, ProductID) VALUES (528, 3, "Нет", 28);
INSERT INTO webshop.characteristics (CharacteristicID, CharacteristicTypeID, Value, ProductID) VALUES (529, 4, "VGA DVI HDMI", 28);
INSERT INTO webshop.characteristics (CharacteristicID, CharacteristicTypeID, Value, ProductID) VALUES (530, 5, "Нет", 28);
INSERT INTO webshop.characteristics (CharacteristicID, CharacteristicTypeID, Value, ProductID) VALUES (531, 6, "5012 МГц", 28);
INSERT INTO webshop.characteristics (CharacteristicID, CharacteristicTypeID, Value, ProductID) VALUES (532, 7, "167 x 69 x 17 мм", 28);
INSERT INTO webshop.characteristics (CharacteristicID, CharacteristicTypeID, Value, ProductID) VALUES (533, 8, "300 Вт", 28);
INSERT INTO webshop.characteristics (CharacteristicID, CharacteristicTypeID, Value, ProductID) VALUES (534, 9, "GeForce GT710", 28);
INSERT INTO webshop.characteristics (CharacteristicID, CharacteristicTypeID, Value, ProductID) VALUES (535, 19, "GDDR5", 28);
INSERT INTO webshop.characteristics (CharacteristicID, CharacteristicTypeID, Value, ProductID) VALUES (536, 20, "36 месяцев", 28);
INSERT INTO webshop.characteristics (CharacteristicID, CharacteristicTypeID, Value, ProductID) VALUES (537, 21, "1", 28);
INSERT INTO webshop.characteristics (CharacteristicID, CharacteristicTypeID, Value, ProductID) VALUES (538, 22, "Низкопрофильная", 28);
INSERT INTO webshop.characteristics (CharacteristicID, CharacteristicTypeID, Value, ProductID) VALUES (539, 12, "64 бит", 28);
INSERT INTO webshop.characteristics (CharacteristicID, CharacteristicTypeID, Value, ProductID) VALUES (540, 24, "1", 28);
INSERT INTO webshop.characteristics (CharacteristicID, CharacteristicTypeID, Value, ProductID) VALUES (541, 23, "DirectX 12, OpenGL 4.5", 28);
INSERT INTO webshop.characteristics (CharacteristicID, CharacteristicTypeID, Value, ProductID) VALUES (542, 13, "Нет", 28);
INSERT INTO webshop.characteristics (CharacteristicID, CharacteristicTypeID, Value, ProductID) VALUES (543, 25, "2 ГБ", 28);
INSERT INTO webshop.characteristics (CharacteristicID, CharacteristicTypeID, Value, ProductID) VALUES (544, 26, "Радиатор", 28);
INSERT INTO webshop.images (ImageID, Url, ProductID) VALUES (135, "https://i2.rozetka.ua/goods/2187917/asus_gt_710_sl_2gd5_brk_images_2187917068.jpg", 28);
INSERT INTO webshop.images (ImageID, Url, ProductID) VALUES (136, "https://i2.rozetka.ua/goods/2187917/asus_gt_710_sl_2gd5_brk_images_2187917159.jpg", 28);
INSERT INTO webshop.images (ImageID, Url, ProductID) VALUES (137, "https://i2.rozetka.ua/goods/2187917/asus_gt_710_sl_2gd5_brk_images_2187917250.jpg", 28);
INSERT INTO webshop.images (ImageID, Url, ProductID) VALUES (138, "https://i1.rozetka.ua/goods/2187917/asus_gt_710_sl_2gd5_brk_images_2187917341.jpg", 28);
INSERT INTO webshop.images (ImageID, Url, ProductID) VALUES (139, "https://i2.rozetka.ua/goods/2187917/asus_gt_710_sl_2gd5_brk_images_2187917523.jpg", 28);
INSERT INTO webshop.comments (CommentID, Nickname, Rating, Message, Date, ProductID) VALUES (69, "Андрей Попов", 0, "Здравствуйте! Первое подскажите поддерживает ли эта видеокарта DirectX11?! Второе станет ли она вместо: ATI Radeon HD4800 GDDR5 В общем подойдёт ли на мой компьютер?! Описание на фото:", "2018-1-3", 28);
INSERT INTO webshop.comments (CommentID, Nickname, Rating, Message, Date, ProductID) VALUES (70, "Виктор Дереза", 0, "на XP не работает", "2018-1-5", 28);
INSERT INTO webshop.comments (CommentID, Nickname, Rating, Message, Date, ProductID) VALUES (71, "Дима", 5, "Вопрос к представителю Lenovo и Эксперту Rozetka.ua. Станет ли эта видеокарта в компьютер Lenovo H520S? Достоинства: Дешевая Недостатки: Нету", "2018-0-6", 28);
-- =====================================================================
INSERT INTO webshop.products (ProductID, ProductTypeID, Title, Description, Price) VALUES (29, 6, "Asus PCI-Ex GeForce GT 1030 Phoenix OC 2GB GDDR5 (64bit) (1252/6008) (DVI, HDMI) (PH-GT1030-O2G)", "Идеальное решение для компактных компьютеров ASUS Phoenix GeForce GT 1030 – это компактная видеокарта с эффективным охлаждением, обладающая пыленепроницаемым вентилятором с двойным шарикоподшипником. При ее изготовлении применяются высококачественные компоненты, а в комплект ее поставки включена эксклюзивная разгонная утилита GPU Tweak II. Сертификация IP5X Вентиляторы, используемые на видеокартах серии ASUS Phoenix GeForce GT 1030, являются пыленепроницаемыми, соответствуя требованиям стандарта IP5X. Это означает их долговечность, что в свою очередь увеличивает срок службы всего устройства. Вентилятор с шарикоподшипниками Вентилятор с двойным шарикоподшипником, использующийся в кулере видеокарты ASUS Phoenix GeForce GT 1030, обладает большим сроком службы, чем традиционные вентиляторы с подшипниками скольжения, и поэтому увеличивает долговечность всего устройства. Технологии Auto-Extreme и Super Alloy Power II В современных видеокартах ASUS применяются отборные компоненты (технология Super Alloy Power II), которые обладают непревзойденной энергоэффективностью, пониженной рабочей температурой и улучшенными характеристиками. Высокому качеству готового устройства также способствует полностью автоматизированный процесс производства (технология Auto-Extreme). Утилита GPU Tweak II с модулем XSplit Gamecaster Современные видеокарты ASUS совместимы с эксклюзивной утилитой GPU Tweak II, с помощью которой можно получить полный контроль над графической подсистемой компьютера. Например, новая функция Gaming Booster позволяет моментально выделить все доступные вычислительные ресурсы под 3D-приложение, чтобы обеспечить максимальную производительность.", 13303);
INSERT INTO webshop.characteristics (CharacteristicID, CharacteristicTypeID, Value, ProductID) VALUES (545, 1, "PCI-Express x16 3.0", 29);
INSERT INTO webshop.characteristics (CharacteristicID, CharacteristicTypeID, Value, ProductID) VALUES (546, 2, "OC Mode: Базовая частота: 1278 МГц В режиме разгона: 1531 МГц Gaming Mode: Базовая частота: 1252 МГц В режиме разгона: 1506 МГц", 29);
INSERT INTO webshop.characteristics (CharacteristicID, CharacteristicTypeID, Value, ProductID) VALUES (547, 16, "4096x2160", 29);
INSERT INTO webshop.characteristics (CharacteristicID, CharacteristicTypeID, Value, ProductID) VALUES (548, 17, "Активная", 29);
INSERT INTO webshop.characteristics (CharacteristicID, CharacteristicTypeID, Value, ProductID) VALUES (549, 3, "Нет", 29);
INSERT INTO webshop.characteristics (CharacteristicID, CharacteristicTypeID, Value, ProductID) VALUES (550, 4, "DVI HDMI", 29);
INSERT INTO webshop.characteristics (CharacteristicID, CharacteristicTypeID, Value, ProductID) VALUES (551, 5, "Нет", 29);
INSERT INTO webshop.characteristics (CharacteristicID, CharacteristicTypeID, Value, ProductID) VALUES (552, 6, "6008 МГц", 29);
INSERT INTO webshop.characteristics (CharacteristicID, CharacteristicTypeID, Value, ProductID) VALUES (553, 7, "184 x 111 x 36 мм", 29);
INSERT INTO webshop.characteristics (CharacteristicID, CharacteristicTypeID, Value, ProductID) VALUES (554, 9, "GeForce GT 1030", 29);
INSERT INTO webshop.characteristics (CharacteristicID, CharacteristicTypeID, Value, ProductID) VALUES (555, 19, "GDDR5", 29);
INSERT INTO webshop.characteristics (CharacteristicID, CharacteristicTypeID, Value, ProductID) VALUES (556, 20, "36 месяцев", 29);
INSERT INTO webshop.characteristics (CharacteristicID, CharacteristicTypeID, Value, ProductID) VALUES (557, 21, "1", 29);
INSERT INTO webshop.characteristics (CharacteristicID, CharacteristicTypeID, Value, ProductID) VALUES (558, 22, "Стандартная", 29);
INSERT INTO webshop.characteristics (CharacteristicID, CharacteristicTypeID, Value, ProductID) VALUES (559, 12, "64 бит", 29);
INSERT INTO webshop.characteristics (CharacteristicID, CharacteristicTypeID, Value, ProductID) VALUES (560, 13, "Нет", 29);
INSERT INTO webshop.characteristics (CharacteristicID, CharacteristicTypeID, Value, ProductID) VALUES (561, 25, "2 ГБ", 29);
INSERT INTO webshop.characteristics (CharacteristicID, CharacteristicTypeID, Value, ProductID) VALUES (562, 26, "Вентилятор + радиатор", 29);
INSERT INTO webshop.images (ImageID, Url, ProductID) VALUES (140, "https://i1.rozetka.ua/goods/2022153/asus_ph_gtx1030_02g_images_2022153017.jpg", 29);
INSERT INTO webshop.images (ImageID, Url, ProductID) VALUES (141, "https://i1.rozetka.ua/goods/2022152/asus_ph_gtx1030_02g_images_2022152478.jpg", 29);
INSERT INTO webshop.images (ImageID, Url, ProductID) VALUES (142, "https://i2.rozetka.ua/goods/2022152/asus_ph_gtx1030_02g_images_2022152198.jpg", 29);
INSERT INTO webshop.images (ImageID, Url, ProductID) VALUES (143, "https://i2.rozetka.ua/goods/2022153/asus_ph_gtx1030_02g_images_2022153514.jpg", 29);
INSERT INTO webshop.comments (CommentID, Nickname, Rating, Message, Date, ProductID) VALUES (72, "Александр", 0, "Добрый день! Подскажите пожалуйста станет ли она на Asus Prime B250-Plus и как она будет в связке с процессором Intel Core i3-7100 3.9GHz. Спасибо.", "2018-1-1", 29);
INSERT INTO webshop.comments (CommentID, Nickname, Rating, Message, Date, ProductID) VALUES (73, "Юрий крутых", 0, "Всем добрый день. На данный момент в компьютере стоит geforce 550ti , будет ли прирост производительности в играх если на неё заменить ?", "2018-1-1", 29);
INSERT INTO webshop.comments (CommentID, Nickname, Rating, Message, Date, ProductID) VALUES (74, "Саня Семенюк", 0, "DirectX 12 и Open GL 4.5 поддерживает?", "2018-1-4", 29);
-- =====================================================================
INSERT INTO webshop.products (ProductID, ProductTypeID, Title, Description, Price) VALUES (30, 6, "Asus PCI-Ex GeForce GTX 1050 Ti Phoenix 4GB GDDR5 (128bit) (1290/7008) (DVI, HDMI, DisplayPort) (PH-GTX1050TI-4G)", "Идеальное решение для компактных компьютеров ASUS Phoenix GeForce GTX 1050 Ti – это компактная геймерская видеокарта с высокоэффективным кулером. При ее изготовлении применяются премиальные компоненты, а в комплект ее поставки входит эксклюзивная разгонная утилита GPU Tweak II. Обладая весьма выгодным соотношением цена/производительность, эта модель идеально подходит для соревновательных онлайн-игр, таких как Overwatch, Dota 2, CS Go и League of Legend. Современная микроархитектура Новая микроархитектура Pascal наделяет графический процессор данной видеокарты потрясающей производительностью, а поддержка самых современных технологий максимально расширяет его функциональность. Вентилятор с шарикоподшипниками Вентилятор с двойным шарикоподшипником, использующийся в кулере видеокарты ASUS Phoenix GeForce GTX 1050 Ti, обладает большим сроком службы, чем традиционные вентиляторы с подшипниками скольжения, и поэтому увеличивает долговечность всего устройства. Качество и надежность В современной видеокарте ASUS применяются отборные компоненты (технология Super Alloy Power II), которые обладают непревзойденной энергоэффективностью, пониженной рабочей температурой и улучшенными характеристиками. Высокому качеству готового устройства также способствует полностью автоматизированный процесс производства (технология Auto-Extreme). Утилита GPU Tweak II с модулем XSplit Gamecaster Современные видеокарты ASUS совместимы с эксклюзивной утилитой GPU Tweak II, с помощью которой можно получить полный контроль над графической подсистемой компьютера. Например, новая функция Gaming Booster позволяет моментально выделить все доступные вычислительные ресурсы под 3D-приложение, чтобы обеспечить максимальную производительность. XSplit Gamecaster – трансляция и запись процесса игры В комплект поставки видеокарты входит утилита XSplit Gamecaster, предназначенная для записи и трансляции процесса игры в режиме реального времени.", 4725);
INSERT INTO webshop.characteristics (CharacteristicID, CharacteristicTypeID, Value, ProductID) VALUES (563, 1, "PCI-Express x16 3.0", 30);
INSERT INTO webshop.characteristics (CharacteristicID, CharacteristicTypeID, Value, ProductID) VALUES (564, 2, "Базовая частота: 1290 МГц В режиме разгона: 1392 МГц", 30);
INSERT INTO webshop.characteristics (CharacteristicID, CharacteristicTypeID, Value, ProductID) VALUES (565, 16, "7680x4320", 30);
INSERT INTO webshop.characteristics (CharacteristicID, CharacteristicTypeID, Value, ProductID) VALUES (566, 17, "Активная", 30);
INSERT INTO webshop.characteristics (CharacteristicID, CharacteristicTypeID, Value, ProductID) VALUES (567, 3, "Нет", 30);
INSERT INTO webshop.characteristics (CharacteristicID, CharacteristicTypeID, Value, ProductID) VALUES (568, 4, "DVI DisplayPort HDMI", 30);
INSERT INTO webshop.characteristics (CharacteristicID, CharacteristicTypeID, Value, ProductID) VALUES (569, 5, "Нет", 30);
INSERT INTO webshop.characteristics (CharacteristicID, CharacteristicTypeID, Value, ProductID) VALUES (570, 6, "7008 МГц", 30);
INSERT INTO webshop.characteristics (CharacteristicID, CharacteristicTypeID, Value, ProductID) VALUES (571, 7, "192 x 111 x 37 мм", 30);
INSERT INTO webshop.characteristics (CharacteristicID, CharacteristicTypeID, Value, ProductID) VALUES (572, 9, "GeForce GTX 1050 Ti", 30);
INSERT INTO webshop.characteristics (CharacteristicID, CharacteristicTypeID, Value, ProductID) VALUES (573, 19, "GDDR5", 30);
INSERT INTO webshop.characteristics (CharacteristicID, CharacteristicTypeID, Value, ProductID) VALUES (574, 20, "36 месяцев", 30);
INSERT INTO webshop.characteristics (CharacteristicID, CharacteristicTypeID, Value, ProductID) VALUES (575, 21, "1", 30);
INSERT INTO webshop.characteristics (CharacteristicID, CharacteristicTypeID, Value, ProductID) VALUES (576, 22, "Стандартная", 30);
INSERT INTO webshop.characteristics (CharacteristicID, CharacteristicTypeID, Value, ProductID) VALUES (577, 12, "128 бит", 30);
INSERT INTO webshop.characteristics (CharacteristicID, CharacteristicTypeID, Value, ProductID) VALUES (578, 13, "Нет", 30);
INSERT INTO webshop.characteristics (CharacteristicID, CharacteristicTypeID, Value, ProductID) VALUES (579, 25, "4 ГБ", 30);
INSERT INTO webshop.characteristics (CharacteristicID, CharacteristicTypeID, Value, ProductID) VALUES (580, 26, "Вентилятор + радиатор", 30);
INSERT INTO webshop.images (ImageID, Url, ProductID) VALUES (144, "https://i2.rozetka.ua/goods/1785419/asus_ph_gtx1050ti_4g_images_1785419519.jpg", 30);
INSERT INTO webshop.images (ImageID, Url, ProductID) VALUES (145, "https://i2.rozetka.ua/goods/1785419/asus_ph_gtx1050ti_4g_images_1785419610.jpg", 30);
INSERT INTO webshop.images (ImageID, Url, ProductID) VALUES (146, "https://i1.rozetka.ua/goods/1785419/asus_ph_gtx1050ti_4g_images_1785419701.jpg", 30);
INSERT INTO webshop.images (ImageID, Url, ProductID) VALUES (147, "https://i2.rozetka.ua/goods/1785421/asus_ph_gtx1050ti_4g_images_1785421066.jpg", 30);
INSERT INTO webshop.images (ImageID, Url, ProductID) VALUES (148, "https://i2.rozetka.ua/goods/1785421/asus_ph_gtx1050ti_4g_images_1785421157.jpg", 30);
INSERT INTO webshop.comments (CommentID, Nickname, Rating, Message, Date, ProductID) VALUES (75, "Гость", 0, "Допоможіть я зіткнувся з такою проблемою я купив саме цю відео-карту і купив процесор Intel core i5-7400K і я не знаю чому але в мене не тянуть ігру як : GTA 5 і The Forest на максимальних настройках а у інших людей така сама відео карта і процесор і в них зовсім не зависають ці ігри на максимальних... Еще настройках графіки . Допоможіть ? З чим це може буде пов'язано ?", "2018-1-0", 30);
INSERT INTO webshop.comments (CommentID, Nickname, Rating, Message, Date, ProductID) VALUES (76, "Владислав Слинько", 0, "В связке с AMD FX-4320, DDR3 8GB как будет работать, в полную мощность?", "2018-1-3", 30);
INSERT INTO webshop.comments (CommentID, Nickname, Rating, Message, Date, ProductID) VALUES (77, "Алла Ковцун", 5, "Решили по полной обновить компьютер и начали с видеокарты. Выбор сразу упал на эту так как порадовала цена за такие характеристики. Покупали с целью поиграть в игры хорошие без лагов и тормозов))) Я довольная как слон, видюха супер Ведьмак 3 летает на запредельных настройках)))) Правда пришлось... Еще еще и процессор менять, но это уже в другом отзыве))) Достоинства: Мощная, соотношение цена-качество Недостатки: нет", "2018-1-3", 30);
-- =====================================================================
INSERT INTO webshop.products (ProductID, ProductTypeID, Title, Description, Price) VALUES (31, 6, "Asus PCI-Ex GeForce GTX 1060 Phoenix 3GB GDDR5 (192bit) (1506/8008) (DVI, 2 x HDMI, 2 x DisplayPort) (PH-GTX1060-3G)", "Идеальное решение для компактных компьютеров ASUS Phoenix GeForce GTX 1060 – это компактная геймерская видеокарта с высокоэффективным кулером. При ее изготовлении применяются премиальные компоненты, а в комплект ее поставки входит эксклюзивная разгонная утилита GPU Tweak II. Обладая весьма выгодным соотношением цена/производительность, эта модель идеально подходит для соревновательных онлайн-игр, таких как Overwatch, Dota 2, CS Go и League of Legend. Вентилятор с шарикоподшипниками Вентилятор с двойным шарикоподшипником, использующийся в кулере видеокарты ASUS Phoenix GeForce GTX 1060, обладает большим сроком службы, чем традиционные вентиляторы с подшипниками скольжения, и поэтому увеличивает долговечность всего устройства. Технологии Auto-Extreme и Super Alloy Power II В современных видеокартах ASUS применяются отборные компоненты (технология Super Alloy Power II), которые обладают непревзойденной энергоэффективностью, пониженной рабочей температурой и улучшенными характеристиками. Высокому качеству готового устройства также способствует полностью автоматизированный процесс производства (технология Auto-Extreme). Утилита GPU Tweak II с модулем XSplit Gamecaster Современные видеокарты ASUS совместимы с эксклюзивной утилитой GPU Tweak II, с помощью которой можно получить полный контроль над графической подсистемой компьютера. Например, новая функция Gaming Booster позволяет моментально выделить все доступные вычислительные ресурсы под 3D-приложение, чтобы обеспечить максимальную производительность.", 19038);
INSERT INTO webshop.characteristics (CharacteristicID, CharacteristicTypeID, Value, ProductID) VALUES (581, 1, "PCI-Express x16 3.0", 31);
INSERT INTO webshop.characteristics (CharacteristicID, CharacteristicTypeID, Value, ProductID) VALUES (582, 2, "Базовая частота: 1506 МГц В режиме разгона: 1708 МГц", 31);
INSERT INTO webshop.characteristics (CharacteristicID, CharacteristicTypeID, Value, ProductID) VALUES (583, 16, "7680x4320", 31);
INSERT INTO webshop.characteristics (CharacteristicID, CharacteristicTypeID, Value, ProductID) VALUES (584, 17, "Активная", 31);
INSERT INTO webshop.characteristics (CharacteristicID, CharacteristicTypeID, Value, ProductID) VALUES (585, 3, "6 pin", 31);
INSERT INTO webshop.characteristics (CharacteristicID, CharacteristicTypeID, Value, ProductID) VALUES (586, 4, "DVI DisplayPort HDMI", 31);
INSERT INTO webshop.characteristics (CharacteristicID, CharacteristicTypeID, Value, ProductID) VALUES (587, 5, "Нет", 31);
INSERT INTO webshop.characteristics (CharacteristicID, CharacteristicTypeID, Value, ProductID) VALUES (588, 6, "8008 МГц", 31);
INSERT INTO webshop.characteristics (CharacteristicID, CharacteristicTypeID, Value, ProductID) VALUES (589, 7, "183 x 121 x 38 мм", 31);
INSERT INTO webshop.characteristics (CharacteristicID, CharacteristicTypeID, Value, ProductID) VALUES (590, 9, "GeForce GTX 1060", 31);
INSERT INTO webshop.characteristics (CharacteristicID, CharacteristicTypeID, Value, ProductID) VALUES (591, 19, "GDDR5", 31);
INSERT INTO webshop.characteristics (CharacteristicID, CharacteristicTypeID, Value, ProductID) VALUES (592, 20, "36 месяцев", 31);
INSERT INTO webshop.characteristics (CharacteristicID, CharacteristicTypeID, Value, ProductID) VALUES (593, 21, "1", 31);
INSERT INTO webshop.characteristics (CharacteristicID, CharacteristicTypeID, Value, ProductID) VALUES (594, 22, "Мини", 31);
INSERT INTO webshop.characteristics (CharacteristicID, CharacteristicTypeID, Value, ProductID) VALUES (595, 12, "192 бит", 31);
INSERT INTO webshop.characteristics (CharacteristicID, CharacteristicTypeID, Value, ProductID) VALUES (596, 13, "Нет", 31);
INSERT INTO webshop.characteristics (CharacteristicID, CharacteristicTypeID, Value, ProductID) VALUES (597, 25, "3 ГБ", 31);
INSERT INTO webshop.characteristics (CharacteristicID, CharacteristicTypeID, Value, ProductID) VALUES (598, 26, "Вентилятор + радиатор", 31);
INSERT INTO webshop.images (ImageID, Url, ProductID) VALUES (149, "https://i2.rozetka.ua/goods/2035822/asus_ph_tx1060_g_images_2035822158.jpg", 31);
INSERT INTO webshop.images (ImageID, Url, ProductID) VALUES (150, "https://i1.rozetka.ua/goods/2035823/asus_ph_tx1060_g_images_2035823250.jpg", 31);
INSERT INTO webshop.images (ImageID, Url, ProductID) VALUES (151, "https://i2.rozetka.ua/goods/2035823/asus_ph_tx1060_g_images_2035823328.jpg", 31);
INSERT INTO webshop.images (ImageID, Url, ProductID) VALUES (152, "https://i2.rozetka.ua/goods/2035823/asus_ph_tx1060_g_images_2035823406.jpg", 31);
INSERT INTO webshop.images (ImageID, Url, ProductID) VALUES (153, "https://i1.rozetka.ua/goods/2035823/asus_ph_tx1060_g_images_2035823484.jpg", 31);
INSERT INTO webshop.images (ImageID, Url, ProductID) VALUES (154, "https://i1.rozetka.ua/goods/2035823/asus_ph_tx1060_g_images_2035823640.jpg", 31);
INSERT INTO webshop.images (ImageID, Url, ProductID) VALUES (155, "https://i1.rozetka.ua/goods/2035823/asus_ph_tx1060_g_images_2035823718.jpg", 31);
INSERT INTO webshop.comments (CommentID, Nickname, Rating, Message, Date, ProductID) VALUES (78, "Владимир", 0, "купил 6.01 уже писал чуть ниже первые впечатления (кто хочет там параметры компа), в батле греется 72 градуса максимум, да в принципе везде, в WoT также, охлаждение не слышно, от слова совсем. Все настройки на макс, единственное поставил 16 гб вместо 8 оперативку. На тесте WoT 100 фпс почти... Еще стабильно, макс падало до 89, но то скорее баг сервера был, графика изумительная, всё на ультра Достоинства: одни плюсы Недостатки: нет", "2018-1-4", 31);
INSERT INTO webshop.comments (CommentID, Nickname, Rating, Message, Date, ProductID) VALUES (79, "Дмитрий", 0, "Подскажите нужен ли мне переходник для этой видеокарты для монитора Asus VW202? Если нужен то какой? И есть ли он в розетке?", "2018-1-6", 31);
INSERT INTO webshop.comments (CommentID, Nickname, Rating, Message, Date, ProductID) VALUES (80, "павел", 0, "у меня i5 2500 3.3 Скажите есть ли смысл брать эту или проц слабый и лучше 1050ti подойдет?", "2018-1-2", 31);
-- =====================================================================
INSERT INTO webshop.products (ProductID, ProductTypeID, Title, Description, Price) VALUES (32, 6, "Asus PCI-Ex Radeon R5 230 1024MB GDDR3 (64bit) (625/1200) (VGA, DVI, HDMI) (R5230-SL-1GD3-L)", "Идеальное решение для обычных пользователей ПК, желающих получить графическую производительность уровня дискретных видеокарт. Наряду с невероятно низким потреблением энергии, вы также получите улучшенную производительность мультимедиа, расширенный рабочий стол и ускоренную работу с приложениями. Абсолютно бесшумная работа Пассивная система охлаждения обеспечивает абсолютно бесшумную работу видеокарты – идеальное решение для компактных мультимедийных систем. Электромагнитное экранирование Защитный экран видеокарты подавляет до 66% всех электромагнитных помех, улучшая качество видеосигнала и защищая пользователя от воздействия электромагнитного излучения. DirectX 11 Заложенные в DirectX 11 функции, такие как тесселяция, способствуют созданию реалистичного изображения в компьютерных играх. Технология AMD Eyefinity Расширьте границы просматриваемых изображений, используя технологию AMD Eyefinity для создания идеального рабочего пространства с поддержкой нескольких экранов. AMD App Acceleration Используйте графический процессор, чтобы получить дополнительную производительность для выполнения ежедневных задач, таких как просмотр веб-страниц, использование офисных приложений и воспроизведение видео. Технология AMD HD3D Играйте в 3D-игры, смотрите 3D-фильмы в формате Blu-ray и редактируйте 3D-фотографии на 3D-мониторе, телевизоре или проекторе.", 19954);
INSERT INTO webshop.characteristics (CharacteristicID, CharacteristicTypeID, Value, ProductID) VALUES (599, 1, "PCI-Express x16 2.х", 32);
INSERT INTO webshop.characteristics (CharacteristicID, CharacteristicTypeID, Value, ProductID) VALUES (600, 2, "625 МГц", 32);
INSERT INTO webshop.characteristics (CharacteristicID, CharacteristicTypeID, Value, ProductID) VALUES (601, 16, "2560x1600", 32);
INSERT INTO webshop.characteristics (CharacteristicID, CharacteristicTypeID, Value, ProductID) VALUES (602, 17, "Пассивная", 32);
INSERT INTO webshop.characteristics (CharacteristicID, CharacteristicTypeID, Value, ProductID) VALUES (603, 3, "Нет", 32);
INSERT INTO webshop.characteristics (CharacteristicID, CharacteristicTypeID, Value, ProductID) VALUES (604, 4, "VGA DVI HDMI", 32);
INSERT INTO webshop.characteristics (CharacteristicID, CharacteristicTypeID, Value, ProductID) VALUES (605, 5, "Нет", 32);
INSERT INTO webshop.characteristics (CharacteristicID, CharacteristicTypeID, Value, ProductID) VALUES (606, 6, "1200 МГц", 32);
INSERT INTO webshop.characteristics (CharacteristicID, CharacteristicTypeID, Value, ProductID) VALUES (607, 7, "167.6 x 68.6 мм", 32);
INSERT INTO webshop.characteristics (CharacteristicID, CharacteristicTypeID, Value, ProductID) VALUES (608, 8, "300 Вт", 32);
INSERT INTO webshop.characteristics (CharacteristicID, CharacteristicTypeID, Value, ProductID) VALUES (609, 9, "R5 230", 32);
INSERT INTO webshop.characteristics (CharacteristicID, CharacteristicTypeID, Value, ProductID) VALUES (610, 19, "GDDR3", 32);
INSERT INTO webshop.characteristics (CharacteristicID, CharacteristicTypeID, Value, ProductID) VALUES (611, 20, "36 месяцев", 32);
INSERT INTO webshop.characteristics (CharacteristicID, CharacteristicTypeID, Value, ProductID) VALUES (612, 21, "1", 32);
INSERT INTO webshop.characteristics (CharacteristicID, CharacteristicTypeID, Value, ProductID) VALUES (613, 22, "Низкопрофильная", 32);
INSERT INTO webshop.characteristics (CharacteristicID, CharacteristicTypeID, Value, ProductID) VALUES (614, 12, "64 бит", 32);
INSERT INTO webshop.characteristics (CharacteristicID, CharacteristicTypeID, Value, ProductID) VALUES (615, 24, "1", 32);
INSERT INTO webshop.characteristics (CharacteristicID, CharacteristicTypeID, Value, ProductID) VALUES (616, 23, "DirectX 11, OpenGL 4.1", 32);
INSERT INTO webshop.characteristics (CharacteristicID, CharacteristicTypeID, Value, ProductID) VALUES (617, 13, "Нет", 32);
INSERT INTO webshop.characteristics (CharacteristicID, CharacteristicTypeID, Value, ProductID) VALUES (618, 25, "1 ГБ", 32);
INSERT INTO webshop.characteristics (CharacteristicID, CharacteristicTypeID, Value, ProductID) VALUES (619, 26, "Silent", 32);
INSERT INTO webshop.images (ImageID, Url, ProductID) VALUES (156, "https://i2.rozetka.ua/goods/94948/asus_r5230-sl-1gd3-l_images_94948889.jpg", 32);
INSERT INTO webshop.images (ImageID, Url, ProductID) VALUES (157, "https://i1.rozetka.ua/goods/94948/asus_r5230-sl-1gd3-l_images_94948954.jpg", 32);
INSERT INTO webshop.images (ImageID, Url, ProductID) VALUES (158, "https://i1.rozetka.ua/goods/94949/asus_r5230-sl-1gd3-l_images_94949019.jpg", 32);
INSERT INTO webshop.comments (CommentID, Nickname, Rating, Message, Date, ProductID) VALUES (81, "Дмитрий", 0, "Здраствуйте подойдёт ли процессорamd a8 7600 к Radeon R5", "2018-1-0", 32);
INSERT INTO webshop.comments (CommentID, Nickname, Rating, Message, Date, ProductID) VALUES (82, "bogdan1901199911", 0, "скажите пожалуста подейдет она к матке Asus P5QL-CM (2 PCI, 1 PCI-E x1, 1 PCI-E x16, 2 DDR2 DIMM, Audio, Video, Gigabit LAN)", "2018-1-0", 32);
INSERT INTO webshop.comments (CommentID, Nickname, Rating, Message, Date, ProductID) VALUES (83, "Дмитрий", 0, "Здравствуйте, подойдёт ли данная видеокарта к материнке ASUS P5G-MX с процессором Pentium Dual Core E2200?", "2018-0-2", 32);
-- =====================================================================
INSERT INTO webshop.products (ProductID, ProductTypeID, Title, Description, Price) VALUES (33, 6, "Asus PCI-Ex Radeon R5 230 2048MB GDDR3 (64bit) (650/1200) (VGA, DVI, HDMI) (R5230-SL-2GD3-L)", "Идеальное решение для обычных пользователей ПК, желающих получить графическую производительность уровня дискретных видеокарт. Наряду с невероятно низким потреблением энергии, вы также получите улучшенную производительность мультимедиа, расширенный рабочий стол и ускоренную работу с приложениями. Абсолютно бесшумная работа Пассивная система охлаждения обеспечивает абсолютно бесшумную работу видеокарты – идеальное решение для компактных мультимедийных систем. Электромагнитное экранирование Защитный экран видеокарты подавляет до 66% всех электромагнитных помех, улучшая качество видеосигнала и защищая пользователя от воздействия электромагнитного излучения. DirectX 11 Заложенные в DirectX 11 функции, такие как тесселяция, способствуют созданию реалистичного изображения в компьютерных играх. Технология AMD Eyefinity Расширьте границы просматриваемых изображений, используя технологию AMD Eyefinity для создания идеального рабочего пространства с поддержкой нескольких экранов. AMD App Acceleration Используйте графический процессор, чтобы получить дополнительную производительность для выполнения ежедневных задач, таких как просмотр веб-страниц, использование офисных приложений и воспроизведение видео. Технология AMD HD3D Играйте в 3D-игры, смотрите 3D-фильмы в формате Blu-ray и редактируйте 3D-фотографии на 3D-мониторе, телевизоре или проекторе.", 236);
INSERT INTO webshop.characteristics (CharacteristicID, CharacteristicTypeID, Value, ProductID) VALUES (620, 1, "PCI-Express x16 2.х", 33);
INSERT INTO webshop.characteristics (CharacteristicID, CharacteristicTypeID, Value, ProductID) VALUES (621, 2, "650 МГц", 33);
INSERT INTO webshop.characteristics (CharacteristicID, CharacteristicTypeID, Value, ProductID) VALUES (622, 16, "2560x1600", 33);
INSERT INTO webshop.characteristics (CharacteristicID, CharacteristicTypeID, Value, ProductID) VALUES (623, 17, "Пассивная", 33);
INSERT INTO webshop.characteristics (CharacteristicID, CharacteristicTypeID, Value, ProductID) VALUES (624, 3, "Нет", 33);
INSERT INTO webshop.characteristics (CharacteristicID, CharacteristicTypeID, Value, ProductID) VALUES (625, 4, "VGA DVI HDMI", 33);
INSERT INTO webshop.characteristics (CharacteristicID, CharacteristicTypeID, Value, ProductID) VALUES (626, 5, "Нет", 33);
INSERT INTO webshop.characteristics (CharacteristicID, CharacteristicTypeID, Value, ProductID) VALUES (627, 6, "1200 МГц", 33);
INSERT INTO webshop.characteristics (CharacteristicID, CharacteristicTypeID, Value, ProductID) VALUES (628, 7, "170.2 x 68.6 мм", 33);
INSERT INTO webshop.characteristics (CharacteristicID, CharacteristicTypeID, Value, ProductID) VALUES (629, 8, "300 Вт", 33);
INSERT INTO webshop.characteristics (CharacteristicID, CharacteristicTypeID, Value, ProductID) VALUES (630, 9, "R5 230", 33);
INSERT INTO webshop.characteristics (CharacteristicID, CharacteristicTypeID, Value, ProductID) VALUES (631, 19, "GDDR3", 33);
INSERT INTO webshop.characteristics (CharacteristicID, CharacteristicTypeID, Value, ProductID) VALUES (632, 20, "36 месяцев", 33);
INSERT INTO webshop.characteristics (CharacteristicID, CharacteristicTypeID, Value, ProductID) VALUES (633, 21, "1", 33);
INSERT INTO webshop.characteristics (CharacteristicID, CharacteristicTypeID, Value, ProductID) VALUES (634, 22, "Низкопрофильная", 33);
INSERT INTO webshop.characteristics (CharacteristicID, CharacteristicTypeID, Value, ProductID) VALUES (635, 12, "64 бит", 33);
INSERT INTO webshop.characteristics (CharacteristicID, CharacteristicTypeID, Value, ProductID) VALUES (636, 24, "1", 33);
INSERT INTO webshop.characteristics (CharacteristicID, CharacteristicTypeID, Value, ProductID) VALUES (637, 23, "DirectX 11, OpenGL 4.1", 33);
INSERT INTO webshop.characteristics (CharacteristicID, CharacteristicTypeID, Value, ProductID) VALUES (638, 13, "Нет", 33);
INSERT INTO webshop.characteristics (CharacteristicID, CharacteristicTypeID, Value, ProductID) VALUES (639, 25, "2 ГБ", 33);
INSERT INTO webshop.characteristics (CharacteristicID, CharacteristicTypeID, Value, ProductID) VALUES (640, 26, "Silent", 33);
INSERT INTO webshop.images (ImageID, Url, ProductID) VALUES (159, "https://i2.rozetka.ua/goods/94949/asus_r5230-sl-2gd3-l_images_94949084.jpg", 33);
INSERT INTO webshop.images (ImageID, Url, ProductID) VALUES (160, "https://i2.rozetka.ua/goods/94949/asus_r5230-sl-2gd3-l_images_94949149.jpg", 33);
INSERT INTO webshop.images (ImageID, Url, ProductID) VALUES (161, "https://i1.rozetka.ua/goods/94949/asus_r5230-sl-2gd3-l_images_94949214.jpg", 33);
INSERT INTO webshop.comments (CommentID, Nickname, Rating, Message, Date, ProductID) VALUES (84, "mbogdan120", 0, "Розкроет эту видюху amd a4-4020", "2018-1-3", 33);
INSERT INTO webshop.comments (CommentID, Nickname, Rating, Message, Date, ProductID) VALUES (85, "Владимир Желизко", 0, "m52L-s3p на эту материнку подойдет?", "2018-1-1", 33);
INSERT INTO webshop.comments (CommentID, Nickname, Rating, Message, Date, ProductID) VALUES (86, "Aleksandr Iskandarov", 0, "Подскажите пожалуйста, подойдет на ASUS P5L 1394?", "2018-1-0", 33);
-- =====================================================================
INSERT INTO webshop.products (ProductID, ProductTypeID, Title, Description, Price) VALUES (34, 6, "Asus PCI-Ex Radeon R7 240 2048MB GDDR5 (128bit) (780/4600) (DVI, HDMI, VGA) (R7240-2GD5-L)", "Видеокарта Asus Radeon R7 240 использует низкопрофильный форм-фактор, поэтому отлично подойдет для компактных мультимедийных систем. Графический процессор AMD Radeon R7 240 сочетается в ней с ГБ 128-битной GDDR5 памятью с эффективной частотой 4600 МГц. Пылезащитный вентилятор Уникальная конструкция вентилятора эффективно рассеивает тепло, продлевая срок службы графической карты на 25%. Компоненты Super Alloy Power II Видеокарты Asus производятся с использованием технологии Auto-Extreme, первого в отрасли 100% автоматизированного производственного процесса, а также обладают превосходными компонентами Super Alloy Power II, которые повышают эффективность, уменьшают потери мощности, уменьшают жужжание компонентов под нагрузкой и более низкие тепловые температуры для непревзойденного качества и надежность. GPU Tweak II Обновленный с интуитивно понятным, совершенно новым пользовательским интерфейсом, GPU Tweak II делает разгон более простым и более визуальным, чем когда-либо, при этом сохраняя дополнительные возможности для опытных оверклокеров. С помощью одного щелчка новая функция Gaming Booster максимизирует производительность системы, удаляя избыточные процессы и автоматически распределяя все доступные ресурсы.", 15824);
INSERT INTO webshop.characteristics (CharacteristicID, CharacteristicTypeID, Value, ProductID) VALUES (641, 1, "PCI-Express x16 3.0", 34);
INSERT INTO webshop.characteristics (CharacteristicID, CharacteristicTypeID, Value, ProductID) VALUES (642, 2, "730 МГц (Boost: 780 МГц)", 34);
INSERT INTO webshop.characteristics (CharacteristicID, CharacteristicTypeID, Value, ProductID) VALUES (643, 16, "1920x1200", 34);
INSERT INTO webshop.characteristics (CharacteristicID, CharacteristicTypeID, Value, ProductID) VALUES (644, 17, "Активная", 34);
INSERT INTO webshop.characteristics (CharacteristicID, CharacteristicTypeID, Value, ProductID) VALUES (645, 3, "Нет", 34);
INSERT INTO webshop.characteristics (CharacteristicID, CharacteristicTypeID, Value, ProductID) VALUES (646, 4, "VGA DVI HDMI", 34);
INSERT INTO webshop.characteristics (CharacteristicID, CharacteristicTypeID, Value, ProductID) VALUES (647, 5, "Нет", 34);
INSERT INTO webshop.characteristics (CharacteristicID, CharacteristicTypeID, Value, ProductID) VALUES (648, 6, "4600 МГц", 34);
INSERT INTO webshop.characteristics (CharacteristicID, CharacteristicTypeID, Value, ProductID) VALUES (649, 7, "147 x 69 x 21 мм", 34);
INSERT INTO webshop.characteristics (CharacteristicID, CharacteristicTypeID, Value, ProductID) VALUES (650, 9, "R7 240", 34);
INSERT INTO webshop.characteristics (CharacteristicID, CharacteristicTypeID, Value, ProductID) VALUES (651, 19, "GDDR5", 34);
INSERT INTO webshop.characteristics (CharacteristicID, CharacteristicTypeID, Value, ProductID) VALUES (652, 20, "36 месяцев", 34);
INSERT INTO webshop.characteristics (CharacteristicID, CharacteristicTypeID, Value, ProductID) VALUES (653, 21, "1", 34);
INSERT INTO webshop.characteristics (CharacteristicID, CharacteristicTypeID, Value, ProductID) VALUES (654, 22, "Низкопрофильная", 34);
INSERT INTO webshop.characteristics (CharacteristicID, CharacteristicTypeID, Value, ProductID) VALUES (655, 11, "1 x CD 1 x Краткое пособие", 34);
INSERT INTO webshop.characteristics (CharacteristicID, CharacteristicTypeID, Value, ProductID) VALUES (656, 12, "128 бит", 34);
INSERT INTO webshop.characteristics (CharacteristicID, CharacteristicTypeID, Value, ProductID) VALUES (657, 24, "1", 34);
INSERT INTO webshop.characteristics (CharacteristicID, CharacteristicTypeID, Value, ProductID) VALUES (658, 23, "DirectX 11.2, OpenGL 4.3", 34);
INSERT INTO webshop.characteristics (CharacteristicID, CharacteristicTypeID, Value, ProductID) VALUES (659, 13, "Нет", 34);
INSERT INTO webshop.characteristics (CharacteristicID, CharacteristicTypeID, Value, ProductID) VALUES (660, 14, "Китай", 34);
INSERT INTO webshop.characteristics (CharacteristicID, CharacteristicTypeID, Value, ProductID) VALUES (661, 25, "2 ГБ", 34);
INSERT INTO webshop.characteristics (CharacteristicID, CharacteristicTypeID, Value, ProductID) VALUES (662, 26, "Радиатор + Вентилятор", 34);
INSERT INTO webshop.images (ImageID, Url, ProductID) VALUES (162, "https://i1.rozetka.ua/goods/2415811/asus_r7240_2gd5_l_images_2415811585.jpg", 34);
INSERT INTO webshop.images (ImageID, Url, ProductID) VALUES (163, "https://i1.rozetka.ua/goods/2415811/asus_r7240_2gd5_l_images_2415811689.jpg", 34);
INSERT INTO webshop.images (ImageID, Url, ProductID) VALUES (164, "https://i1.rozetka.ua/goods/2415811/asus_r7240_2gd5_l_images_2415811793.jpg", 34);
INSERT INTO webshop.images (ImageID, Url, ProductID) VALUES (165, "https://i2.rozetka.ua/goods/2415811/asus_r7240_2gd5_l_images_2415811897.jpg", 34);
INSERT INTO webshop.images (ImageID, Url, ProductID) VALUES (166, "https://i1.rozetka.ua/goods/2415811/asus_r7240_2gd5_l_images_2415811481.jpg", 34);
INSERT INTO webshop.comments (CommentID, Nickname, Rating, Message, Date, ProductID) VALUES (87, "Захар Дудич", 0, "Чи підійде ця відеокарта до бп 200-250Вт", "2018-1-1", 34);
INSERT INTO webshop.comments (CommentID, Nickname, Rating, Message, Date, ProductID) VALUES (88, "Уманець Андрій", 5, "Оцените зборку, все ли совместимо?", "2018-1-0", 34);
-- =====================================================================
INSERT INTO webshop.products (ProductID, ProductTypeID, Title, Description, Price) VALUES (35, 6, "Asus PCI-Ex Radeon R7 240 4096MB GDDR5 (128bit) (820/4600) (DVI, HDMI, D-Sub) (R7240-O4GD5-L)", "Видеокарта ASUS Radeon R7 240 использует низкопрофильный форм-фактор, поэтому отлично подойдет для компактных мультимедийных систем. Графический процессор AMD Radeon R7 240 (320 потоковых процессоров) сочетается в ней с 4 ГБ 128-битной GDDR5 памятью. Особенности: Конструкция пылезащитного вентилятора с увеличенным сопротивлением к частицам пыли увеличивает срок службы карты на 25% Промышленно-эксклюзивные технологии с Super Alloy Power II обеспечивают высокое качество и отличную надежность GPU Tweak II делает разгон более простым, чем когда-либо, с новым, интуитивно понятным интерфейсом Низкопрофильные видеокарты для HTPC и мультимедийных ПК обеспечивают плавность игр и Blu-ray 3D при разрешении в 1280 x 1024", 12078);
INSERT INTO webshop.characteristics (CharacteristicID, CharacteristicTypeID, Value, ProductID) VALUES (663, 1, "PCI-Express x16 3.0", 35);
INSERT INTO webshop.characteristics (CharacteristicID, CharacteristicTypeID, Value, ProductID) VALUES (664, 2, "770 МГц (Boost: 820 МГц)", 35);
INSERT INTO webshop.characteristics (CharacteristicID, CharacteristicTypeID, Value, ProductID) VALUES (665, 16, "1920x1200", 35);
INSERT INTO webshop.characteristics (CharacteristicID, CharacteristicTypeID, Value, ProductID) VALUES (666, 17, "Активная", 35);
INSERT INTO webshop.characteristics (CharacteristicID, CharacteristicTypeID, Value, ProductID) VALUES (667, 3, "Нет", 35);
INSERT INTO webshop.characteristics (CharacteristicID, CharacteristicTypeID, Value, ProductID) VALUES (668, 4, "VGA DVI HDMI", 35);
INSERT INTO webshop.characteristics (CharacteristicID, CharacteristicTypeID, Value, ProductID) VALUES (669, 5, "Нет", 35);
INSERT INTO webshop.characteristics (CharacteristicID, CharacteristicTypeID, Value, ProductID) VALUES (670, 6, "4600 МГц", 35);
INSERT INTO webshop.characteristics (CharacteristicID, CharacteristicTypeID, Value, ProductID) VALUES (671, 7, "147 x 69 x 21 мм", 35);
INSERT INTO webshop.characteristics (CharacteristicID, CharacteristicTypeID, Value, ProductID) VALUES (672, 9, "R7 240", 35);
INSERT INTO webshop.characteristics (CharacteristicID, CharacteristicTypeID, Value, ProductID) VALUES (673, 19, "GDDR5", 35);
INSERT INTO webshop.characteristics (CharacteristicID, CharacteristicTypeID, Value, ProductID) VALUES (674, 20, "36 месяцев", 35);
INSERT INTO webshop.characteristics (CharacteristicID, CharacteristicTypeID, Value, ProductID) VALUES (675, 21, "1", 35);
INSERT INTO webshop.characteristics (CharacteristicID, CharacteristicTypeID, Value, ProductID) VALUES (676, 22, "Низкопрофильная", 35);
INSERT INTO webshop.characteristics (CharacteristicID, CharacteristicTypeID, Value, ProductID) VALUES (677, 12, "128 бит", 35);
INSERT INTO webshop.characteristics (CharacteristicID, CharacteristicTypeID, Value, ProductID) VALUES (678, 24, "1", 35);
INSERT INTO webshop.characteristics (CharacteristicID, CharacteristicTypeID, Value, ProductID) VALUES (679, 23, "DirectX 11, OpenGL 4.3", 35);
INSERT INTO webshop.characteristics (CharacteristicID, CharacteristicTypeID, Value, ProductID) VALUES (680, 13, "Нет", 35);
INSERT INTO webshop.characteristics (CharacteristicID, CharacteristicTypeID, Value, ProductID) VALUES (681, 25, "4 ГБ", 35);
INSERT INTO webshop.characteristics (CharacteristicID, CharacteristicTypeID, Value, ProductID) VALUES (682, 26, "Радиатор + Вентилятор", 35);
INSERT INTO webshop.images (ImageID, Url, ProductID) VALUES (167, "https://i2.rozetka.ua/goods/2823184/asus_r7240_o4gd5_l_images_2823184287.jpg", 35);
INSERT INTO webshop.images (ImageID, Url, ProductID) VALUES (168, "https://i2.rozetka.ua/goods/2823184/asus_r7240_o4gd5_l_images_2823184487.jpg", 35);
INSERT INTO webshop.images (ImageID, Url, ProductID) VALUES (169, "https://i1.rozetka.ua/goods/2823184/asus_r7240_o4gd5_l_images_2823184655.jpg", 35);
INSERT INTO webshop.images (ImageID, Url, ProductID) VALUES (170, "https://i2.rozetka.ua/goods/2823184/asus_r7240_o4gd5_l_images_2823184823.jpg", 35);
INSERT INTO webshop.comments (CommentID, Nickname, Rating, Message, Date, ProductID) VALUES (89, "Fynjy", 0, "подойдет на ASUS P5LD2-VM Core 2 DUO ?", "2018-1-4", 35);
INSERT INTO webshop.comments (CommentID, Nickname, Rating, Message, Date, ProductID) VALUES (90, "Максим", 0, "Можно поставить на ноутбук?", "2018-1-2", 35);
INSERT INTO webshop.comments (CommentID, Nickname, Rating, Message, Date, ProductID) VALUES (91, "Стас", 0, "У меня вопрос, а на материнскую плату H81M-E подойдет?", "2018-1-1", 35);
-- =====================================================================
INSERT INTO webshop.products (ProductID, ProductTypeID, Title, Description, Price) VALUES (36, 6, "Asus PCI-Ex GeForce GTX 1080 Ti ROG Poseidon 11GB GDDR5X (352bit) (1594/11010) (DVI, 2 x HDMI, 2 x DisplayPort) (ROG-POSEIDON-GTX1080TI-P11G-GAMING)", "Высокопроизводительная видеокарта с видеопамятью GDDR5X объемом 11 ГБ и гибридным кулером DirectCU H2O Максимально быстрый графический процессор – на 35% производительнее, чем GeForce GTX 1080 Гибридная система охлаждения DirectCU H2O Терминальный блок с отверстиями диаметром ¼ дюйма Пыленепроницаемые вентиляторы с оптимизированной формой крыльчатки Разъемы для системных вентиляторов (технология FanConnect II) Премиальные компоненты Super Alloy Power II и автоматизированная технология производства Auto-Extreme Синхронизируемая светодиодная подсветка Aura Sync Два порта HDMI – идеально для подключения систем виртуальной реальности Разгонная утилита GPU Tweak II с модулем онлайн-трансляций XSplit Gamecaster Гибридная система охлаждения Системы жидкостного охлаждения развились до такой степени, что сейчас они не только поддерживают комфортный температурный режим компонентов, но и служат в качестве эстетического элемента компьютерной системы. Великолепным примером этой тенденции выступают видеокарты ASUS серии Poseidon, оснащенные оригинальным кулером DirectCU H2O, который позволяет использовать как воздушное, так и водяное охлаждение. Дополненный красочной системой подсветки Aura Sync, он наделяет устройство уникальным внешним видом, поэтому ASUS Poseidon станет подлинным украшением любого компьютера. Максимальная гибкость использования Гибридный кулер DirectCU H2O предоставляет возможность выбора между воздушным и водяным охлаждением видеокарты. По сравнению с его предыдущей версией в новой на 22% увеличена скорость охладителя и на 40% — поверхность радиатора (за счет перехода от 2- к 2,5-слотовому форм-фактору), что способствует лучшему рассеиванию тепла. Стандартные фитинги диаметром ¼ дюйма Благодаря терминальному блоку с отверстиями стандартного диаметра ¼ дюйма* к системе охлаждения DirectCU H2O можно легко подключить различные фитинги при самостоятельной сборке системы водяного охлаждения компьютера. * Фитинги приобретаются отдельно. Воздушное охлаждение На видеокартах серии ROG Poseidon используются долговечные пыленепроницаемые вентиляторы, выполняющие свою работу при низком уровне шума. Установив такое устройство в свой геймерский компьютер, вы сможете наслаждаться тишиной даже при запуске «тяжелых» 3D-приложений. Усиленный воздушный поток и повышенное статическое давление Высококачественные вентиляторы с оптимизированной геометрией крыльчатки, входящие в состав системы охлаждения данной видеокарты, усиливают воздушный поток и увеличивают статическое давление по сравнению с кулером референсной модели. При этом они производят в три раза меньше шума. Наслаждайтесь тишиной! При малом и среднем уровне нагрузки, когда температура графического процессора остается ниже заданного уровня*, кулер будет охлаждать видеокарту в пассивном режиме, то есть при нулевом уровне шума от вентиляторов. * ROG Poseidon GeForce GTX 1080 Ti пороговое значение температуры составляет 55°. Сертификация IP5X Вентиляторы, используемые на видеокартах серии ROG Poseidon, являются пыленепроницаемыми, соответствуя требованиям стандарта IP5X. Это означает их долговечность, что в свою очередь увеличивает срок службы всего устройства. Подключение корпусных вентиляторов Технология ASUS FanConnect II означает, что на видеокарте имеется пара 4-контактных разъемов для подключения корпусных вентиляторов с регулировкой по ШИМ или напряжению. Изменение их скорости осуществляется на основе температуры центрального и графического процессора – в зависимости от того, какая выше. Кроме того, пользователю предоставляется возможность гибкой настройки алгоритма регулировки. Утилита GPU Tweak II позволяет использовать следующие режимы FanConnect II: Автоматический режим: Регулировка вентиляторов осуществляется по предустановленному алгоритму на основе температуры графического процессора. Ручная настройка: Установите фиксированную скорость для подключенных вентиляторов. Пользовательский режим: Пользователь может выбрать компонент (графический или центральный процессор), на основании температуры которого будет регулироваться скорость подключенных вентиляторов, а также задать алгоритм ее изменения, чтобы добиться оптимального баланса между эффективностью охлаждения и уровнем шума. Технология Auto-Extreme Высокому качеству готового устройства способствует полностью автоматизированный процесс производства (технология Auto-Extreme), который соответствует более строгим экологическим нормам за счет устранения вредных химических веществ и уменьшения энергопотребления на 50%. 12-фазная система питания с технологией Super Alloy Power II В современных видеокартах ASUS применяются отборные компоненты (технология Super Alloy Power II), которые обладают непревзойденной энергоэффективностью, пониженной рабочей температурой и улучшенными характеристиками. Подсветка Aura Sync Стильная светодиодная подсветка Aura Sync, реализованная на видеокартах серии ROG Poseidon, предлагает насладиться миллионами цветовых комбинаций в сочетании с шестью завораживающими визуальными эффектами. Кроме того, подключив видеокарту к соответствующей материнской плате ASUS, можно синхронизировать работу их подсветки друг с другом. Разъемы HDMI с поддержкой VR-устройств Видеокарты ROG Poseidon обладают двумя разъемами HDMI, что позволяет одновременно подключить и дисплей, и систему виртуальной реальности. Комплектация: видеокарта, держатель кабелей ROG, 2 x кабель питания, ROG стикер, диск, инструкция", 16476);
INSERT INTO webshop.characteristics (CharacteristicID, CharacteristicTypeID, Value, ProductID) VALUES (683, 1, "PCI-Express x16 3.0", 36);
INSERT INTO webshop.characteristics (CharacteristicID, CharacteristicTypeID, Value, ProductID) VALUES (684, 2, "Gaming Mode: 1594 МГц (Boost: 1708 МГц) OC Mode: 1620 МГц (Boost: 1733 МГц)", 36);
INSERT INTO webshop.characteristics (CharacteristicID, CharacteristicTypeID, Value, ProductID) VALUES (685, 16, "7680x4320", 36);
INSERT INTO webshop.characteristics (CharacteristicID, CharacteristicTypeID, Value, ProductID) VALUES (686, 17, "Активная", 36);
INSERT INTO webshop.characteristics (CharacteristicID, CharacteristicTypeID, Value, ProductID) VALUES (687, 3, "8 + 8 pin", 36);
INSERT INTO webshop.characteristics (CharacteristicID, CharacteristicTypeID, Value, ProductID) VALUES (688, 4, "DVI DisplayPort HDMI", 36);
INSERT INTO webshop.characteristics (CharacteristicID, CharacteristicTypeID, Value, ProductID) VALUES (689, 5, "Есть", 36);
INSERT INTO webshop.characteristics (CharacteristicID, CharacteristicTypeID, Value, ProductID) VALUES (690, 6, "Gaming Mode: 11010 МГц OC Mode: 11100 МГц", 36);
INSERT INTO webshop.characteristics (CharacteristicID, CharacteristicTypeID, Value, ProductID) VALUES (691, 7, "298 x 158 x 50 мм", 36);
INSERT INTO webshop.characteristics (CharacteristicID, CharacteristicTypeID, Value, ProductID) VALUES (692, 8, "600 Вт", 36);
INSERT INTO webshop.characteristics (CharacteristicID, CharacteristicTypeID, Value, ProductID) VALUES (693, 9, "GeForce GTX 1080 Ti", 36);
INSERT INTO webshop.characteristics (CharacteristicID, CharacteristicTypeID, Value, ProductID) VALUES (694, 19, "GDDR5X", 36);
INSERT INTO webshop.characteristics (CharacteristicID, CharacteristicTypeID, Value, ProductID) VALUES (695, 20, "36 месяцев", 36);
INSERT INTO webshop.characteristics (CharacteristicID, CharacteristicTypeID, Value, ProductID) VALUES (696, 21, "1", 36);
INSERT INTO webshop.characteristics (CharacteristicID, CharacteristicTypeID, Value, ProductID) VALUES (697, 22, "Стандартная", 36);
INSERT INTO webshop.characteristics (CharacteristicID, CharacteristicTypeID, Value, ProductID) VALUES (698, 12, "352 бит", 36);
INSERT INTO webshop.characteristics (CharacteristicID, CharacteristicTypeID, Value, ProductID) VALUES (699, 23, "DirectX 12, OpenGL 4.5", 36);
INSERT INTO webshop.characteristics (CharacteristicID, CharacteristicTypeID, Value, ProductID) VALUES (700, 13, "Нет", 36);
INSERT INTO webshop.characteristics (CharacteristicID, CharacteristicTypeID, Value, ProductID) VALUES (701, 25, "11 ГБ", 36);
INSERT INTO webshop.characteristics (CharacteristicID, CharacteristicTypeID, Value, ProductID) VALUES (702, 26, "DirectCU H2O", 36);
INSERT INTO webshop.images (ImageID, Url, ProductID) VALUES (171, "https://i2.rozetka.ua/goods/2147570/asus_rog_poseidon_gtx1080ti_p11g_gaming_images_2147570944.jpg", 36);
INSERT INTO webshop.images (ImageID, Url, ProductID) VALUES (172, "https://i1.rozetka.ua/goods/2147571/asus_rog_poseidon_gtx1080ti_p11g_gaming_images_2147571035.jpg", 36);
INSERT INTO webshop.images (ImageID, Url, ProductID) VALUES (173, "https://i2.rozetka.ua/goods/2147571/asus_rog_poseidon_gtx1080ti_p11g_gaming_images_2147571126.jpg", 36);
INSERT INTO webshop.images (ImageID, Url, ProductID) VALUES (174, "https://i1.rozetka.ua/goods/2147571/asus_rog_poseidon_gtx1080ti_p11g_gaming_images_2147571217.jpg", 36);
INSERT INTO webshop.comments (CommentID, Nickname, Rating, Message, Date, ProductID) VALUES (92, "Гость", 0, "Доброго дня, яка приблизна температура при нагрузках буде без використання водяного охолодження?", "2018-0-2", 36);
INSERT INTO webshop.comments (CommentID, Nickname, Rating, Message, Date, ProductID) VALUES (93, "Владимир", 0, "Поставки ожидаются?", "2017-11-4", 36);
INSERT INTO webshop.comments (CommentID, Nickname, Rating, Message, Date, ProductID) VALUES (94, "Vlad", 5, "Без доп водяного охлаждения она не будет перегреваться ?", "2017-10-0", 36);
-- =====================================================================
INSERT INTO webshop.products (ProductID, ProductTypeID, Title, Description, Price) VALUES (37, 6, "Asus PCI-Ex GeForce GTX 1060 ROG Strix 6GB GDDR5 (192bit) (1506/8008) (DVI, 2 x HDMI, 2 x DisplayPort) (STRIX-GTX1060-6G-GAMING)", "Геймерская видеокарта с беспрецедентной производительностью ROG Strix — это новая серия геймерских устройств в рамках бренда Republic of Gamers. Их отличительной особенностью являются высочайшая производительность, использование инновационных технологий, безупречный уровень надежности и стильный дизайн, подчеркивающий индивидуальность каждого геймера. Устройства серии ROG Strix – это скорость и функциональность, необходимая для победы в любой игре! Идеальная геймерская платформа Графический процессор GeForce GTX 1060 является одним из самых мощных в геймерском классе среднего уровня на сегодняшний момент. Новая микроархитектура Pascal наделяет его потрясающей скоростью, а поддержка самых современных технологий максимально расширяет его функциональность. Производительность Модель GeForce GTX 1060 – это настоящий квантовый скачок в производительности и энергоэффективности современных видеокарт. Созданная на базе современнейших компонентов и технологий, таких как транзисторы FinFET и видеопамять GDDR5, она полностью поддерживает интерфейс программирования DirectX 12, используемый в новом поколении видеоигр. Микроархитектура Pascal Графический процессор GeForce GTX 1060, построенный на базе новейшей архитектуры Pascal, удовлетворяет требованиям дисплеев нового поколения и идеально подходит для VR-гарнитур, мониторов ультравысокого разрешения и мультимониторных конфигураций. Поддерживаемая им технология NVIDIA GameWorks обеспечивает плавный игровой процесс с картинкой кинематографического качества, а также позволяет снимать панорамные 360-градусные скриншоты. Для систем виртуальной реальности Откройте для себя виртуальную реальность нового поколения: технология Nvidia VRWorks гарантирует высокий уровень производительности и совместимость с лучшими VR-гарнитурами. На шаг впереди конкурентов Видеокарта ROG Strix GTX 1060 – это геймерская модель высшего класса, оснащенная множеством эксклюзивных технологий Asus. Используемая на ней система охлаждения DirectCU III может похвастать высокой эффективностью за счет вентиляторов с оптимизированной геометрией крыльчатки, а безупречная надежность устройства обеспечивается полностью автоматизированным процессом производства (технология Auto-Extreme). Система подсветки Aura RGB поможет сделать дизайн компьютера незабываемым с помощью оригинальных световых эффектов, в то время как совместимые с VR-устройствами порты HDMI подарят геймерам возможность окунуться в захватывающий мир виртуальной реальности. В комплект поставки ROG Strix GTX 1060 входят утилиты GPU Tweak II (для настройки и мониторинга параметров видеокарты) и XSplit Gamecaster (для записи и трансляции процесса игры в режиме реального времени). Высокоэффективное охлаждение: Кулер DirectCU III с технологией «прямого контакта» На данную видеокарту установлена эксклюзивная система охлаждения DirectCU III с технологией «прямого контакта»: медные тепловые трубки кулера непосредственно контактируют с поверхностью графического процессора. Оптимизированные вентиляторы. Усиленный воздушный поток и повышенное статическое давление. Три высококачественных вентилятора с оптимизированной геометрией крыльчатки, входящие в состав системы охлаждения DirectCU III, усиливают воздушный поток и увеличивают статическое давление по сравнению с обычными. Кроме того, благодаря продуманной конструкции радиатора данный кулер способен охлаждать видеокарту при невысоком уровне нагрузки в пассивном режиме, то есть при нулевом уровне шума. Технология ASUS FanConnect. Дополнительные разъемы для вентиляторов. Система охлаждения геймерского компьютера может быть неэффективна из-за того, что алгоритм работы корпусных вентиляторов учитывает лишь температуру центрального процессора, хотя во время длительных игровых сессий температура графического процессора зачастую бывает значительно выше. Чтобы устранить эту проблему, видеокарты серии ROG Strix оснащаются двумя 4-контактными разъемами для системных вентиляторов с регулировкой на основе температуры графического процессора. Качество и надежность. Технология Auto-Extreme. Высокому качеству готового устройства способствует полностью автоматизированный процесс производства (технология Auto-Extreme), который соответствует более строгим экологическим нормам за счет устранения вредных химических веществ и уменьшения энергопотребления на 50%. Система Aura RGB. Стильная светодиодная подсветка. Стильная светодиодная подсветка Aura RGB, реализованная на видеокартах серии ROG Strix, предлагает насладиться миллионами цветовых комбинаций в сочетании с шестью завораживающими визуальными эффектами. Разъемы HDMI с поддержкой VR-устройств. Окунись в другую реальность. Видеокарты ROG Strix обладают двумя разъемами HDMI, что позволяет одновременно подключить и дисплей, и систему виртуальной реальности. Утилита GPU Tweak II с модулем XSplit Gamecaster для гибкой настройки графической подсистемы Современные видеокарты Asus совместимы с эксклюзивной утилитой GPU Tweak II, с помощью которой можно получить полный контроль над графической подсистемой компьютера. Например, новая функция Gaming Booster позволяет моментально выделить все доступные вычислительные ресурсы под 3D-приложение, чтобы обеспечить максимальную производительность. Функция Gaming Booster: оптимизация одним щелчком мыши Визуальные эффекты: повышение производительности за счет отключения визуальных эффектов интерфейса Windows. Системные службы: автоматическое или ручное отключение служб и процессов Windows. Дефрагментация памяти: высвобождение системной памяти без закрытия запущенных процессов. Утилита XSplit Gamecaster В пакет программного обеспечения, прилагаемого к данной видеокарте, входит 1-годичная лицензия на XSplit Gamecaster – удобную утилиту для трансляции и записи процесса игры. Реализованная в виде накладываемого поверх самой игры интерфейса, она также отображает данные системного мониторинга (частоту графического процессора, температуру видеокарты, уровень загрузки видеопамяти) и содержит элементы управления утилиты GPU Tweak II (например, для переключения между профилями с настройками или моментального разгона видеокарты).", 2410);
INSERT INTO webshop.characteristics (CharacteristicID, CharacteristicTypeID, Value, ProductID) VALUES (703, 1, "PCI-Express x16 3.0", 37);
INSERT INTO webshop.characteristics (CharacteristicID, CharacteristicTypeID, Value, ProductID) VALUES (704, 2, "Gaming Mode: Базовая частота: 1506 МГц В режиме разгона: 1708 МГц OC Mode: Базовая частота: 1531 МГц В режиме разгона: 1746 МГц", 37);
INSERT INTO webshop.characteristics (CharacteristicID, CharacteristicTypeID, Value, ProductID) VALUES (705, 16, "7680x4320", 37);
INSERT INTO webshop.characteristics (CharacteristicID, CharacteristicTypeID, Value, ProductID) VALUES (706, 17, "Активная", 37);
INSERT INTO webshop.characteristics (CharacteristicID, CharacteristicTypeID, Value, ProductID) VALUES (707, 3, "8 pin", 37);
INSERT INTO webshop.characteristics (CharacteristicID, CharacteristicTypeID, Value, ProductID) VALUES (708, 4, "DVI DisplayPort HDMI", 37);
INSERT INTO webshop.characteristics (CharacteristicID, CharacteristicTypeID, Value, ProductID) VALUES (709, 5, "Нет", 37);
INSERT INTO webshop.characteristics (CharacteristicID, CharacteristicTypeID, Value, ProductID) VALUES (710, 6, "8008 МГц", 37);
INSERT INTO webshop.characteristics (CharacteristicID, CharacteristicTypeID, Value, ProductID) VALUES (711, 7, "298 x 134 x 40 мм", 37);
INSERT INTO webshop.characteristics (CharacteristicID, CharacteristicTypeID, Value, ProductID) VALUES (712, 9, "GeForce GTX 1060", 37);
INSERT INTO webshop.characteristics (CharacteristicID, CharacteristicTypeID, Value, ProductID) VALUES (713, 19, "GDDR5", 37);
INSERT INTO webshop.characteristics (CharacteristicID, CharacteristicTypeID, Value, ProductID) VALUES (714, 20, "36 месяцев", 37);
INSERT INTO webshop.characteristics (CharacteristicID, CharacteristicTypeID, Value, ProductID) VALUES (715, 21, "1", 37);
INSERT INTO webshop.characteristics (CharacteristicID, CharacteristicTypeID, Value, ProductID) VALUES (716, 22, "Стандартная", 37);
INSERT INTO webshop.characteristics (CharacteristicID, CharacteristicTypeID, Value, ProductID) VALUES (717, 12, "192 бит", 37);
INSERT INTO webshop.characteristics (CharacteristicID, CharacteristicTypeID, Value, ProductID) VALUES (718, 23, "DirectX 12, OpenGL 4.5", 37);
INSERT INTO webshop.characteristics (CharacteristicID, CharacteristicTypeID, Value, ProductID) VALUES (719, 13, "Нет", 37);
INSERT INTO webshop.characteristics (CharacteristicID, CharacteristicTypeID, Value, ProductID) VALUES (720, 25, "6 ГБ", 37);
INSERT INTO webshop.characteristics (CharacteristicID, CharacteristicTypeID, Value, ProductID) VALUES (721, 26, "DirectCU III", 37);
INSERT INTO webshop.images (ImageID, Url, ProductID) VALUES (175, "https://i1.rozetka.ua/goods/1676041/asus_rog_strix_gtx1060_6g_gaming_images_1676041763.jpg", 37);
INSERT INTO webshop.images (ImageID, Url, ProductID) VALUES (176, "https://i2.rozetka.ua/goods/1676041/asus_rog_strix_gtx1060_6g_gaming_images_1676041854.jpg", 37);
INSERT INTO webshop.images (ImageID, Url, ProductID) VALUES (177, "https://i1.rozetka.ua/goods/1676041/asus_rog_strix_gtx1060_6g_gaming_images_1676041945.jpg", 37);
INSERT INTO webshop.images (ImageID, Url, ProductID) VALUES (178, "https://i1.rozetka.ua/goods/1676042/asus_rog_strix_gtx1060_6g_gaming_images_1676042127.jpg", 37);
INSERT INTO webshop.images (ImageID, Url, ProductID) VALUES (179, "https://i1.rozetka.ua/goods/1676042/asus_rog_strix_gtx1060_6g_gaming_images_1676042218.jpg", 37);
INSERT INTO webshop.images (ImageID, Url, ProductID) VALUES (180, "https://i1.rozetka.ua/goods/1676042/asus_rog_strix_gtx1060_6g_gaming_images_1676042876.jpg", 37);
INSERT INTO webshop.images (ImageID, Url, ProductID) VALUES (181, "https://i1.rozetka.ua/goods/1676043/asus_rog_strix_gtx1060_6g_gaming_images_1676043058.jpg", 37);
INSERT INTO webshop.images (ImageID, Url, ProductID) VALUES (182, "https://i2.rozetka.ua/goods/1676043/asus_rog_strix_gtx1060_6g_gaming_images_1676043149.jpg", 37);
INSERT INTO webshop.images (ImageID, Url, ProductID) VALUES (183, "https://i2.rozetka.ua/goods/1676043/asus_rog_strix_gtx1060_6g_gaming_images_1676043240.jpg", 37);
INSERT INTO webshop.images (ImageID, Url, ProductID) VALUES (184, "https://i1.rozetka.ua/goods/1676043/asus_rog_strix_gtx1060_6g_gaming_images_1676043338.jpg", 37);
INSERT INTO webshop.images (ImageID, Url, ProductID) VALUES (185, "https://i2.rozetka.ua/goods/1676043/asus_rog_strix_gtx1060_6g_gaming_images_1676043429.jpg", 37);
INSERT INTO webshop.images (ImageID, Url, ProductID) VALUES (186, "https://i2.rozetka.ua/goods/1676042/asus_rog_strix_gtx1060_6g_gaming_images_1676042967.jpg", 37);
INSERT INTO webshop.comments (CommentID, Nickname, Rating, Message, Date, ProductID) VALUES (95, "Александр", 5, "на brain.com.ua такая 14000 грн а тут почему то 15700 Недостатки: обман", "2018-1-1", 37);
INSERT INTO webshop.comments (CommentID, Nickname, Rating, Message, Date, ProductID) VALUES (96, "Андрій", 0, "зможу я підключити цю карту якщо БП має 2x6+2pin ? і чи варто міняти gtx 660 на цю якщо сис i5 4460 8 ОЗУ мат Asus B85m-g ?", "2018-1-2", 37);
INSERT INTO webshop.comments (CommentID, Nickname, Rating, Message, Date, ProductID) VALUES (97, "Гость", 0, "3-пин вентиляторы будут регулироваться картой с помощью напряжения или нужны только 4-пин вентиляторы PWM?", "2018-1-2", 37);
-- =====================================================================
INSERT INTO webshop.products (ProductID, ProductTypeID, Title, Description, Price) VALUES (38, 6, "Asus PCI-Ex GeForce GTX 1060 ROG Strix 6GB GDDR5 (192bit) (1620/8208) (DVI, 2 x HDMI, 2 x DisplayPort) (STRIX-GTX1060-O6G-GAMING)", "Геймерская видеокарта с беспрецедентной производительностью ROG Strix — это новая серия геймерских устройств в рамках бренда Republic of Gamers. Их отличительной особенностью являются высочайшая производительность, использование инновационных технологий, безупречный уровень надежности и стильный дизайн, подчеркивающий индивидуальность каждого геймера. Устройства серии ROG Strix – это скорость и функциональность, необходимая для победы в любой игре! Идеальная геймерская платформа Графический процессор GeForce GTX 1060 является одним из самых мощных в геймерском классе среднего уровня на сегодняшний момент. Новая микроархитектура Pascal наделяет его потрясающей скоростью, а поддержка самых современных технологий максимально расширяет его функциональность. Производительность Модель GeForce GTX 1060 – это настоящий квантовый скачок в производительности и энергоэффективности современных видеокарт. Созданная на базе современнейших компонентов и технологий, таких как транзисторы FinFET и видеопамять GDDR5, она полностью поддерживает интерфейс программирования DirectX 12, используемый в новом поколении видеоигр. Микроархитектура Pascal Графический процессор GeForce GTX 1060, построенный на базе новейшей архитектуры Pascal, удовлетворяет требованиям дисплеев нового поколения и идеально подходит для VR-гарнитур, мониторов ультравысокого разрешения и мультимониторных конфигураций. Поддерживаемая им технология NVIDIA GameWorks обеспечивает плавный игровой процесс с картинкой кинематографического качества, а также позволяет снимать панорамные 360-градусные скриншоты. Для систем виртуальной реальности Откройте для себя виртуальную реальность нового поколения: технология Nvidia VRWorks гарантирует высокий уровень производительности и совместимость с лучшими VR-гарнитурами. На шаг впереди конкурентов Видеокарта ROG Strix GTX 1060 – это геймерская модель высшего класса, оснащенная множеством эксклюзивных технологий Asus. Используемая на ней система охлаждения DirectCU III может похвастать высокой эффективностью за счет вентиляторов с оптимизированной геометрией крыльчатки, а безупречная надежность устройства обеспечивается полностью автоматизированным процессом производства (технология Auto-Extreme). Система подсветки Aura RGB поможет сделать дизайн компьютера незабываемым с помощью оригинальных световых эффектов, в то время как совместимые с VR-устройствами порты HDMI подарят геймерам возможность окунуться в захватывающий мир виртуальной реальности. В комплект поставки ROG Strix GTX 1060 входят утилиты GPU Tweak II (для настройки и мониторинга параметров видеокарты) и XSplit Gamecaster (для записи и трансляции процесса игры в режиме реального времени). Высокоэффективное охлаждение: Кулер DirectCU III с технологией «прямого контакта» На данную видеокарту установлена эксклюзивная система охлаждения DirectCU III с технологией «прямого контакта»: медные тепловые трубки кулера непосредственно контактируют с поверхностью графического процессора. Оптимизированные вентиляторы. Усиленный воздушный поток и повышенное статическое давление. Три высококачественных вентилятора с оптимизированной геометрией крыльчатки, входящие в состав системы охлаждения DirectCU III, усиливают воздушный поток и увеличивают статическое давление по сравнению с обычными. Кроме того, благодаря продуманной конструкции радиатора данный кулер способен охлаждать видеокарту при невысоком уровне нагрузки в пассивном режиме, то есть при нулевом уровне шума. Технология ASUS FanConnect. Дополнительные разъемы для вентиляторов. Система охлаждения геймерского компьютера может быть неэффективна из-за того, что алгоритм работы корпусных вентиляторов учитывает лишь температуру центрального процессора, хотя во время длительных игровых сессий температура графического процессора зачастую бывает значительно выше. Чтобы устранить эту проблему, видеокарты серии ROG Strix оснащаются двумя 4-контактными разъемами для системных вентиляторов с регулировкой на основе температуры графического процессора. Качество и надежность. Технология Auto-Extreme. Высокому качеству готового устройства способствует полностью автоматизированный процесс производства (технология Auto-Extreme), который соответствует более строгим экологическим нормам за счет устранения вредных химических веществ и уменьшения энергопотребления на 50%. Система Aura RGB. Стильная светодиодная подсветка. Стильная светодиодная подсветка Aura RGB, реализованная на видеокартах серии ROG Strix, предлагает насладиться миллионами цветовых комбинаций в сочетании с шестью завораживающими визуальными эффектами. Разъемы HDMI с поддержкой VR-устройств. Окунись в другую реальность. Видеокарты ROG Strix обладают двумя разъемами HDMI, что позволяет одновременно подключить и дисплей, и систему виртуальной реальности. Утилита GPU Tweak II с модулем XSplit Gamecaster для гибкой настройки графической подсистемы Современные видеокарты Asus совместимы с эксклюзивной утилитой GPU Tweak II, с помощью которой можно получить полный контроль над графической подсистемой компьютера. Например, новая функция Gaming Booster позволяет моментально выделить все доступные вычислительные ресурсы под 3D-приложение, чтобы обеспечить максимальную производительность. Функция Gaming Booster: оптимизация одним щелчком мыши Визуальные эффекты: повышение производительности за счет отключения визуальных эффектов интерфейса Windows. Системные службы: автоматическое или ручное отключение служб и процессов Windows. Дефрагментация памяти: высвобождение системной памяти без закрытия запущенных процессов. Утилита XSplit Gamecaster В пакет программного обеспечения, прилагаемого к данной видеокарте, входит 1-годичная лицензия на XSplit Gamecaster – удобную утилиту для трансляции и записи процесса игры. Реализованная в виде накладываемого поверх самой игры интерфейса, она также отображает данные системного мониторинга (частоту графического процессора, температуру видеокарты, уровень загрузки видеопамяти) и содержит элементы управления утилиты GPU Tweak II (например, для переключения между профилями с настройками или моментального разгона видеокарты).", 18193);
INSERT INTO webshop.characteristics (CharacteristicID, CharacteristicTypeID, Value, ProductID) VALUES (722, 1, "PCI-Express x16 3.0", 38);
INSERT INTO webshop.characteristics (CharacteristicID, CharacteristicTypeID, Value, ProductID) VALUES (723, 2, "Gaming Mode: Базовая частота: 1620 МГц В режиме разгона: 1847 МГц OC Mode: Базовая частота: 1645 МГц В режиме разгона: 1873 МГц", 38);
INSERT INTO webshop.characteristics (CharacteristicID, CharacteristicTypeID, Value, ProductID) VALUES (724, 16, "7680x4320", 38);
INSERT INTO webshop.characteristics (CharacteristicID, CharacteristicTypeID, Value, ProductID) VALUES (725, 17, "Активная", 38);
INSERT INTO webshop.characteristics (CharacteristicID, CharacteristicTypeID, Value, ProductID) VALUES (726, 3, "8 pin", 38);
INSERT INTO webshop.characteristics (CharacteristicID, CharacteristicTypeID, Value, ProductID) VALUES (727, 4, "DVI DisplayPort HDMI", 38);
INSERT INTO webshop.characteristics (CharacteristicID, CharacteristicTypeID, Value, ProductID) VALUES (728, 5, "Нет", 38);
INSERT INTO webshop.characteristics (CharacteristicID, CharacteristicTypeID, Value, ProductID) VALUES (729, 6, "8208 МГц", 38);
INSERT INTO webshop.characteristics (CharacteristicID, CharacteristicTypeID, Value, ProductID) VALUES (730, 7, "298 x 134 x 40 мм", 38);
INSERT INTO webshop.characteristics (CharacteristicID, CharacteristicTypeID, Value, ProductID) VALUES (731, 9, "GeForce GTX 1060", 38);
INSERT INTO webshop.characteristics (CharacteristicID, CharacteristicTypeID, Value, ProductID) VALUES (732, 19, "GDDR5", 38);
INSERT INTO webshop.characteristics (CharacteristicID, CharacteristicTypeID, Value, ProductID) VALUES (733, 20, "36 месяцев", 38);
INSERT INTO webshop.characteristics (CharacteristicID, CharacteristicTypeID, Value, ProductID) VALUES (734, 21, "1", 38);
INSERT INTO webshop.characteristics (CharacteristicID, CharacteristicTypeID, Value, ProductID) VALUES (735, 22, "Стандартная", 38);
INSERT INTO webshop.characteristics (CharacteristicID, CharacteristicTypeID, Value, ProductID) VALUES (736, 12, "192 бит", 38);
INSERT INTO webshop.characteristics (CharacteristicID, CharacteristicTypeID, Value, ProductID) VALUES (737, 23, "DirectX 12, OpenGL 4.5", 38);
INSERT INTO webshop.characteristics (CharacteristicID, CharacteristicTypeID, Value, ProductID) VALUES (738, 13, "Нет", 38);
INSERT INTO webshop.characteristics (CharacteristicID, CharacteristicTypeID, Value, ProductID) VALUES (739, 25, "6 ГБ", 38);
INSERT INTO webshop.characteristics (CharacteristicID, CharacteristicTypeID, Value, ProductID) VALUES (740, 26, "DirectCU III", 38);
INSERT INTO webshop.images (ImageID, Url, ProductID) VALUES (187, "https://i2.rozetka.ua/goods/1676044/asus_rog_strix_gtx1060_o6g_gaming_images_1676044248.jpg", 38);
INSERT INTO webshop.images (ImageID, Url, ProductID) VALUES (188, "https://i2.rozetka.ua/goods/1676044/asus_rog_strix_gtx1060_o6g_gaming_images_1676044339.jpg", 38);
INSERT INTO webshop.images (ImageID, Url, ProductID) VALUES (189, "https://i1.rozetka.ua/goods/1676044/asus_rog_strix_gtx1060_o6g_gaming_images_1676044430.jpg", 38);
INSERT INTO webshop.images (ImageID, Url, ProductID) VALUES (190, "https://i2.rozetka.ua/goods/1676044/asus_rog_strix_gtx1060_o6g_gaming_images_1676044521.jpg", 38);
INSERT INTO webshop.images (ImageID, Url, ProductID) VALUES (191, "https://i1.rozetka.ua/goods/1676044/asus_rog_strix_gtx1060_o6g_gaming_images_1676044612.jpg", 38);
INSERT INTO webshop.images (ImageID, Url, ProductID) VALUES (192, "https://i1.rozetka.ua/goods/1676044/asus_rog_strix_gtx1060_o6g_gaming_images_1676044738.jpg", 38);
INSERT INTO webshop.images (ImageID, Url, ProductID) VALUES (193, "https://i2.rozetka.ua/goods/1676044/asus_rog_strix_gtx1060_o6g_gaming_images_1676044920.jpg", 38);
INSERT INTO webshop.images (ImageID, Url, ProductID) VALUES (194, "https://i1.rozetka.ua/goods/1676045/asus_rog_strix_gtx1060_o6g_gaming_images_1676045011.jpg", 38);
INSERT INTO webshop.images (ImageID, Url, ProductID) VALUES (195, "https://i1.rozetka.ua/goods/1676045/asus_rog_strix_gtx1060_o6g_gaming_images_1676045116.jpg", 38);
INSERT INTO webshop.images (ImageID, Url, ProductID) VALUES (196, "https://i1.rozetka.ua/goods/1676045/asus_rog_strix_gtx1060_o6g_gaming_images_1676045207.jpg", 38);
INSERT INTO webshop.images (ImageID, Url, ProductID) VALUES (197, "https://i2.rozetka.ua/goods/1676045/asus_rog_strix_gtx1060_o6g_gaming_images_1676045298.jpg", 38);
INSERT INTO webshop.images (ImageID, Url, ProductID) VALUES (198, "https://i1.rozetka.ua/goods/1676044/asus_rog_strix_gtx1060_o6g_gaming_images_1676044829.jpg", 38);
INSERT INTO webshop.comments (CommentID, Nickname, Rating, Message, Date, ProductID) VALUES (98, "Сергей", 0, "Нормально будет работать эта видеокарта с процессором Core i3-7100? И хватит блок питания на 450Вт?Подскажите пожалуйста", "2018-1-5", 38);
INSERT INTO webshop.comments (CommentID, Nickname, Rating, Message, Date, ProductID) VALUES (99, "Mike Sp", 5, "Доволен, не передать! Достоинства: Охлаждение, подсветка, уровень шума, металлическая вставка сзади Недостатки: Пока что не заметил", "2018-1-0", 38);
INSERT INTO webshop.comments (CommentID, Nickname, Rating, Message, Date, ProductID) VALUES (100, "Дмитрий", 5, "Были сомнения станет ли эта карта на старую материнку, так как биос материнки 2013 года и была дикая несовместимость с картами 7хх серии. Данная стала как родная. Скорее всего что-то косячили с 7хх серией потому что тогда пришлось с пяток карт подобрать чтобы стала без конфликтов и периодических... Еще бсодов. 2025мгц с коробки. Не могу сказать холодная или нет, так как мой корпус обвешан кулерами и имеет неплохо организованный поток воздуха. Поэтому карта 80% работает без включения своих кулеров. В нагрузке весь день, максимальная температура 59-60. Средняя 45. (при компнатных ~30) Все так хорошо что даже хочется ожидать подвоха... Карта бралась не для майнинга или игр (хотя она чисто геймерская), а в профессиональных целях под 2-3 монитора и работу с графикой. Справляется отлично, полет нормальный. Ядер cuda конечно меньше чем в 1070 и уж тем более в ti версии, но то что есть отлично справляется с рендером (Vray). НО карта в тесте всего неделю, так что относитесь к отзыву критично. В целом только позитивные впечатления, качество сборки на порядок выше чем у карт гигабит (!) Если данная карта не подведет хотя бы в течении года, я готов буду переплачивать за asus при вариантах гигабит и прочих. Охлаждение тихое, да и включается оно по-умолчанию только когда гпу нагреется до 55+ градусов. В режиме простоя естественно карта ”спит” бесшумненько. Есть возможность подключить к самой карте 2 кулера, которыми она будет управлять на ряду со своими. Т.е переподключить кулеры с корпуса на карту, которые ориентированны на помощь ей. Тем самым получите еще более бесшумное охлаждение. НО внимание, выходы под кулеры строго 4пиновые (”стандартный” кулер не встанет вернее фишку то вы вставите но карта кулер не увидит, так что выбирайте кулер если что правильно). Подсветка: Бесполезная ерунда для школьников и любителей новогодней гирлянды в корпусе. Но маркетологи подумали, и решили не делать ее уж совсем бесполезной поэтому можно задать режим ”цвет в зависимости от температуры” т.е от зеленого к красному соответственно. (наверное если увидите красный пора сдавать в сервис и менять термопасту) поэтому режим тоже сомнительный. Ну эта подсветка скорее так, чтобы вы глядя на корпус не забывали почему оно там все столько стоит :D ======= Был момент не приятный, в коробку забыли положить гарантийку и чек. Позвонил на линию розетки с новой почты, пообещали на след день выслать гарантийку и чек. Доверился, забрал товар. На след день Розетка выслала документы, все ок. Ранее не сталкивался, но был приятно удивлен скоростью и реакцией со стороны розетки. Достоинства: Охлаждение, дизайн, выходы для доп кулеров, 2025мгц с коробки, металлическая планка сзади на текстолите. Холодная при должном охлаждении в корпусе. 8 pin питание. Недостатки: отсутствие SLI, скудная комплектация, управление подсветкой только через приложение (нет возможности отключить апаратно, при каждом старте ОС режим подсветки сбрасываетс).", "2018-0-2", 38);
-- =====================================================================
INSERT INTO webshop.products (ProductID, ProductTypeID, Title, Description, Price) VALUES (39, 6, "Asus PCI-Ex GeForce GTX 1070 Ti ROG Strix 8GB GDDR5 (256bit) (1607/8008) (DVI, 2 x HDMI, 2 x DisplayPort) (ROG-STRIX-GTX1070TI-A8G-GAMING)", "Геймерская видеокарта с беспрецедентной производительностью ROG Strix — это новая серия геймерских устройств в рамках бренда Republic of Gamers. Их отличительной особенностью являются высочайшая производительность, использование инновационных технологий, безупречный уровень надежности и стильный дизайн, подчеркивающий индивидуальность каждого геймера. Устройства серии ROG Strix – это скорость и функциональность, необходимая для победы в любой игре! Идеальная геймерская платформа Мощный графический процессор GeForce GTX 1070 Ti с новой микроархитектурой Pascal, наделяет его потрясающей скоростью, а поддержка самых современных технологий максимально расширяет его функциональность. Производительность Модель GeForce GTX 1070 Ti – это настоящий скачок в производительности и энергоэффективности современных видеокарт. Созданная на базе современнейших компонентов и технологий, таких как транзисторы FinFET и видеопамять GDDR5, она полностью поддерживает интерфейс программирования DirectX 12, используемый в новом поколении видеоигр. Микроархитектура Pascal Графический процессор GeForce GTX 1070 Ti, построенный на базе новейшей архитектуры Pascal, удовлетворяет требованиям дисплеев нового поколения и идеально подходит для VR-гарнитур, мониторов ультравысокого разрешения и мультимониторных конфигураций. Поддерживаемая им технология NVIDIA GameWorks обеспечивает плавный игровой процесс с картинкой кинематографического качества, а также позволяет снимать панорамные 360-градусные скриншоты. Для систем виртуальной реальности Откройте для себя виртуальную реальность нового поколения: технология NVIDIA VRWorks гарантирует высокий уровень производительности и совместимость с лучшими VR-гарнитурами. На шаг впереди конкурентов Видеокарта ROG Strix GTX 1070 Ti – это геймерская модель высшего класса, оснащенная множеством эксклюзивных технологий Asus. Используемая на ней система охлаждения DirectCU III может похвастать высокой эффективностью за счет вентиляторов с оптимизированной геометрией крыльчатки, а безупречная надежность устройства обеспечивается полностью автоматизированным процессом производства (технология Auto-Extreme). Система подсветки Aura RGB поможет сделать дизайн компьютера незабываемым с помощью оригинальных световых эффектов, в то время как совместимые с VR-устройствами порты HDMI подарят геймерам возможность окунуться в захватывающий мир виртуальной реальности. В комплект поставки ROG Strix GTX 1070 входят утилиты GPU Tweak II (для настройки и мониторинга параметров видеокарты) и XSplit Gamecaster (для записи и трансляции процесса игры в режиме реального времени). Высокоэффективное охлаждение: Кулер DirectCU III с технологией «прямого контакта» На данную видеокарту установлена эксклюзивная система охлаждения DirectCU III с технологией «прямого контакта»: медные тепловые трубки кулера непосредственно контактируют с поверхностью графического процессора. Оптимизированные вентиляторы. Усиленный воздушный поток и повышенное статическое давление. Три высококачественных вентилятора с оптимизированной геометрией крыльчатки, входящие в состав системы охлаждения DirectCU III, усиливают воздушный поток и увеличивают статическое давление по сравнению с обычными. Кроме того, благодаря продуманной конструкции радиатора данный кулер способен охлаждать видеокарту при невысоком уровне нагрузки в пассивном режиме, то есть при нулевом уровне шума. Технология ASUS FanConnect. Дополнительные разъемы для вентиляторов. Система охлаждения геймерского компьютера может быть неэффективна из-за того, что алгоритм работы корпусных вентиляторов учитывает лишь температуру центрального процессора, хотя во время длительных игровых сессий температура графического процессора зачастую бывает значительно выше. Чтобы устранить эту проблему, видеокарты серии ROG Strix оснащаются двумя 4-контактными разъемами для системных вентиляторов с регулировкой на основе температуры графического процессора. Качество и надежность. Технология Auto-Extreme. Высокому качеству готового устройства способствует полностью автоматизированный процесс производства (технология Auto-Extreme), который соответствует более строгим экологическим нормам за счет устранения вредных химических веществ и уменьшения энергопотребления на 50%. Система Aura RGB. Стильная светодиодная подсветка. Стильная светодиодная подсветка Aura RGB, реализованная на видеокартах серии ROG Strix, предлагает насладиться миллионами цветовых комбинаций в сочетании с шестью завораживающими визуальными эффектами. Разъемы HDMI с поддержкой VR-устройств. Окунись в другую реальность. Видеокарты ROG Strix обладают двумя разъемами HDMI, что позволяет одновременно подключить и дисплей, и систему виртуальной реальности. Утилита GPU Tweak II с модулем XSplit Gamecaster для гибкой настройки графической подсистемы Современные видеокарты Asus совместимы с эксклюзивной утилитой GPU Tweak II, с помощью которой можно получить полный контроль над графической подсистемой компьютера. Например, новая функция Gaming Booster позволяет моментально выделить все доступные вычислительные ресурсы под 3D-приложение, чтобы обеспечить максимальную производительность. Функция Gaming Booster: оптимизация одним щелчком мыши Визуальные эффекты: повышение производительности за счет отключения визуальных эффектов интерфейса Windows. Системные службы: автоматическое или ручное отключение служб и процессов Windows. Дефрагментация памяти: высвобождение системной памяти без закрытия запущенных процессов. Утилита XSplit Gamecaster В пакет программного обеспечения, прилагаемого к данной видеокарте, входит 1-годичная лицензия на XSplit Gamecaster – удобную утилиту для трансляции и записи процесса игры. Реализованная в виде накладываемого поверх самой игры интерфейса, она также отображает данные системного мониторинга (частоту графического процессора, температуру видеокарты, уровень загрузки видеопамяти) и содержит элементы управления утилиты GPU Tweak II (например, для переключения между профилями с настройками или моментального разгона видеокарты).", 2584);
INSERT INTO webshop.characteristics (CharacteristicID, CharacteristicTypeID, Value, ProductID) VALUES (741, 1, "PCI-Express x16 3.0", 39);
INSERT INTO webshop.characteristics (CharacteristicID, CharacteristicTypeID, Value, ProductID) VALUES (742, 2, "Gaming Mode: 1607 МГц; Boost: 1683 МГц OC Mode: 1683 МГц; Boost: 1759 МГц", 39);
INSERT INTO webshop.characteristics (CharacteristicID, CharacteristicTypeID, Value, ProductID) VALUES (743, 16, "7680x4320", 39);
INSERT INTO webshop.characteristics (CharacteristicID, CharacteristicTypeID, Value, ProductID) VALUES (744, 17, "Активная", 39);
INSERT INTO webshop.characteristics (CharacteristicID, CharacteristicTypeID, Value, ProductID) VALUES (745, 3, "8 pin", 39);
INSERT INTO webshop.characteristics (CharacteristicID, CharacteristicTypeID, Value, ProductID) VALUES (746, 4, "DVI DisplayPort HDMI", 39);
INSERT INTO webshop.characteristics (CharacteristicID, CharacteristicTypeID, Value, ProductID) VALUES (747, 5, "Есть", 39);
INSERT INTO webshop.characteristics (CharacteristicID, CharacteristicTypeID, Value, ProductID) VALUES (748, 6, "8008 МГц", 39);
INSERT INTO webshop.characteristics (CharacteristicID, CharacteristicTypeID, Value, ProductID) VALUES (749, 7, "298 x 134 x 40 мм", 39);
INSERT INTO webshop.characteristics (CharacteristicID, CharacteristicTypeID, Value, ProductID) VALUES (750, 9, "GeForce GTX 1070 Ti", 39);
INSERT INTO webshop.characteristics (CharacteristicID, CharacteristicTypeID, Value, ProductID) VALUES (751, 19, "GDDR5", 39);
INSERT INTO webshop.characteristics (CharacteristicID, CharacteristicTypeID, Value, ProductID) VALUES (752, 20, "36 месяцев", 39);
INSERT INTO webshop.characteristics (CharacteristicID, CharacteristicTypeID, Value, ProductID) VALUES (753, 21, "1", 39);
INSERT INTO webshop.characteristics (CharacteristicID, CharacteristicTypeID, Value, ProductID) VALUES (754, 22, "Стандартная", 39);
INSERT INTO webshop.characteristics (CharacteristicID, CharacteristicTypeID, Value, ProductID) VALUES (755, 12, "256 бит", 39);
INSERT INTO webshop.characteristics (CharacteristicID, CharacteristicTypeID, Value, ProductID) VALUES (756, 23, "DirectX 12, OpenGL 4.5", 39);
INSERT INTO webshop.characteristics (CharacteristicID, CharacteristicTypeID, Value, ProductID) VALUES (757, 13, "Нет", 39);
INSERT INTO webshop.characteristics (CharacteristicID, CharacteristicTypeID, Value, ProductID) VALUES (758, 25, "8 ГБ", 39);
INSERT INTO webshop.characteristics (CharacteristicID, CharacteristicTypeID, Value, ProductID) VALUES (759, 26, "DirectCU III", 39);
INSERT INTO webshop.images (ImageID, Url, ProductID) VALUES (199, "https://i1.rozetka.ua/goods/2298340/copy_asus_rog_strix_gtx1070ti_8g_gaming_59f6d71df25fe_images_2298340881.jpg", 39);
INSERT INTO webshop.images (ImageID, Url, ProductID) VALUES (200, "https://i2.rozetka.ua/goods/2298341/copy_asus_rog_strix_gtx1070ti_8g_gaming_59f6d71df25fe_images_2298341721.jpg", 39);
INSERT INTO webshop.images (ImageID, Url, ProductID) VALUES (201, "https://i1.rozetka.ua/goods/2298342/copy_asus_rog_strix_gtx1070ti_8g_gaming_59f6d71df25fe_images_2298342601.jpg", 39);
INSERT INTO webshop.images (ImageID, Url, ProductID) VALUES (202, "https://i2.rozetka.ua/goods/2298343/copy_asus_rog_strix_gtx1070ti_8g_gaming_59f6d71df25fe_images_2298343577.jpg", 39);
INSERT INTO webshop.images (ImageID, Url, ProductID) VALUES (203, "https://i2.rozetka.ua/goods/2298344/copy_asus_rog_strix_gtx1070ti_8g_gaming_59f6d71df25fe_images_2298344569.jpg", 39);
INSERT INTO webshop.images (ImageID, Url, ProductID) VALUES (204, "https://i2.rozetka.ua/goods/2298373/asus_rog_strix_gtx1070ti_a8g_gaming_images_2298373289.jpg", 39);
INSERT INTO webshop.comments (CommentID, Nickname, Rating, Message, Date, ProductID) VALUES (101, "Виталий", 5, "В Пубг все настройки выкрутил на максимум - температура не поднималась выше 58 градусов. Достоинства: Невероятная производительность и дикое охлаждение. Недостатки: Он тут один, микро минус заключается в габаритах самой видюхи, трудновато было с установкой.", "2018-0-2", 39);
INSERT INTO webshop.comments (CommentID, Nickname, Rating, Message, Date, ProductID) VALUES (102, "Максимович Галина", 0, "Пікажіть коли ця відеокарта появиться у продажі?", "2018-0-6", 39);
INSERT INTO webshop.comments (CommentID, Nickname, Rating, Message, Date, ProductID) VALUES (103, "Игорь Шумейко", 5, "Карта - пушка. За 1080 не стоит переплачивать. 2 - 15 фпс...Оно вам надо? Если бы 10-15 еще ладно. ”Глаз” не смог ее разогреть выше 68. Кулера крутились не больше 40% от максимальной мощности. Очень холодная и тихая. Все игры упираются в вертикальную синхронизацию. Подсветка настраивается.... Еще Увесистая. Берите не пожалеете.", "2017-11-5", 39);
-- =====================================================================
INSERT INTO webshop.products (ProductID, ProductTypeID, Title, Description, Price) VALUES (40, 6, "Asus PCI-Ex GeForce GTX 1070 ROG Strix 8GB GDDR5 (256bit) (1506/8000) (DVI, 2 x HDMI, 2 x DisplayPort) (STRIX-GTX1070-8G-GAMING)", "Геймерская видеокарта с беспрецедентной производительностью ROG Strix — это новая серия геймерских устройств в рамках бренда Republic of Gamers. Их отличительной особенностью являются высочайшая производительность, использование инновационных технологий, безупречный уровень надежности и стильный дизайн, подчеркивающий индивидуальность каждого геймера. Устройства серии ROG Strix – это скорость и функциональность, необходимая для победы в любой игре! Идеальная геймерская платформа Мощный графический процессор GeForce GTX 1070 с новой микроархитектурой Pascal, наделяет его потрясающей скоростью, а поддержка самых современных технологий максимально расширяет его функциональность. Производительность Модель GeForce GTX 1070 – это настоящий скачок в производительности и энергоэффективности современных видеокарт. Созданная на базе современнейших компонентов и технологий, таких как транзисторы FinFET и видеопамять GDDR5, она полностью поддерживает интерфейс программирования DirectX 12, используемый в новом поколении видеоигр. Микроархитектура Pascal Графический процессор GeForce GTX 1070, построенный на базе новейшей архитектуры Pascal, удовлетворяет требованиям дисплеев нового поколения и идеально подходит для VR-гарнитур, мониторов ультравысокого разрешения и мультимониторных конфигураций. Поддерживаемая им технология NVIDIA GameWorks обеспечивает плавный игровой процесс с картинкой кинематографического качества, а также позволяет снимать панорамные 360-градусные скриншоты. Для систем виртуальной реальности Откройте для себя виртуальную реальность нового поколения: технология NVIDIA VRWorks гарантирует высокий уровень производительности и совместимость с лучшими VR-гарнитурами. На шаг впереди конкурентов Видеокарта ROG Strix GTX 1070 – это геймерская модель высшего класса, оснащенная множеством эксклюзивных технологий Asus. Используемая на ней система охлаждения DirectCU III может похвастать высокой эффективностью за счет вентиляторов с оптимизированной геометрией крыльчатки, а безупречная надежность устройства обеспечивается полностью автоматизированным процессом производства (технология Auto-Extreme). Система подсветки Aura RGB поможет сделать дизайн компьютера незабываемым с помощью оригинальных световых эффектов, в то время как совместимые с VR-устройствами порты HDMI подарят геймерам возможность окунуться в захватывающий мир виртуальной реальности. В комплект поставки ROG Strix GTX 1070 входят утилиты GPU Tweak II (для настройки и мониторинга параметров видеокарты) и XSplit Gamecaster (для записи и трансляции процесса игры в режиме реального времени). Высокоэффективное охлаждение: Кулер DirectCU III с технологией «прямого контакта» На данную видеокарту установлена эксклюзивная система охлаждения DirectCU III с технологией «прямого контакта»: медные тепловые трубки кулера непосредственно контактируют с поверхностью графического процессора. Оптимизированные вентиляторы. Усиленный воздушный поток и повышенное статическое давление. Три высококачественных вентилятора с оптимизированной геометрией крыльчатки, входящие в состав системы охлаждения DirectCU III, усиливают воздушный поток и увеличивают статическое давление по сравнению с обычными. Кроме того, благодаря продуманной конструкции радиатора данный кулер способен охлаждать видеокарту при невысоком уровне нагрузки в пассивном режиме, то есть при нулевом уровне шума. Технология ASUS FanConnect. Дополнительные разъемы для вентиляторов. Система охлаждения геймерского компьютера может быть неэффективна из-за того, что алгоритм работы корпусных вентиляторов учитывает лишь температуру центрального процессора, хотя во время длительных игровых сессий температура графического процессора зачастую бывает значительно выше. Чтобы устранить эту проблему, видеокарты серии ROG Strix оснащаются двумя 4-контактными разъемами для системных вентиляторов с регулировкой на основе температуры графического процессора. Качество и надежность. Технология Auto-Extreme. Высокому качеству готового устройства способствует полностью автоматизированный процесс производства (технология Auto-Extreme), который соответствует более строгим экологическим нормам за счет устранения вредных химических веществ и уменьшения энергопотребления на 50%. 6+1-фазная система питания с технологией Super Alloy Power II В современных видеокартах Asus применяются отборные компоненты (технология Super Alloy Power II), которые обладают непревзойденной энергоэффективностью, пониженной рабочей температурой и улучшенными характеристиками. Система Aura RGB. Стильная светодиодная подсветка. Стильная светодиодная подсветка Aura RGB, реализованная на видеокартах серии ROG Strix, предлагает насладиться миллионами цветовых комбинаций в сочетании с шестью завораживающими визуальными эффектами. Разъемы HDMI с поддержкой VR-устройств. Окунись в другую реальность. Видеокарты ROG Strix обладают двумя разъемами HDMI, что позволяет одновременно подключить и дисплей, и систему виртуальной реальности. Утилита GPU Tweak II с модулем XSplit Gamecaster для гибкой настройки графической подсистемы Современные видеокарты Asus совместимы с эксклюзивной утилитой GPU Tweak II, с помощью которой можно получить полный контроль над графической подсистемой компьютера. Например, новая функция Gaming Booster позволяет моментально выделить все доступные вычислительные ресурсы под 3D-приложение, чтобы обеспечить максимальную производительность. Функция Gaming Booster: оптимизация одним щелчком мыши Визуальные эффекты: повышение производительности за счет отключения визуальных эффектов интерфейса Windows. Системные службы: автоматическое или ручное отключение служб и процессов Windows. Дефрагментация памяти: высвобождение системной памяти без закрытия запущенных процессов. Утилита XSplit Gamecaster В пакет программного обеспечения, прилагаемого к данной видеокарте, входит 1-годичная лицензия на XSplit Gamecaster – удобную утилиту для трансляции и записи процесса игры. Реализованная в виде накладываемого поверх самой игры интерфейса, она также отображает данные системного мониторинга (частоту графического процессора, температуру видеокарты, уровень загрузки видеопамяти) и содержит элементы управления утилиты GPU Tweak II (например, для переключения между профилями с настройками или моментального разгона видеокарты).", 19841);
INSERT INTO webshop.characteristics (CharacteristicID, CharacteristicTypeID, Value, ProductID) VALUES (760, 1, "PCI-Express x16 3.0", 40);
INSERT INTO webshop.characteristics (CharacteristicID, CharacteristicTypeID, Value, ProductID) VALUES (761, 2, "Gaming: 1506 МГц (Boost 1683 МГц) OC: 1531 МГц (Boost: 1721 МГц)", 40);
INSERT INTO webshop.characteristics (CharacteristicID, CharacteristicTypeID, Value, ProductID) VALUES (762, 16, "7680x4320", 40);
INSERT INTO webshop.characteristics (CharacteristicID, CharacteristicTypeID, Value, ProductID) VALUES (763, 17, "Активная", 40);
INSERT INTO webshop.characteristics (CharacteristicID, CharacteristicTypeID, Value, ProductID) VALUES (764, 3, "8 pin", 40);
INSERT INTO webshop.characteristics (CharacteristicID, CharacteristicTypeID, Value, ProductID) VALUES (765, 4, "DVI DisplayPort HDMI", 40);
INSERT INTO webshop.characteristics (CharacteristicID, CharacteristicTypeID, Value, ProductID) VALUES (766, 5, "Есть", 40);
INSERT INTO webshop.characteristics (CharacteristicID, CharacteristicTypeID, Value, ProductID) VALUES (767, 6, "8 ГГц", 40);
INSERT INTO webshop.characteristics (CharacteristicID, CharacteristicTypeID, Value, ProductID) VALUES (768, 7, "298 x 134 x 40 мм", 40);
INSERT INTO webshop.characteristics (CharacteristicID, CharacteristicTypeID, Value, ProductID) VALUES (769, 9, "GeForce GTX 1070", 40);
INSERT INTO webshop.characteristics (CharacteristicID, CharacteristicTypeID, Value, ProductID) VALUES (770, 19, "GDDR5", 40);
INSERT INTO webshop.characteristics (CharacteristicID, CharacteristicTypeID, Value, ProductID) VALUES (771, 20, "36 месяцев", 40);
INSERT INTO webshop.characteristics (CharacteristicID, CharacteristicTypeID, Value, ProductID) VALUES (772, 21, "1", 40);
INSERT INTO webshop.characteristics (CharacteristicID, CharacteristicTypeID, Value, ProductID) VALUES (773, 22, "Стандартная", 40);
INSERT INTO webshop.characteristics (CharacteristicID, CharacteristicTypeID, Value, ProductID) VALUES (774, 12, "256 бит", 40);
INSERT INTO webshop.characteristics (CharacteristicID, CharacteristicTypeID, Value, ProductID) VALUES (775, 23, "DirectX 12, OpenGL 4.5", 40);
INSERT INTO webshop.characteristics (CharacteristicID, CharacteristicTypeID, Value, ProductID) VALUES (776, 13, "Нет", 40);
INSERT INTO webshop.characteristics (CharacteristicID, CharacteristicTypeID, Value, ProductID) VALUES (777, 25, "8 ГБ", 40);
INSERT INTO webshop.characteristics (CharacteristicID, CharacteristicTypeID, Value, ProductID) VALUES (778, 26, "DirectCU III", 40);
INSERT INTO webshop.images (ImageID, Url, ProductID) VALUES (205, "https://i2.rozetka.ua/goods/1657067/copy_asus_rog_strix_gtx1070_o8g_gaming_577cd2a8bbb36_images_1657067703.jpg", 40);
INSERT INTO webshop.images (ImageID, Url, ProductID) VALUES (206, "https://i2.rozetka.ua/goods/1657067/copy_asus_rog_strix_gtx1070_o8g_gaming_577cd2a8bbb36_images_1657067794.jpg", 40);
INSERT INTO webshop.images (ImageID, Url, ProductID) VALUES (207, "https://i2.rozetka.ua/goods/1657067/copy_asus_rog_strix_gtx1070_o8g_gaming_577cd2a8bbb36_images_1657067885.jpg", 40);
INSERT INTO webshop.images (ImageID, Url, ProductID) VALUES (208, "https://i1.rozetka.ua/goods/1657067/copy_asus_rog_strix_gtx1070_o8g_gaming_577cd2a8bbb36_images_1657067976.jpg", 40);
INSERT INTO webshop.images (ImageID, Url, ProductID) VALUES (209, "https://i2.rozetka.ua/goods/1657069/copy_asus_rog_strix_gtx1070_o8g_gaming_577cd2a8bbb36_images_1657069670.jpg", 40);
INSERT INTO webshop.images (ImageID, Url, ProductID) VALUES (210, "https://i2.rozetka.ua/goods/1657069/copy_asus_rog_strix_gtx1070_o8g_gaming_577cd2a8bbb36_images_1657069579.jpg", 40);
INSERT INTO webshop.images (ImageID, Url, ProductID) VALUES (211, "https://i1.rozetka.ua/goods/1657069/copy_asus_rog_strix_gtx1070_o8g_gaming_577cd2a8bbb36_images_1657069369.jpg", 40);
INSERT INTO webshop.images (ImageID, Url, ProductID) VALUES (212, "https://i2.rozetka.ua/goods/1657069/copy_asus_rog_strix_gtx1070_o8g_gaming_577cd2a8bbb36_images_1657069278.jpg", 40);
INSERT INTO webshop.images (ImageID, Url, ProductID) VALUES (213, "https://i1.rozetka.ua/goods/1657069/copy_asus_rog_strix_gtx1070_o8g_gaming_577cd2a8bbb36_images_1657069187.jpg", 40);
INSERT INTO webshop.images (ImageID, Url, ProductID) VALUES (214, "https://i2.rozetka.ua/goods/1657069/copy_asus_rog_strix_gtx1070_o8g_gaming_577cd2a8bbb36_images_1657069096.jpg", 40);
INSERT INTO webshop.images (ImageID, Url, ProductID) VALUES (215, "https://i1.rozetka.ua/goods/1657077/asus_rog_strix_gtx1070_8g_gaming_images_1657077265.jpg", 40);
INSERT INTO webshop.comments (CommentID, Nickname, Rating, Message, Date, ProductID) VALUES (104, "Павел", 0, "Подскажите пожалуйста какая потребляемая мощность карты?", "2018-1-3", 40);
INSERT INTO webshop.comments (CommentID, Nickname, Rating, Message, Date, ProductID) VALUES (105, "Евлампий", 5, "Вопрос к производителю или Владельцам сего зверя. У меня не светится передняя часть подсветки, только свет исходит из стороны бекплейта. У меня это брак или нужно отдельно включать? Спасибо за ответы! Достоинства: Очень холодный ГПУ при 50% кулера в нагрузке максимум 65 градусов. Недостатки: Нужен очень большой корпус для нее, в стандартный, не пройдет.", "2018-1-2", 40);
INSERT INTO webshop.comments (CommentID, Nickname, Rating, Message, Date, ProductID) VALUES (106, "Славик", 0, "Стоит ли брать к процессору i5 7600K?", "2018-1-0", 40);
-- =====================================================================
INSERT INTO webshop.products (ProductID, ProductTypeID, Title, Description, Price) VALUES (41, 6, "Asus PCI-Ex GeForce GTX 1070 ROG Strix 8GB GDDR5 (256bit) (1632/8000) (DVI, 2 x HDMI, 2 x DisplayPort) (STRIX-GTX1070-O8G-GAMING)", "Геймерская видеокарта с беспрецедентной производительностью ROG Strix — это новая серия геймерских устройств в рамках бренда Republic of Gamers. Их отличительной особенностью являются высочайшая производительность, использование инновационных технологий, безупречный уровень надежности и стильный дизайн, подчеркивающий индивидуальность каждого геймера. Устройства серии ROG Strix – это скорость и функциональность, необходимая для победы в любой игре! Идеальная геймерская платформа Мощный графический процессор GeForce GTX 1070 с новой микроархитектурой Pascal, наделяет его потрясающей скоростью, а поддержка самых современных технологий максимально расширяет его функциональность. Производительность Модель GeForce GTX 1070 – это настоящий скачок в производительности и энергоэффективности современных видеокарт. Созданная на базе современнейших компонентов и технологий, таких как транзисторы FinFET и видеопамять GDDR5, она полностью поддерживает интерфейс программирования DirectX 12, используемый в новом поколении видеоигр. Микроархитектура Pascal Графический процессор GeForce GTX 1070, построенный на базе новейшей архитектуры Pascal, удовлетворяет требованиям дисплеев нового поколения и идеально подходит для VR-гарнитур, мониторов ультравысокого разрешения и мультимониторных конфигураций. Поддерживаемая им технология NVIDIA GameWorks обеспечивает плавный игровой процесс с картинкой кинематографического качества, а также позволяет снимать панорамные 360-градусные скриншоты. Для систем виртуальной реальности Откройте для себя виртуальную реальность нового поколения: технология NVIDIA VRWorks гарантирует высокий уровень производительности и совместимость с лучшими VR-гарнитурами. На шаг впереди конкурентов Видеокарта ROG Strix GTX 1070 – это геймерская модель высшего класса, оснащенная множеством эксклюзивных технологий Asus. Используемая на ней система охлаждения DirectCU III может похвастать высокой эффективностью за счет вентиляторов с оптимизированной геометрией крыльчатки, а безупречная надежность устройства обеспечивается полностью автоматизированным процессом производства (технология Auto-Extreme). Система подсветки Aura RGB поможет сделать дизайн компьютера незабываемым с помощью оригинальных световых эффектов, в то время как совместимые с VR-устройствами порты HDMI подарят геймерам возможность окунуться в захватывающий мир виртуальной реальности. В комплект поставки ROG Strix GTX 1070 входят утилиты GPU Tweak II (для настройки и мониторинга параметров видеокарты) и XSplit Gamecaster (для записи и трансляции процесса игры в режиме реального времени). Высокоэффективное охлаждение: Кулер DirectCU III с технологией «прямого контакта» На данную видеокарту установлена эксклюзивная система охлаждения DirectCU III с технологией «прямого контакта»: медные тепловые трубки кулера непосредственно контактируют с поверхностью графического процессора. Оптимизированные вентиляторы. Усиленный воздушный поток и повышенное статическое давление. Три высококачественных вентилятора с оптимизированной геометрией крыльчатки, входящие в состав системы охлаждения DirectCU III, усиливают воздушный поток и увеличивают статическое давление по сравнению с обычными. Кроме того, благодаря продуманной конструкции радиатора данный кулер способен охлаждать видеокарту при невысоком уровне нагрузки в пассивном режиме, то есть при нулевом уровне шума. Технология ASUS FanConnect. Дополнительные разъемы для вентиляторов. Система охлаждения геймерского компьютера может быть неэффективна из-за того, что алгоритм работы корпусных вентиляторов учитывает лишь температуру центрального процессора, хотя во время длительных игровых сессий температура графического процессора зачастую бывает значительно выше. Чтобы устранить эту проблему, видеокарты серии ROG Strix оснащаются двумя 4-контактными разъемами для системных вентиляторов с регулировкой на основе температуры графического процессора. Качество и надежность. Технология Auto-Extreme. Высокому качеству готового устройства способствует полностью автоматизированный процесс производства (технология Auto-Extreme), который соответствует более строгим экологическим нормам за счет устранения вредных химических веществ и уменьшения энергопотребления на 50%. 6+1-фазная система питания с технологией Super Alloy Power II В современных видеокартах Asus применяются отборные компоненты (технология Super Alloy Power II), которые обладают непревзойденной энергоэффективностью, пониженной рабочей температурой и улучшенными характеристиками. Система Aura RGB. Стильная светодиодная подсветка. Стильная светодиодная подсветка Aura RGB, реализованная на видеокартах серии ROG Strix, предлагает насладиться миллионами цветовых комбинаций в сочетании с шестью завораживающими визуальными эффектами. Разъемы HDMI с поддержкой VR-устройств. Окунись в другую реальность. Видеокарты ROG Strix обладают двумя разъемами HDMI, что позволяет одновременно подключить и дисплей, и систему виртуальной реальности. Утилита GPU Tweak II с модулем XSplit Gamecaster для гибкой настройки графической подсистемы Современные видеокарты Asus совместимы с эксклюзивной утилитой GPU Tweak II, с помощью которой можно получить полный контроль над графической подсистемой компьютера. Например, новая функция Gaming Booster позволяет моментально выделить все доступные вычислительные ресурсы под 3D-приложение, чтобы обеспечить максимальную производительность. Функция Gaming Booster: оптимизация одним щелчком мыши Визуальные эффекты: повышение производительности за счет отключения визуальных эффектов интерфейса Windows. Системные службы: автоматическое или ручное отключение служб и процессов Windows. Дефрагментация памяти: высвобождение системной памяти без закрытия запущенных процессов. Утилита XSplit Gamecaster В пакет программного обеспечения, прилагаемого к данной видеокарте, входит 1-годичная лицензия на XSplit Gamecaster – удобную утилиту для трансляции и записи процесса игры. Реализованная в виде накладываемого поверх самой игры интерфейса, она также отображает данные системного мониторинга (частоту графического процессора, температуру видеокарты, уровень загрузки видеопамяти) и содержит элементы управления утилиты GPU Tweak II (например, для переключения между профилями с настройками или моментального разгона видеокарты).", 7482);
INSERT INTO webshop.characteristics (CharacteristicID, CharacteristicTypeID, Value, ProductID) VALUES (779, 1, "PCI-Express x16 3.0", 41);
INSERT INTO webshop.characteristics (CharacteristicID, CharacteristicTypeID, Value, ProductID) VALUES (780, 2, "Gaming: 1632 МГц (Boost 1835 МГц) OC: 1657 МГц (Boost: 1860 МГц)", 41);
INSERT INTO webshop.characteristics (CharacteristicID, CharacteristicTypeID, Value, ProductID) VALUES (781, 16, "7680x4320", 41);
INSERT INTO webshop.characteristics (CharacteristicID, CharacteristicTypeID, Value, ProductID) VALUES (782, 17, "Активная", 41);
INSERT INTO webshop.characteristics (CharacteristicID, CharacteristicTypeID, Value, ProductID) VALUES (783, 3, "8 pin", 41);
INSERT INTO webshop.characteristics (CharacteristicID, CharacteristicTypeID, Value, ProductID) VALUES (784, 4, "DVI DisplayPort HDMI", 41);
INSERT INTO webshop.characteristics (CharacteristicID, CharacteristicTypeID, Value, ProductID) VALUES (785, 5, "Есть", 41);
INSERT INTO webshop.characteristics (CharacteristicID, CharacteristicTypeID, Value, ProductID) VALUES (786, 6, "8 ГГц", 41);
INSERT INTO webshop.characteristics (CharacteristicID, CharacteristicTypeID, Value, ProductID) VALUES (787, 7, "298 x 134 x 40 мм", 41);
INSERT INTO webshop.characteristics (CharacteristicID, CharacteristicTypeID, Value, ProductID) VALUES (788, 9, "GeForce GTX 1070", 41);
INSERT INTO webshop.characteristics (CharacteristicID, CharacteristicTypeID, Value, ProductID) VALUES (789, 19, "GDDR5", 41);
INSERT INTO webshop.characteristics (CharacteristicID, CharacteristicTypeID, Value, ProductID) VALUES (790, 20, "36 месяцев", 41);
INSERT INTO webshop.characteristics (CharacteristicID, CharacteristicTypeID, Value, ProductID) VALUES (791, 21, "1", 41);
INSERT INTO webshop.characteristics (CharacteristicID, CharacteristicTypeID, Value, ProductID) VALUES (792, 22, "Стандартная", 41);
INSERT INTO webshop.characteristics (CharacteristicID, CharacteristicTypeID, Value, ProductID) VALUES (793, 12, "256 бит", 41);
INSERT INTO webshop.characteristics (CharacteristicID, CharacteristicTypeID, Value, ProductID) VALUES (794, 23, "DirectX 12, OpenGL 4.5", 41);
INSERT INTO webshop.characteristics (CharacteristicID, CharacteristicTypeID, Value, ProductID) VALUES (795, 13, "Нет", 41);
INSERT INTO webshop.characteristics (CharacteristicID, CharacteristicTypeID, Value, ProductID) VALUES (796, 25, "8 ГБ", 41);
INSERT INTO webshop.characteristics (CharacteristicID, CharacteristicTypeID, Value, ProductID) VALUES (797, 26, "DirectCU III", 41);
INSERT INTO webshop.images (ImageID, Url, ProductID) VALUES (216, "https://i1.rozetka.ua/goods/1636905/asus_rog_strix_gtx1070_o8g_gaming_images_1636905330.jpg", 41);
INSERT INTO webshop.images (ImageID, Url, ProductID) VALUES (217, "https://i2.rozetka.ua/goods/1636905/asus_rog_strix_gtx1070_o8g_gaming_images_1636905512.jpg", 41);
INSERT INTO webshop.images (ImageID, Url, ProductID) VALUES (218, "https://i2.rozetka.ua/goods/1636905/asus_rog_strix_gtx1070_o8g_gaming_images_1636905603.jpg", 41);
INSERT INTO webshop.images (ImageID, Url, ProductID) VALUES (219, "https://i2.rozetka.ua/goods/1636905/asus_rog_strix_gtx1070_o8g_gaming_images_1636905694.jpg", 41);
INSERT INTO webshop.images (ImageID, Url, ProductID) VALUES (220, "https://i1.rozetka.ua/goods/1636906/asus_rog_strix_gtx1070_o8g_gaming_images_1636906177.jpg", 41);
INSERT INTO webshop.images (ImageID, Url, ProductID) VALUES (221, "https://i2.rozetka.ua/goods/1636907/asus_rog_strix_gtx1070_o8g_gaming_images_1636907297.jpg", 41);
INSERT INTO webshop.images (ImageID, Url, ProductID) VALUES (222, "https://i2.rozetka.ua/goods/1636908/asus_rog_strix_gtx1070_o8g_gaming_images_1636908977.jpg", 41);
INSERT INTO webshop.images (ImageID, Url, ProductID) VALUES (223, "https://i2.rozetka.ua/goods/1636909/asus_rog_strix_gtx1070_o8g_gaming_images_1636909341.jpg", 41);
INSERT INTO webshop.images (ImageID, Url, ProductID) VALUES (224, "https://i1.rozetka.ua/goods/1636914/asus_rog_strix_gtx1070_o8g_gaming_images_1636914241.jpg", 41);
INSERT INTO webshop.images (ImageID, Url, ProductID) VALUES (225, "https://i2.rozetka.ua/goods/1636929/asus_rog_strix_gtx1070_o8g_gaming_images_1636929389.jpg", 41);
INSERT INTO webshop.images (ImageID, Url, ProductID) VALUES (226, "https://i2.rozetka.ua/goods/1636930/asus_rog_strix_gtx1070_o8g_gaming_images_1636930950.jpg", 41);
INSERT INTO webshop.images (ImageID, Url, ProductID) VALUES (227, "https://i2.rozetka.ua/goods/1636931/asus_rog_strix_gtx1070_o8g_gaming_images_1636931146.jpg", 41);
INSERT INTO webshop.comments (CommentID, Nickname, Rating, Message, Date, ProductID) VALUES (107, "Владимир Мачильский", 5, "Пользуюсь картой 3 месяца все плюсы производителю игры все на пять звезд. Майнинг до 5 баксов. Ну не увидел я недостатков. Комп.АМД 64 5800 летит все. Рекомендую. Достоинства: Все круто Недостатки: Цена", "2018-1-1", 41);
INSERT INTO webshop.comments (CommentID, Nickname, Rating, Message, Date, ProductID) VALUES (108, "Гость", 0, "Раскроет ли эту карту i5 4460?", "2018-1-6", 41);
INSERT INTO webshop.comments (CommentID, Nickname, Rating, Message, Date, ProductID) VALUES (109, "Станислав Микульця", 0, "С i5 7400 нормально буде?Или можно еще сильнее видюху поставить? Достоинства: Не знаю Недостатки: Не знаю", "2018-0-2", 41);
-- =====================================================================
INSERT INTO webshop.products (ProductID, ProductTypeID, Title, Description, Price) VALUES (42, 6, "Asus PCI-Ex GeForce GTX 1080 ROG Strix 8GB GDDR5X (256bit) (1607/10010) (DVI, 2 x HDMI, 2 x DisplayPort) (STRIX-GTX1080-8G-GAMING)", "Геймерская видеокарта с беспрецедентной производительностью ROG Strix — это новая серия геймерских устройств в рамках бренда Republic of Gamers. Их отличительной особенностью являются высочайшая производительность, использование инновационных технологий, безупречный уровень надежности и стильный дизайн, подчеркивающий индивидуальность каждого геймера. Устройства серии ROG Strix – это скорость и функциональность, необходимая для победы в любой игре! Идеальная геймерская платформа Графический процессор GeForce GTX 1080 является самым мощным в геймерском классе на сегодняшний момент. Новая микроархитектура Pascal наделяет его потрясающей скоростью, а поддержка самых современных технологий максимально расширяет его функциональность. Производительность Флагманская модель GeForce GTX 1080 – это настоящий квантовый скачок в производительности и энергоэффективности современных видеокарт. Созданная на базе современнейших компонентов и технологий, таких как транзисторы FinFET и видеопамять GDDR5X, она полностью поддерживает интерфейс программирования DirectX 12, используемый в новом поколении видеоигр. Микроархитектура Pascal Графический процессор GeForce GTX 1080, построенный на базе новейшей архитектуры Pascal, удовлетворяет требованиям дисплеев нового поколения и идеально подходит для VR-гарнитур, мониторов ультравысокого разрешения и мультимониторных конфигураций. Поддерживаемая им технология NVIDIA GameWorks обеспечивает плавный игровой процесс с картинкой кинематографического качества, а также позволяет снимать панорамные 360-градусные скриншоты. Для систем виртуальной реальности Откройте для себя виртуальную реальность нового поколения: технология NVIDIA VRWorks гарантирует высокий уровень производительности и совместимость с лучшими VR-гарнитурами. На шаг впереди конкурентов Видеокарта ROG Strix GTX 1080 – это геймерская модель высшего класса, оснащенная множеством эксклюзивных технологий Asus. Используемая на ней система охлаждения DirectCU III может похвастать высокой эффективностью за счет вентиляторов с оптимизированной геометрией крыльчатки, а безупречная надежность устройства обеспечивается полностью автоматизированным процессом производства (технология Auto-Extreme). Система подсветки Aura RGB поможет сделать дизайн компьютера незабываемым с помощью оригинальных световых эффектов, в то время как совместимые с VR-устройствами порты HDMI подарят геймерам возможность окунуться в захватывающий мир виртуальной реальности. В комплект поставки ROG Strix GTX 1080 входят утилиты GPU Tweak II (для настройки и мониторинга параметров видеокарты) и XSplit Gamecaster (для записи и трансляции процесса игры в режиме реального времени). Высокоэффективное охлаждение: Кулер DirectCU III с технологией «прямого контакта» На данную видеокарту установлена эксклюзивная система охлаждения DirectCU III с технологией «прямого контакта»: медные тепловые трубки кулера непосредственно контактируют с поверхностью графического процессора. Оптимизированные вентиляторы. Усиленный воздушный поток и повышенное статическое давление. Три высококачественных вентилятора с оптимизированной геометрией крыльчатки, входящие в состав системы охлаждения DirectCU III, усиливают воздушный поток и увеличивают статическое давление по сравнению с обычными. Кроме того, благодаря продуманной конструкции радиатора данный кулер способен охлаждать видеокарту при невысоком уровне нагрузки в пассивном режиме, то есть при нулевом уровне шума. Технология ASUS FanConnect. Дополнительные разъемы для вентиляторов. Система охлаждения геймерского компьютера может быть неэффективна из-за того, что алгоритм работы корпусных вентиляторов учитывает лишь температуру центрального процессора, хотя во время длительных игровых сессий температура графического процессора зачастую бывает значительно выше. Чтобы устранить эту проблему, видеокарты серии ROG Strix оснащаются двумя 4-контактными разъемами для системных вентиляторов с регулировкой на основе температуры графического процессора. Качество и надежность. Технология Auto-Extreme. Высокому качеству готового устройства способствует полностью автоматизированный процесс производства (технология Auto-Extreme), который соответствует более строгим экологическим нормам за счет устранения вредных химических веществ и уменьшения энергопотребления на 50%. 10-фазная система питания с технологией Super Alloy Power II В современных видеокартах Asus применяются отборные компоненты (технология Super Alloy Power II), которые обладают непревзойденной энергоэффективностью, пониженной рабочей температурой и улучшенными характеристиками. Система Aura RGB. Стильная светодиодная подсветка. Стильная светодиодная подсветка Aura RGB, реализованная на видеокартах серии ROG Strix, предлагает насладиться миллионами цветовых комбинаций в сочетании с шестью завораживающими визуальными эффектами. Разъемы HDMI с поддержкой VR-устройств. Окунись в другую реальность. Видеокарты ROG Strix обладают двумя разъемами HDMI, что позволяет одновременно подключить и дисплей, и систему виртуальной реальности. Утилита GPU Tweak II с модулем XSplit Gamecaster для гибкой настройки графической подсистемы Современные видеокарты Asus совместимы с эксклюзивной утилитой GPU Tweak II, с помощью которой можно получить полный контроль над графической подсистемой компьютера. Например, новая функция Gaming Booster позволяет моментально выделить все доступные вычислительные ресурсы под 3D-приложение, чтобы обеспечить максимальную производительность. Функция Gaming Booster: оптимизация одним щелчком мыши Визуальные эффекты: повышение производительности за счет отключения визуальных эффектов интерфейса Windows. Системные службы: автоматическое или ручное отключение служб и процессов Windows. Дефрагментация памяти: высвобождение системной памяти без закрытия запущенных процессов. Утилита XSplit Gamecaster В пакет программного обеспечения, прилагаемого к данной видеокарте, входит 1-годичная лицензия на XSplit Gamecaster – удобную утилиту для трансляции и записи процесса игры. Реализованная в виде накладываемого поверх самой игры интерфейса, она также отображает данные системного мониторинга (частоту графического процессора, температуру видеокарты, уровень загрузки видеопамяти) и содержит элементы управления утилиты GPU Tweak II (например, для переключения между профилями с настройками или моментального разгона видеокарты).", 16056);
INSERT INTO webshop.characteristics (CharacteristicID, CharacteristicTypeID, Value, ProductID) VALUES (798, 1, "PCI-Express x16 3.0", 42);
INSERT INTO webshop.characteristics (CharacteristicID, CharacteristicTypeID, Value, ProductID) VALUES (799, 2, "Gaming Mode (по умолчанию): Базовая частота: 1607 МГц В режиме разгона: 1733 МГц OC Mode: Базовая частота: 1632 МГц В режиме разгона: 1771 МГц", 42);
INSERT INTO webshop.characteristics (CharacteristicID, CharacteristicTypeID, Value, ProductID) VALUES (800, 16, "7680x4320", 42);
INSERT INTO webshop.characteristics (CharacteristicID, CharacteristicTypeID, Value, ProductID) VALUES (801, 17, "Активная", 42);
INSERT INTO webshop.characteristics (CharacteristicID, CharacteristicTypeID, Value, ProductID) VALUES (802, 3, "6 + 8 pin", 42);
INSERT INTO webshop.characteristics (CharacteristicID, CharacteristicTypeID, Value, ProductID) VALUES (803, 4, "DVI DisplayPort HDMI", 42);
INSERT INTO webshop.characteristics (CharacteristicID, CharacteristicTypeID, Value, ProductID) VALUES (804, 5, "Есть", 42);
INSERT INTO webshop.characteristics (CharacteristicID, CharacteristicTypeID, Value, ProductID) VALUES (805, 6, "10010 МГц", 42);
INSERT INTO webshop.characteristics (CharacteristicID, CharacteristicTypeID, Value, ProductID) VALUES (806, 7, "298 x 134 x 40 мм", 42);
INSERT INTO webshop.characteristics (CharacteristicID, CharacteristicTypeID, Value, ProductID) VALUES (807, 9, "GeForce GTX 1080", 42);
INSERT INTO webshop.characteristics (CharacteristicID, CharacteristicTypeID, Value, ProductID) VALUES (808, 19, "GDDR5X", 42);
INSERT INTO webshop.characteristics (CharacteristicID, CharacteristicTypeID, Value, ProductID) VALUES (809, 20, "36 месяцев", 42);
INSERT INTO webshop.characteristics (CharacteristicID, CharacteristicTypeID, Value, ProductID) VALUES (810, 21, "1", 42);
INSERT INTO webshop.characteristics (CharacteristicID, CharacteristicTypeID, Value, ProductID) VALUES (811, 22, "Стандартная", 42);
INSERT INTO webshop.characteristics (CharacteristicID, CharacteristicTypeID, Value, ProductID) VALUES (812, 12, "256 бит", 42);
INSERT INTO webshop.characteristics (CharacteristicID, CharacteristicTypeID, Value, ProductID) VALUES (813, 23, "DirectX 12, OpenGL 4.5", 42);
INSERT INTO webshop.characteristics (CharacteristicID, CharacteristicTypeID, Value, ProductID) VALUES (814, 13, "Нет", 42);
INSERT INTO webshop.characteristics (CharacteristicID, CharacteristicTypeID, Value, ProductID) VALUES (815, 25, "8 ГБ", 42);
INSERT INTO webshop.characteristics (CharacteristicID, CharacteristicTypeID, Value, ProductID) VALUES (816, 26, "DirectCU III", 42);
INSERT INTO webshop.images (ImageID, Url, ProductID) VALUES (228, "https://i1.rozetka.ua/goods/1657131/copy_asus_rog_strix_gtx1080_o8g_gaming_577cebd21fb8c_images_1657131284.jpg", 42);
INSERT INTO webshop.images (ImageID, Url, ProductID) VALUES (229, "https://i2.rozetka.ua/goods/1657131/copy_asus_rog_strix_gtx1080_o8g_gaming_577cebd21fb8c_images_1657131375.jpg", 42);
INSERT INTO webshop.images (ImageID, Url, ProductID) VALUES (230, "https://i1.rozetka.ua/goods/1657131/copy_asus_rog_strix_gtx1080_o8g_gaming_577cebd21fb8c_images_1657131557.jpg", 42);
INSERT INTO webshop.images (ImageID, Url, ProductID) VALUES (231, "https://i2.rozetka.ua/goods/1657131/copy_asus_rog_strix_gtx1080_o8g_gaming_577cebd21fb8c_images_1657131648.jpg", 42);
INSERT INTO webshop.images (ImageID, Url, ProductID) VALUES (232, "https://i2.rozetka.ua/goods/1657132/copy_asus_rog_strix_gtx1080_o8g_gaming_577cebd21fb8c_images_1657132684.jpg", 42);
INSERT INTO webshop.images (ImageID, Url, ProductID) VALUES (233, "https://i1.rozetka.ua/goods/1657132/copy_asus_rog_strix_gtx1080_o8g_gaming_577cebd21fb8c_images_1657132775.jpg", 42);
INSERT INTO webshop.images (ImageID, Url, ProductID) VALUES (234, "https://i1.rozetka.ua/goods/1657132/copy_asus_rog_strix_gtx1080_o8g_gaming_577cebd21fb8c_images_1657132866.jpg", 42);
INSERT INTO webshop.images (ImageID, Url, ProductID) VALUES (235, "https://i1.rozetka.ua/goods/1657132/copy_asus_rog_strix_gtx1080_o8g_gaming_577cebd21fb8c_images_1657132957.jpg", 42);
INSERT INTO webshop.images (ImageID, Url, ProductID) VALUES (236, "https://i1.rozetka.ua/goods/1657133/copy_asus_rog_strix_gtx1080_o8g_gaming_577cebd21fb8c_images_1657133412.jpg", 42);
INSERT INTO webshop.comments (CommentID, Nickname, Rating, Message, Date, ProductID) VALUES (110, "Муса", 0, "Выдаст ли эта карта больше 144фпс в разрешении fullhd с процесором i7 8700k? 16gb ram", "2018-1-6", 42);
INSERT INTO webshop.comments (CommentID, Nickname, Rating, Message, Date, ProductID) VALUES (111, "Ника", 0, "Если компьютер выключен или в спящем режиме, логотип на видеокарте продолжает светится или отключается?", "2017-11-4", 42);
INSERT INTO webshop.comments (CommentID, Nickname, Rating, Message, Date, ProductID) VALUES (112, "Outfater", 0, "Посоветуйте недорогой корпус ATX или miniATX под неё.", "2017-11-3", 42);
-- =====================================================================
INSERT INTO webshop.products (ProductID, ProductTypeID, Title, Description, Price) VALUES (43, 6, "Asus PCI-Ex GeForce GTX 1080 ROG Strix 8GB GDDR5X (256bit) (1670/10010) (DVI, 2 x HDMI, 2 x DisplayPort) (STRIX-GTX1080-A8G-GAMING)", "Геймерская видеокарта с беспрецедентной производительностью ROG Strix — это новая серия геймерских устройств в рамках бренда Republic of Gamers. Их отличительной особенностью являются высочайшая производительность, использование инновационных технологий, безупречный уровень надежности и стильный дизайн, подчеркивающий индивидуальность каждого геймера. Устройства серии ROG Strix – это скорость и функциональность, необходимая для победы в любой игре! Идеальная геймерская платформа Графический процессор GeForce GTX 1080 является самым мощным в геймерском классе на сегодняшний момент. Новая микроархитектура Pascal наделяет его потрясающей скоростью, а поддержка самых современных технологий максимально расширяет его функциональность. Производительность Флагманская модель GeForce GTX 1080 – это настоящий квантовый скачок в производительности и энергоэффективности современных видеокарт. Созданная на базе современнейших компонентов и технологий, таких как транзисторы FinFET и видеопамять GDDR5X, она полностью поддерживает интерфейс программирования DirectX 12, используемый в новом поколении видеоигр. Микроархитектура Pascal Графический процессор GeForce GTX 1080, построенный на базе новейшей архитектуры Pascal, удовлетворяет требованиям дисплеев нового поколения и идеально подходит для VR-гарнитур, мониторов ультравысокого разрешения и мультимониторных конфигураций. Поддерживаемая им технология NVIDIA GameWorks обеспечивает плавный игровой процесс с картинкой кинематографического качества, а также позволяет снимать панорамные 360-градусные скриншоты. Для систем виртуальной реальности Откройте для себя виртуальную реальность нового поколения: технология NVIDIA VRWorks гарантирует высокий уровень производительности и совместимость с лучшими VR-гарнитурами. На шаг впереди конкурентов Видеокарта ROG Strix GTX 1080 – это геймерская модель высшего класса, оснащенная множеством эксклюзивных технологий Asus. Используемая на ней система охлаждения DirectCU III может похвастать высокой эффективностью за счет вентиляторов с оптимизированной геометрией крыльчатки, а безупречная надежность устройства обеспечивается полностью автоматизированным процессом производства (технология Auto-Extreme). Система подсветки Aura RGB поможет сделать дизайн компьютера незабываемым с помощью оригинальных световых эффектов, в то время как совместимые с VR-устройствами порты HDMI подарят геймерам возможность окунуться в захватывающий мир виртуальной реальности. В комплект поставки ROG Strix GTX 1080 входят утилиты GPU Tweak II (для настройки и мониторинга параметров видеокарты) и XSplit Gamecaster (для записи и трансляции процесса игры в режиме реального времени). Высокоэффективное охлаждение: Кулер DirectCU III с технологией «прямого контакта» На данную видеокарту установлена эксклюзивная система охлаждения DirectCU III с технологией «прямого контакта»: медные тепловые трубки кулера непосредственно контактируют с поверхностью графического процессора. Оптимизированные вентиляторы. Усиленный воздушный поток и повышенное статическое давление. Три высококачественных вентилятора с оптимизированной геометрией крыльчатки, входящие в состав системы охлаждения DirectCU III, усиливают воздушный поток и увеличивают статическое давление по сравнению с обычными. Кроме того, благодаря продуманной конструкции радиатора данный кулер способен охлаждать видеокарту при невысоком уровне нагрузки в пассивном режиме, то есть при нулевом уровне шума. Технология ASUS FanConnect. Дополнительные разъемы для вентиляторов. Система охлаждения геймерского компьютера может быть неэффективна из-за того, что алгоритм работы корпусных вентиляторов учитывает лишь температуру центрального процессора, хотя во время длительных игровых сессий температура графического процессора зачастую бывает значительно выше. Чтобы устранить эту проблему, видеокарты серии ROG Strix оснащаются двумя 4-контактными разъемами для системных вентиляторов с регулировкой на основе температуры графического процессора. Качество и надежность. Технология Auto-Extreme. Высокому качеству готового устройства способствует полностью автоматизированный процесс производства (технология Auto-Extreme), который соответствует более строгим экологическим нормам за счет устранения вредных химических веществ и уменьшения энергопотребления на 50%. 10-фазная система питания с технологией Super Alloy Power II В современных видеокартах Asus применяются отборные компоненты (технология Super Alloy Power II), которые обладают непревзойденной энергоэффективностью, пониженной рабочей температурой и улучшенными характеристиками. Система Aura RGB. Стильная светодиодная подсветка. Стильная светодиодная подсветка Aura RGB, реализованная на видеокартах серии ROG Strix, предлагает насладиться миллионами цветовых комбинаций в сочетании с шестью завораживающими визуальными эффектами. Разъемы HDMI с поддержкой VR-устройств. Окунись в другую реальность. Видеокарты ROG Strix обладают двумя разъемами HDMI, что позволяет одновременно подключить и дисплей, и систему виртуальной реальности. Утилита GPU Tweak II с модулем XSplit Gamecaster для гибкой настройки графической подсистемы Современные видеокарты Asus совместимы с эксклюзивной утилитой GPU Tweak II, с помощью которой можно получить полный контроль над графической подсистемой компьютера. Например, новая функция Gaming Booster позволяет моментально выделить все доступные вычислительные ресурсы под 3D-приложение, чтобы обеспечить максимальную производительность. Функция Gaming Booster: оптимизация одним щелчком мыши Визуальные эффекты: повышение производительности за счет отключения визуальных эффектов интерфейса Windows. Системные службы: автоматическое или ручное отключение служб и процессов Windows. Дефрагментация памяти: высвобождение системной памяти без закрытия запущенных процессов. Утилита XSplit Gamecaster В пакет программного обеспечения, прилагаемого к данной видеокарте, входит 1-годичная лицензия на XSplit Gamecaster – удобную утилиту для трансляции и записи процесса игры. Реализованная в виде накладываемого поверх самой игры интерфейса, она также отображает данные системного мониторинга (частоту графического процессора, температуру видеокарты, уровень загрузки видеопамяти) и содержит элементы управления утилиты GPU Tweak II (например, для переключения между профилями с настройками или моментального разгона видеокарты).", 4225);
INSERT INTO webshop.characteristics (CharacteristicID, CharacteristicTypeID, Value, ProductID) VALUES (817, 1, "PCI-Express x16 3.0", 43);
INSERT INTO webshop.characteristics (CharacteristicID, CharacteristicTypeID, Value, ProductID) VALUES (818, 2, "Gaming Mode: Базовая частота: 1670 МГц В режиме разгона: 1809 МГц OC Mode: Базовая частота: 1695 МГц В режиме разгона: 1835 МГц", 43);
INSERT INTO webshop.characteristics (CharacteristicID, CharacteristicTypeID, Value, ProductID) VALUES (819, 16, "7680x4320", 43);
INSERT INTO webshop.characteristics (CharacteristicID, CharacteristicTypeID, Value, ProductID) VALUES (820, 17, "Активная", 43);
INSERT INTO webshop.characteristics (CharacteristicID, CharacteristicTypeID, Value, ProductID) VALUES (821, 3, "6 + 8 pin", 43);
INSERT INTO webshop.characteristics (CharacteristicID, CharacteristicTypeID, Value, ProductID) VALUES (822, 4, "DVI DisplayPort HDMI", 43);
INSERT INTO webshop.characteristics (CharacteristicID, CharacteristicTypeID, Value, ProductID) VALUES (823, 5, "Есть", 43);
INSERT INTO webshop.characteristics (CharacteristicID, CharacteristicTypeID, Value, ProductID) VALUES (824, 6, "10010 МГц", 43);
INSERT INTO webshop.characteristics (CharacteristicID, CharacteristicTypeID, Value, ProductID) VALUES (825, 7, "298 x 134 x 40 мм", 43);
INSERT INTO webshop.characteristics (CharacteristicID, CharacteristicTypeID, Value, ProductID) VALUES (826, 9, "GeForce GTX 1080", 43);
INSERT INTO webshop.characteristics (CharacteristicID, CharacteristicTypeID, Value, ProductID) VALUES (827, 19, "GDDR5X", 43);
INSERT INTO webshop.characteristics (CharacteristicID, CharacteristicTypeID, Value, ProductID) VALUES (828, 20, "36 месяцев", 43);
INSERT INTO webshop.characteristics (CharacteristicID, CharacteristicTypeID, Value, ProductID) VALUES (829, 21, "1", 43);
INSERT INTO webshop.characteristics (CharacteristicID, CharacteristicTypeID, Value, ProductID) VALUES (830, 22, "Стандартная", 43);
INSERT INTO webshop.characteristics (CharacteristicID, CharacteristicTypeID, Value, ProductID) VALUES (831, 12, "256 бит", 43);
INSERT INTO webshop.characteristics (CharacteristicID, CharacteristicTypeID, Value, ProductID) VALUES (832, 23, "DirectX 12, OpenGL 4.5", 43);
INSERT INTO webshop.characteristics (CharacteristicID, CharacteristicTypeID, Value, ProductID) VALUES (833, 13, "Нет", 43);
INSERT INTO webshop.characteristics (CharacteristicID, CharacteristicTypeID, Value, ProductID) VALUES (834, 25, "8 ГБ", 43);
INSERT INTO webshop.characteristics (CharacteristicID, CharacteristicTypeID, Value, ProductID) VALUES (835, 26, "DirectCU III", 43);
INSERT INTO webshop.images (ImageID, Url, ProductID) VALUES (237, "https://i2.rozetka.ua/goods/1672501/copy_asus_rog_strix_gtx1080_8g_gaming_578df575b40ec_images_1672501695.jpg", 43);
INSERT INTO webshop.images (ImageID, Url, ProductID) VALUES (238, "https://i1.rozetka.ua/goods/1672501/copy_asus_rog_strix_gtx1080_8g_gaming_578df575b40ec_images_1672501786.jpg", 43);
INSERT INTO webshop.images (ImageID, Url, ProductID) VALUES (239, "https://i1.rozetka.ua/goods/1672501/copy_asus_rog_strix_gtx1080_8g_gaming_578df575b40ec_images_1672501877.jpg", 43);
INSERT INTO webshop.images (ImageID, Url, ProductID) VALUES (240, "https://i1.rozetka.ua/goods/1672501/copy_asus_rog_strix_gtx1080_8g_gaming_578df575b40ec_images_1672501968.jpg", 43);
INSERT INTO webshop.images (ImageID, Url, ProductID) VALUES (241, "https://i1.rozetka.ua/goods/1672502/copy_asus_rog_strix_gtx1080_8g_gaming_578df575b40ec_images_1672502059.jpg", 43);
INSERT INTO webshop.images (ImageID, Url, ProductID) VALUES (242, "https://i2.rozetka.ua/goods/1672502/copy_asus_rog_strix_gtx1080_8g_gaming_578df575b40ec_images_1672502150.jpg", 43);
INSERT INTO webshop.images (ImageID, Url, ProductID) VALUES (243, "https://i2.rozetka.ua/goods/1672502/copy_asus_rog_strix_gtx1080_8g_gaming_578df575b40ec_images_1672502241.jpg", 43);
INSERT INTO webshop.comments (CommentID, Nickname, Rating, Message, Date, ProductID) VALUES (113, "Антон Кулявец", 0, "Здравствуйте, вопрос к ASUS. Купил пол года назад STRIX-GTX1080-A8G-GAMING в магазине, с 3г гарантии, все как полагается. Вот недавно чистил комп, заметил что на видеокарте нет пломбы, погуглил - должна быть. Видеокарта не разбиралась, понятное дело. Всё ли ок и бывает ли такое?", "2018-0-5", 43);
INSERT INTO webshop.comments (CommentID, Nickname, Rating, Message, Date, ProductID) VALUES (114, "Игорь Бойко", 0, "на половине карты перестала работать подсветка... а точнее она работает только возле первого куллера, а дальше не идет, а так-же отличается по цвету основная подсветка от той что в бекплейте. В программе АУРА все сброшено в дефолт, но результат тот-же, что делать?", "2018-0-1", 43);
INSERT INTO webshop.comments (CommentID, Nickname, Rating, Message, Date, ProductID) VALUES (115, "Евгений", 5, "Добрый вечер. Скажите будет ли исправно работать на материнке msi? И может глупый вопрос но все же, sli можно объэдинить только карты одной фирмы и чипа? Либо могут быть и разной фирмы и разных чипов ( к примеру 1070 и 1080) Спасибо", "2018-0-2", 43);
-- =====================================================================
INSERT INTO webshop.products (ProductID, ProductTypeID, Title, Description, Price) VALUES (44, 6, "Asus PCI-Ex Radeon RX560 ROG Strix OC EVO 4GB GDDR5 (128bit) (1176/6000) (DVI, HDMI, DisplayPort) (ROG-STRIX-RX560-4G-EVO-GAMING)", "Затмевая конкурентов Видеокарта ROG Strix RX 560 – это геймерская модель, оснащенная множеством эксклюзивных технологий ASUS. Используемая на ней система охлаждения DirectCU II может похвастать высокой эффективностью за счет вентиляторов с оптимизированной геометрией крыльчатки, а безупречная надежность устройства обеспечивается полностью автоматизированным процессом производства (технология Auto-Extreme). Система подсветки Aura RGB поможет сделать дизайн компьютера незабываемым с помощью оригинальных световых эффектов. В комплект поставки ROG Strix RX 560 входят утилиты GPU Tweak II (для настройки и мониторинга параметров видеокарты) и XSplit Gamecaster (для записи и трансляции процесса игры в режиме реального времени). Холодней и тише На данную видеокарту установлена эксклюзивная система охлаждения DirectCU II с технологией «прямого контакта»: медные тепловые трубки кулера непосредственно контактируют с поверхностью графического процессора. Усиленный воздушный поток и повышенное статическое давление Высококачественные вентиляторы с оптимизированной геометрией крыльчатки, входящие в состав системы охлаждения данной видеокарты, усиливают воздушный поток и увеличивают статическое давление по сравнению с кулером референсной модели. При этом они производят в три раза меньше шума. Наслаждайтесь тишиной! При малом и среднем уровне нагрузки, когда температура графического процессора остается ниже заданного уровня, кулер будет охлаждать видеокарту Strix в пассивном режиме, то есть при нулевом уровне шума от вентиляторов. Сертификация IP5X Вентиляторы, используемые на видеокартах серии ROG Strix, являются пыленепроницаемыми, соответствуя требованиям стандарта IP5X. Это означает их долговечность, что в свою очередь увеличивает срок службы всего устройства. Технология ASUS FanConnect II На видеокарте имеется 4-контактный разъем для подключения корпусного вентилятора с регулировкой по ШИМ или напряжению. Изменение его скорости осуществляется на основе температуры центрального и графического процессора – в зависимости от того, какая выше. Кроме того, пользователю предоставляется возможность гибкой настройки алгоритма регулировки. Технология Auto-Extreme Высокому качеству готового устройства способствует полностью автоматизированный процесс производства (технология Auto-Extreme), который соответствует более строгим экологическим нормам за счет устранения вредных химических веществ и уменьшения энергопотребления на 50%. 5-фазная система питания с технологией Super Alloy Power II В современных видеокартах ASUS применяются отборные компоненты (технология Super Alloy Power II), которые обладают непревзойденной энергоэффективностью, пониженной рабочей температурой и улучшенными характеристиками. Система Aura Стильная светодиодная подсветка Aura, реализованная на видеокартах серии ROG Strix, предлагает насладиться миллионами цветовых комбинаций в сочетании с шестью завораживающими визуальными эффектами.", 15120);
INSERT INTO webshop.characteristics (CharacteristicID, CharacteristicTypeID, Value, ProductID) VALUES (836, 1, "PCI-Express x16 3.0", 44);
INSERT INTO webshop.characteristics (CharacteristicID, CharacteristicTypeID, Value, ProductID) VALUES (837, 2, "OC Mode: 1186 МГц Gaming Mode: 1176 МГц Base Mode: 1149 МГц", 44);
INSERT INTO webshop.characteristics (CharacteristicID, CharacteristicTypeID, Value, ProductID) VALUES (838, 16, "5120x2880", 44);
INSERT INTO webshop.characteristics (CharacteristicID, CharacteristicTypeID, Value, ProductID) VALUES (839, 17, "Активная", 44);
INSERT INTO webshop.characteristics (CharacteristicID, CharacteristicTypeID, Value, ProductID) VALUES (840, 4, "DVI DisplayPort HDMI", 44);
INSERT INTO webshop.characteristics (CharacteristicID, CharacteristicTypeID, Value, ProductID) VALUES (841, 5, "Нет", 44);
INSERT INTO webshop.characteristics (CharacteristicID, CharacteristicTypeID, Value, ProductID) VALUES (842, 6, "6000 МГц", 44);
INSERT INTO webshop.characteristics (CharacteristicID, CharacteristicTypeID, Value, ProductID) VALUES (843, 7, "194 x 120 x 35 мм", 44);
INSERT INTO webshop.characteristics (CharacteristicID, CharacteristicTypeID, Value, ProductID) VALUES (844, 8, "400 Вт", 44);
INSERT INTO webshop.characteristics (CharacteristicID, CharacteristicTypeID, Value, ProductID) VALUES (845, 9, "RX 560", 44);
INSERT INTO webshop.characteristics (CharacteristicID, CharacteristicTypeID, Value, ProductID) VALUES (846, 19, "GDDR5", 44);
INSERT INTO webshop.characteristics (CharacteristicID, CharacteristicTypeID, Value, ProductID) VALUES (847, 20, "36 месяцев", 44);
INSERT INTO webshop.characteristics (CharacteristicID, CharacteristicTypeID, Value, ProductID) VALUES (848, 21, "1", 44);
INSERT INTO webshop.characteristics (CharacteristicID, CharacteristicTypeID, Value, ProductID) VALUES (849, 22, "Стандартная", 44);
INSERT INTO webshop.characteristics (CharacteristicID, CharacteristicTypeID, Value, ProductID) VALUES (850, 12, "128 бит", 44);
INSERT INTO webshop.characteristics (CharacteristicID, CharacteristicTypeID, Value, ProductID) VALUES (851, 23, "DirectX 12, OpenGL 4.5", 44);
INSERT INTO webshop.characteristics (CharacteristicID, CharacteristicTypeID, Value, ProductID) VALUES (852, 13, "Нет", 44);
INSERT INTO webshop.characteristics (CharacteristicID, CharacteristicTypeID, Value, ProductID) VALUES (853, 25, "4 ГБ", 44);
INSERT INTO webshop.characteristics (CharacteristicID, CharacteristicTypeID, Value, ProductID) VALUES (854, 26, "DirectCU II", 44);
INSERT INTO webshop.images (ImageID, Url, ProductID) VALUES (244, "https://i1.rozetka.ua/goods/2769945/copy_asus_rog_strix_rx560_evo_o4g_gaming_5a704a837a6f5_images_2769945295.jpg", 44);
INSERT INTO webshop.images (ImageID, Url, ProductID) VALUES (245, "https://i2.rozetka.ua/goods/2769945/copy_asus_rog_strix_rx560_evo_o4g_gaming_5a704a837a6f5_images_2769945855.jpg", 44);
INSERT INTO webshop.images (ImageID, Url, ProductID) VALUES (246, "https://i2.rozetka.ua/goods/2769946/copy_asus_rog_strix_rx560_evo_o4g_gaming_5a704a837a6f5_images_2769946535.jpg", 44);
INSERT INTO webshop.images (ImageID, Url, ProductID) VALUES (247, "https://i2.rozetka.ua/goods/2769947/copy_asus_rog_strix_rx560_evo_o4g_gaming_5a704a837a6f5_images_2769947215.jpg", 44);
INSERT INTO webshop.images (ImageID, Url, ProductID) VALUES (248, "https://i2.rozetka.ua/goods/2769947/copy_asus_rog_strix_rx560_evo_o4g_gaming_5a704a837a6f5_images_2769947631.jpg", 44);
INSERT INTO webshop.images (ImageID, Url, ProductID) VALUES (249, "https://i1.rozetka.ua/goods/2769948/copy_asus_rog_strix_rx560_evo_o4g_gaming_5a704a837a6f5_images_2769948335.jpg", 44);
INSERT INTO webshop.images (ImageID, Url, ProductID) VALUES (250, "https://i2.rozetka.ua/goods/2769949/asus_rog_strix_rx560_evo_4g_gaming_images_2769949503.jpg", 44);
INSERT INTO webshop.comments (CommentID, Nickname, Rating, Message, Date, ProductID) VALUES (116, "Андрей Даньков", 5, "Потянет ли World of Tanks на максималках и гта 5 на средних?", "2018-1-6", 44);
INSERT INTO webshop.comments (CommentID, Nickname, Rating, Message, Date, ProductID) VALUES (117, "Оксана Худенко", 0, "Вопрос к производителю: Какая термопрокладка стоит в данной модели? Достоинства: еще не купил Недостатки: еще не купил", "2018-1-5", 44);
-- =====================================================================
INSERT INTO webshop.products (ProductID, ProductTypeID, Title, Description, Price) VALUES (45, 6, "Asus PCI-Ex Radeon RX560 ROG Strix OC EVO 4GB GDDR5 (128bit) (1187/6000) (DVI, HDMI, DisplayPort) (ROG-STRIX-RX560-O4G-EVO-GAMING)", "Затмевая конкурентов Видеокарта ROG Strix RX 560 – это геймерская модель, оснащенная множеством эксклюзивных технологий ASUS. Используемая на ней система охлаждения DirectCU II может похвастать высокой эффективностью за счет вентиляторов с оптимизированной геометрией крыльчатки, а безупречная надежность устройства обеспечивается полностью автоматизированным процессом производства (технология Auto-Extreme). Система подсветки Aura RGB поможет сделать дизайн компьютера незабываемым с помощью оригинальных световых эффектов. В комплект поставки ROG Strix RX 560 входят утилиты GPU Tweak II (для настройки и мониторинга параметров видеокарты) и XSplit Gamecaster (для записи и трансляции процесса игры в режиме реального времени). Холодней и тише На данную видеокарту установлена эксклюзивная система охлаждения DirectCU II с технологией «прямого контакта»: медные тепловые трубки кулера непосредственно контактируют с поверхностью графического процессора. Усиленный воздушный поток и повышенное статическое давление Высококачественные вентиляторы с оптимизированной геометрией крыльчатки, входящие в состав системы охлаждения данной видеокарты, усиливают воздушный поток и увеличивают статическое давление по сравнению с кулером референсной модели. При этом они производят в три раза меньше шума. Наслаждайтесь тишиной! При малом и среднем уровне нагрузки, когда температура графического процессора остается ниже заданного уровня, кулер будет охлаждать видеокарту Strix в пассивном режиме, то есть при нулевом уровне шума от вентиляторов. Сертификация IP5X Вентиляторы, используемые на видеокартах серии ROG Strix, являются пыленепроницаемыми, соответствуя требованиям стандарта IP5X. Это означает их долговечность, что в свою очередь увеличивает срок службы всего устройства. Технология ASUS FanConnect II На видеокарте имеется 4-контактный разъем для подключения корпусного вентилятора с регулировкой по ШИМ или напряжению. Изменение его скорости осуществляется на основе температуры центрального и графического процессора – в зависимости от того, какая выше. Кроме того, пользователю предоставляется возможность гибкой настройки алгоритма регулировки. Технология Auto-Extreme Высокому качеству готового устройства способствует полностью автоматизированный процесс производства (технология Auto-Extreme), который соответствует более строгим экологическим нормам за счет устранения вредных химических веществ и уменьшения энергопотребления на 50%. 5-фазная система питания с технологией Super Alloy Power II В современных видеокартах ASUS применяются отборные компоненты (технология Super Alloy Power II), которые обладают непревзойденной энергоэффективностью, пониженной рабочей температурой и улучшенными характеристиками. Система Aura Стильная светодиодная подсветка Aura, реализованная на видеокартах серии ROG Strix, предлагает насладиться миллионами цветовых комбинаций в сочетании с шестью завораживающими визуальными эффектами.", 6042);
INSERT INTO webshop.characteristics (CharacteristicID, CharacteristicTypeID, Value, ProductID) VALUES (855, 1, "PCI-Express x16 3.0", 45);
INSERT INTO webshop.characteristics (CharacteristicID, CharacteristicTypeID, Value, ProductID) VALUES (856, 2, "OC Mode: 1197 МГц Gaming Mode: 1187 МГц", 45);
INSERT INTO webshop.characteristics (CharacteristicID, CharacteristicTypeID, Value, ProductID) VALUES (857, 16, "5120x2880", 45);
INSERT INTO webshop.characteristics (CharacteristicID, CharacteristicTypeID, Value, ProductID) VALUES (858, 17, "Активная", 45);
INSERT INTO webshop.characteristics (CharacteristicID, CharacteristicTypeID, Value, ProductID) VALUES (859, 4, "DVI DisplayPort HDMI", 45);
INSERT INTO webshop.characteristics (CharacteristicID, CharacteristicTypeID, Value, ProductID) VALUES (860, 5, "Нет", 45);
INSERT INTO webshop.characteristics (CharacteristicID, CharacteristicTypeID, Value, ProductID) VALUES (861, 6, "6000 МГц", 45);
INSERT INTO webshop.characteristics (CharacteristicID, CharacteristicTypeID, Value, ProductID) VALUES (862, 7, "194 x 120 x 35 мм", 45);
INSERT INTO webshop.characteristics (CharacteristicID, CharacteristicTypeID, Value, ProductID) VALUES (863, 8, "400 Вт", 45);
INSERT INTO webshop.characteristics (CharacteristicID, CharacteristicTypeID, Value, ProductID) VALUES (864, 9, "RX 560", 45);
INSERT INTO webshop.characteristics (CharacteristicID, CharacteristicTypeID, Value, ProductID) VALUES (865, 19, "GDDR5", 45);
INSERT INTO webshop.characteristics (CharacteristicID, CharacteristicTypeID, Value, ProductID) VALUES (866, 20, "36 месяцев", 45);
INSERT INTO webshop.characteristics (CharacteristicID, CharacteristicTypeID, Value, ProductID) VALUES (867, 21, "1", 45);
INSERT INTO webshop.characteristics (CharacteristicID, CharacteristicTypeID, Value, ProductID) VALUES (868, 22, "Стандартная", 45);
INSERT INTO webshop.characteristics (CharacteristicID, CharacteristicTypeID, Value, ProductID) VALUES (869, 12, "128 бит", 45);
INSERT INTO webshop.characteristics (CharacteristicID, CharacteristicTypeID, Value, ProductID) VALUES (870, 23, "DirectX 12, OpenGL 4.5", 45);
INSERT INTO webshop.characteristics (CharacteristicID, CharacteristicTypeID, Value, ProductID) VALUES (871, 13, "Нет", 45);
INSERT INTO webshop.characteristics (CharacteristicID, CharacteristicTypeID, Value, ProductID) VALUES (872, 25, "4 ГБ", 45);
INSERT INTO webshop.characteristics (CharacteristicID, CharacteristicTypeID, Value, ProductID) VALUES (873, 26, "DirectCU II", 45);
INSERT INTO webshop.images (ImageID, Url, ProductID) VALUES (251, "https://i2.rozetka.ua/goods/2297409/asus_rog_strix_rx560_evo_o4g_gaming_images_2297409433.jpg", 45);
INSERT INTO webshop.images (ImageID, Url, ProductID) VALUES (252, "https://i1.rozetka.ua/goods/2297409/asus_rog_strix_rx560_evo_o4g_gaming_images_2297409641.jpg", 45);
INSERT INTO webshop.images (ImageID, Url, ProductID) VALUES (253, "https://i2.rozetka.ua/goods/2297409/asus_rog_strix_rx560_evo_o4g_gaming_images_2297409329.jpg", 45);
INSERT INTO webshop.images (ImageID, Url, ProductID) VALUES (254, "https://i2.rozetka.ua/goods/2297409/asus_rog_strix_rx560_evo_o4g_gaming_images_2297409537.jpg", 45);
INSERT INTO webshop.images (ImageID, Url, ProductID) VALUES (255, "https://i2.rozetka.ua/goods/2297409/asus_rog_strix_rx560_evo_o4g_gaming_images_2297409017.jpg", 45);
INSERT INTO webshop.images (ImageID, Url, ProductID) VALUES (256, "https://i2.rozetka.ua/goods/2297409/asus_rog_strix_rx560_evo_o4g_gaming_images_2297409121.jpg", 45);
INSERT INTO webshop.images (ImageID, Url, ProductID) VALUES (257, "https://i1.rozetka.ua/goods/2297409/asus_rog_strix_rx560_evo_o4g_gaming_images_2297409745.jpg", 45);
INSERT INTO webshop.images (ImageID, Url, ProductID) VALUES (258, "https://i1.rozetka.ua/goods/2297409/asus_rog_strix_rx560_evo_o4g_gaming_images_2297409225.jpg", 45);
INSERT INTO webshop.comments (CommentID, Nickname, Rating, Message, Date, ProductID) VALUES (118, "ergon ss", 0, "Можно ли пентиум g4560 к этой видеокарте?", "2018-1-3", 45);
INSERT INTO webshop.comments (CommentID, Nickname, Rating, Message, Date, ProductID) VALUES (119, "Саша", 0, "Добрый вечер , может подойти эта материнская плата Gigabyte Ga -B250M -D2V . К этой видеокарте Radeon RX 560 .", "2018-1-5", 45);
INSERT INTO webshop.comments (CommentID, Nickname, Rating, Message, Date, ProductID) VALUES (120, "Сергей", 0, "Материнская плата MSI 970A-G46 (sAM3+, AMD 970/SB950, PCI-Ex16) подойдет эта карточка?", "2018-1-5", 45);
-- =====================================================================
INSERT INTO webshop.products (ProductID, ProductTypeID, Title, Description, Price) VALUES (46, 6, "Asus PCI-Ex Radeon RX580 ROG Strix 8GB GDDR5 (256bit) (1411/8000) (DVI, 2 x HDMI, 2 x DisplayPort) (ROG-STRIX-RX580-T8G-GAMING)", "ASUS ROG Strix ROG Strix — это новая серия геймерских устройств в рамках бренда Republic of Gamers. Их отличительной особенностью являются высочайшая производительность, использование инновационных технологий, безупречный уровень надежности и стильный дизайн, подчеркивающий индивидуальность каждого геймера. Устройства серии ROG Strix – это скорость и функциональность, необходимая для победы в любой игре! На шаг впереди конкурентов Видеокарта ROG Strix Radeon RX 580 – это геймерская модель, оснащенная множеством эксклюзивных технологий ASUS. Используемая на ней система охлаждения DirectCU III может похвастать высокой эффективностью за счет вентиляторов с оптимизированной геометрией крыльчатки, а безупречная надежность устройства обеспечивается полностью автоматизированным процессом производства (технология Auto-Extreme). Система подсветки Aura RGB поможет сделать дизайн компьютера незабываемым с помощью оригинальных световых эффектов, в то время как совместимые с VR-устройствами порты HDMI подарят геймерам возможность окунуться в захватывающий мир виртуальной реальности. В комплект поставки ROG Strix Radeon RX 580 входят утилиты GPU Tweak II (для настройки и мониторинга параметров видеокарты) и XSplit Gamecaster (для записи и трансляции процесса игры в режиме реального времени). Высокоэффективное охлаждение: Кулер DirectCU III с технологией «прямого контакта» На данную видеокарту установлена эксклюзивная система охлаждения DirectCU III с технологией «прямого контакта»: медные тепловые трубки кулера непосредственно контактируют с поверхностью графического процессора. Оптимизированные вентиляторы. Усиленный воздушный поток и повышенное статическое давление. Три высококачественных вентилятора с оптимизированной геометрией крыльчатки, входящие в состав системы охлаждения DirectCU III, усиливают воздушный поток и увеличивают статическое давление по сравнению с обычными. Кроме того, благодаря продуманной конструкции радиатора данный кулер способен охлаждать видеокарту при невысоком уровне нагрузки в пассивном режиме, то есть при нулевом уровне шума. Технология ASUS FanConnect. Дополнительные разъемы для вентиляторов. Система охлаждения геймерского компьютера может быть неэффективна из-за того, что алгоритм работы корпусных вентиляторов учитывает лишь температуру центрального процессора, хотя во время длительных игровых сессий температура графического процессора зачастую бывает значительно выше. Чтобы устранить эту проблему, видеокарты серии ROG Strix оснащаются двумя 4-контактными разъемами для системных вентиляторов с регулировкой на основе температуры графического процессора. Качество и надежность. Технология Auto-Extreme. Высокому качеству готового устройства способствует полностью автоматизированный процесс производства (технология Auto-Extreme), который соответствует более строгим экологическим нормам за счет устранения вредных химических веществ и уменьшения энергопотребления на 50%. 6-фазная система питания и технология Super Alloy Power II Стабильной работе видеокарты способствует высококачественная элементная база. Используемые на ней компоненты Super Alloy Power II обеспечивают эффективное потребление энергии и снижение температуры примерно на 50% по сравнению с предыдущими решениями. Система Aura RGB. Стильная светодиодная подсветка. Стильная светодиодная подсветка Aura RGB, реализованная на видеокартах серии ROG Strix, предлагает насладиться миллионами цветовых комбинаций в сочетании с шестью завораживающими визуальными эффектами. Разъемы HDMI с поддержкой VR-устройств. Окунись в другую реальность. Видеокарты ROG Strix обладают двумя разъемами HDMI, что позволяет одновременно подключить и дисплей, и систему виртуальной реальности. Утилита GPU Tweak II с модулем XSplit Gamecaster для гибкой настройки графической подсистемы Современные видеокарты Asus совместимы с эксклюзивной утилитой GPU Tweak II, с помощью которой можно получить полный контроль над графической подсистемой компьютера. Например, новая функция Gaming Booster позволяет моментально выделить все доступные вычислительные ресурсы под 3D-приложение, чтобы обеспечить максимальную производительность. Функция Gaming Booster: оптимизация одним щелчком мыши Визуальные эффекты: повышение производительности за счет отключения визуальных эффектов интерфейса Windows. Системные службы: автоматическое или ручное отключение служб и процессов Windows. Дефрагментация памяти: высвобождение системной памяти без закрытия запущенных процессов. Утилита XSplit Gamecaster В пакет программного обеспечения, прилагаемого к данной видеокарте, входит 1-годичная лицензия на XSplit Gamecaster – удобную утилиту для трансляции и записи процесса игры. Реализованная в виде накладываемого поверх самой игры интерфейса, она также отображает данные системного мониторинга (частоту графического процессора, температуру видеокарты, уровень загрузки видеопамяти) и содержит элементы управления утилиты GPU Tweak II (например, для переключения между профилями с настройками или моментального разгона видеокарты).", 527);
INSERT INTO webshop.characteristics (CharacteristicID, CharacteristicTypeID, Value, ProductID) VALUES (874, 1, "PCI-Express x16 3.0", 46);
INSERT INTO webshop.characteristics (CharacteristicID, CharacteristicTypeID, Value, ProductID) VALUES (875, 2, "Gaming Mode: 1411 МГц OC Mode: 1431 МГц", 46);
INSERT INTO webshop.characteristics (CharacteristicID, CharacteristicTypeID, Value, ProductID) VALUES (876, 16, "7680x4320", 46);
INSERT INTO webshop.characteristics (CharacteristicID, CharacteristicTypeID, Value, ProductID) VALUES (877, 17, "Активная", 46);
INSERT INTO webshop.characteristics (CharacteristicID, CharacteristicTypeID, Value, ProductID) VALUES (878, 4, "DVI DisplayPort HDMI", 46);
INSERT INTO webshop.characteristics (CharacteristicID, CharacteristicTypeID, Value, ProductID) VALUES (879, 5, "Нет", 46);
INSERT INTO webshop.characteristics (CharacteristicID, CharacteristicTypeID, Value, ProductID) VALUES (880, 6, "8000 Гц", 46);
INSERT INTO webshop.characteristics (CharacteristicID, CharacteristicTypeID, Value, ProductID) VALUES (881, 7, "298 x 134 x 52.5 мм", 46);
INSERT INTO webshop.characteristics (CharacteristicID, CharacteristicTypeID, Value, ProductID) VALUES (882, 9, "RX 580", 46);
INSERT INTO webshop.characteristics (CharacteristicID, CharacteristicTypeID, Value, ProductID) VALUES (883, 19, "GDDR5", 46);
INSERT INTO webshop.characteristics (CharacteristicID, CharacteristicTypeID, Value, ProductID) VALUES (884, 20, "36 месяцев", 46);
INSERT INTO webshop.characteristics (CharacteristicID, CharacteristicTypeID, Value, ProductID) VALUES (885, 21, "1", 46);
INSERT INTO webshop.characteristics (CharacteristicID, CharacteristicTypeID, Value, ProductID) VALUES (886, 22, "Стандартная", 46);
INSERT INTO webshop.characteristics (CharacteristicID, CharacteristicTypeID, Value, ProductID) VALUES (887, 12, "256 бит", 46);
INSERT INTO webshop.characteristics (CharacteristicID, CharacteristicTypeID, Value, ProductID) VALUES (888, 23, "DirectX 12, OpenGL 4.5", 46);
INSERT INTO webshop.characteristics (CharacteristicID, CharacteristicTypeID, Value, ProductID) VALUES (889, 13, "Есть", 46);
INSERT INTO webshop.characteristics (CharacteristicID, CharacteristicTypeID, Value, ProductID) VALUES (890, 25, "8 ГБ", 46);
INSERT INTO webshop.characteristics (CharacteristicID, CharacteristicTypeID, Value, ProductID) VALUES (891, 26, "DirectCU III", 46);
INSERT INTO webshop.images (ImageID, Url, ProductID) VALUES (259, "https://i2.rozetka.ua/goods/1966291/asus_rog_strix_rx580_t8g_gaming_images_1966291760.jpg", 46);
INSERT INTO webshop.images (ImageID, Url, ProductID) VALUES (260, "https://i1.rozetka.ua/goods/1966111/asus_rog_strix_rx580_t8g_gaming_images_1966111430.jpg", 46);
INSERT INTO webshop.images (ImageID, Url, ProductID) VALUES (261, "https://i2.rozetka.ua/goods/1966111/asus_rog_strix_rx580_t8g_gaming_images_1966111796.jpg", 46);
INSERT INTO webshop.images (ImageID, Url, ProductID) VALUES (262, "https://i2.rozetka.ua/goods/1966112/asus_rog_strix_rx580_t8g_gaming_images_1966112834.jpg", 46);
INSERT INTO webshop.images (ImageID, Url, ProductID) VALUES (263, "https://i1.rozetka.ua/goods/1989186/asus_rog_strix_rx580_t8g_gaming_images_1989186254.jpg", 46);
INSERT INTO webshop.images (ImageID, Url, ProductID) VALUES (264, "https://i2.rozetka.ua/goods/1966113/asus_rog_strix_rx580_t8g_gaming_images_1966113302.jpg", 46);
INSERT INTO webshop.images (ImageID, Url, ProductID) VALUES (265, "https://i1.rozetka.ua/goods/1989185/asus_rog_strix_rx580_t8g_gaming_images_1989185996.jpg", 46);
INSERT INTO webshop.images (ImageID, Url, ProductID) VALUES (266, "https://i1.rozetka.ua/goods/1966113/asus_rog_strix_rx580_t8g_gaming_images_1966113068.jpg", 46);
INSERT INTO webshop.comments (CommentID, Nickname, Rating, Message, Date, ProductID) VALUES (121, "Владимир", 0, "Попались с памятью хюникс. До прошивки 14mh, после прошивки 20mh. Чего только не пробовал. Не с чем сравнивать, может для игр и нормальные еще не пробовал но для майнинга дороговаты.", "2018-1-2", 46);
INSERT INTO webshop.comments (CommentID, Nickname, Rating, Message, Date, ProductID) VALUES (122, "Виталий Северин", 5, "Заказывал две таких в разное время с разрывом около месяца. Одна попалась с памятью samsung а вторая c hynix. Хорошая холодная карта, с полной нагрузкой держит 52 градуса вентиляторы на 43% массивный радиатор и 3ри кулера рулят. Первая бомба а вторая по хуже не гонится вообще в паре работают... Еще на дефолтных частотах. Достоинства: Холодная. Недостатки: Цена.", "2018-1-0", 46);
INSERT INTO webshop.comments (CommentID, Nickname, Rating, Message, Date, ProductID) VALUES (123, "valeriy8811", 5, "Хорошая - но дорогая Правда есть и по дороже ”смотря для чего” Достоинства: все Недостатки: дорого", "2018-0-3", 46);
-- =====================================================================
INSERT INTO webshop.products (ProductID, ProductTypeID, Title, Description, Price) VALUES (47, 6, "Asus PCI-Ex Radeon RX Vega 64 8192MB HBM2 (2048bit) (1590МГц) (DVI, 2 x HDMI, 2 x DisplayPort) (ROG-STRIX-RXVEGA64-O8G-GAMING)", "Затмевая конкурентов Видеокарта ROG Strix RX VEGA64 – это геймерская модель высшего класса, оснащенная множеством эксклюзивных технологий ASUS. Используемая на ней система охлаждения может похвастать высокой эффективностью за счет пыленепроницаемых вентиляторов с оптимизированной геометрией крыльчатки, а возможность подключения 4-контактных корпусных вентиляторов позволит обеспечить максимально комфортный для столь мощного устройства температурный режим. Система подсветки Aura Sync поможет сделать дизайн компьютера незабываемым с помощью оригинальных световых эффектов, в то время как совместимые с VR-устройствами порты HDMI подарят геймерам возможность окунуться в захватывающий мир виртуальной реальности. В комплект поставки ROG Strix RX VEGA64 входят утилиты GPU Tweak II (для настройки и мониторинга параметров видеокарты) и XSplit Gamecaster (для записи и трансляции процесса игры в режиме реального времени). Подсветка Aura Sync Стильная светодиодная подсветка Aura Sync, реализованная на видеокартах серии ROG Strix, предлагает насладиться миллионами цветовых комбинаций в сочетании с шестью завораживающими визуальными эффектами. Кроме того, подключив видеокарту к соответствующей материнской плате ASUS, можно синхронизировать работу их подсветки друг с другом. Высокоэффективное охлаждение Радиатор с увеличенной поверхностью Новые видеокарты серии ROG Strix выполнены в форм-факторе толщиной 2.5 слота, что позволило увеличить размер поверхности их радиатора на 40% по сравнению со стандартным форм-фактором 2 слота. Увеличенная площадь теплорассеивания способствует улучшенному охлаждению устройства. Технология MaxContact MaxContact – это название новой технологии изготовления основания медного радиатора, который установлен на графическом процессоре. Обладая более гладкой поверхностью, чем обычные, такой радиатор обеспечивает большую площадь контакта, а значит и лучшую передачу тепла. Оптимизированные вентиляторы Высококачественные вентиляторы с оптимизированной геометрией крыльчатки, входящие в состав системы охлаждения данной видеокарты, усиливают воздушный поток и увеличивают статическое давление по сравнению с кулером референсной модели. При этом они производят в три раза меньше шума. Бесшумный режим работы При малом и среднем уровне нагрузки, когда температура графического процессора остается ниже заданного уровня*, кулер будет охлаждать видеокарту в пассивном режиме, то есть при нулевом уровне шума от вентиляторов. *Для ROG Strix RX VEGA64 пороговое значение температуры составляет 55°. Сертификация IP5X Вентиляторы, используемые на видеокартах серии ROG Strix, являются пыленепроницаемыми, соответствуя требованиям стандарта IP5X. Это означает их долговечность, что в свою очередь увеличивает срок службы всего устройства. Технология ASUS FanConnect II Технология ASUS FanConnect II означает, что на видеокарте имеется пара 4-контактных разъемов для подключения корпусных вентиляторов с регулировкой по ШИМ или напряжению. Изменение их скорости осуществляется на основе температуры центрального и графического процессора – автоматически. Кроме того, пользователю предоставляется возможность гибкой настройки алгоритма регулировки вручную. Технология Auto-Extreme Высокому качеству готового устройства способствует полностью автоматизированный процесс производства (технология Auto-Extreme), который соответствует более строгим экологическим нормам за счет устранения вредных химических веществ и уменьшения энергопотребления на 50%. Технология Super Alloy Power II В современных видеокартах ASUS применяются отборные компоненты (технология Super Alloy Power II), которые обладают непревзойденной энергоэффективностью, пониженной рабочей температурой и улучшенными характеристиками. Разъемы HDMI с поддержкой VR-устройств Видеокарты ROG Strix обладают двумя разъемами HDMI, что позволяет одновременно подключить и дисплей, и систему виртуальной реальности. Оптимальное решение В мониторах ASUS геймерской серии MG реализована технология AMD FreeSync, синхронизирующая частоту обновления экрана с частотой вывода кадров графическим процессором AMD. Благодаря FreeSync устраняется неприятный эффект разрыва кадра и уменьшается задержка отображения, что обеспечивает как более высокое качество картинки, так и улучшенную реакцию игры на действия пользователя. Мониторы MG и видеокарты Strix – идеальное сочетание для геймерского компьютера! Утилита GPU Tweak II с модулем XSplit Gamecaster Современные видеокарты ASUS совместимы с эксклюзивной утилитой GPU Tweak II, с помощью которой можно получить полный контроль над графической подсистемой компьютера. Например, новая функция Gaming Booster позволяет моментально выделить все доступные вычислительные ресурсы под 3D-приложение, чтобы обеспечить максимальную производительность.", 702);
INSERT INTO webshop.characteristics (CharacteristicID, CharacteristicTypeID, Value, ProductID) VALUES (892, 1, "PCI-Express x16 3.0", 47);
INSERT INTO webshop.characteristics (CharacteristicID, CharacteristicTypeID, Value, ProductID) VALUES (893, 2, "1590 МГц", 47);
INSERT INTO webshop.characteristics (CharacteristicID, CharacteristicTypeID, Value, ProductID) VALUES (894, 16, "7680x4320", 47);
INSERT INTO webshop.characteristics (CharacteristicID, CharacteristicTypeID, Value, ProductID) VALUES (895, 17, "Активная", 47);
INSERT INTO webshop.characteristics (CharacteristicID, CharacteristicTypeID, Value, ProductID) VALUES (896, 3, "8 + 8 pin", 47);
INSERT INTO webshop.characteristics (CharacteristicID, CharacteristicTypeID, Value, ProductID) VALUES (897, 4, "DVI DisplayPort HDMI", 47);
INSERT INTO webshop.characteristics (CharacteristicID, CharacteristicTypeID, Value, ProductID) VALUES (898, 5, "Нет", 47);
INSERT INTO webshop.characteristics (CharacteristicID, CharacteristicTypeID, Value, ProductID) VALUES (899, 6, "945 МГц", 47);
INSERT INTO webshop.characteristics (CharacteristicID, CharacteristicTypeID, Value, ProductID) VALUES (900, 7, "298 x 139 x 52.5 мм", 47);
INSERT INTO webshop.characteristics (CharacteristicID, CharacteristicTypeID, Value, ProductID) VALUES (901, 9, "RX Vega 64", 47);
INSERT INTO webshop.characteristics (CharacteristicID, CharacteristicTypeID, Value, ProductID) VALUES (902, 19, "HBM2", 47);
INSERT INTO webshop.characteristics (CharacteristicID, CharacteristicTypeID, Value, ProductID) VALUES (903, 20, "36 месяцев", 47);
INSERT INTO webshop.characteristics (CharacteristicID, CharacteristicTypeID, Value, ProductID) VALUES (904, 21, "1", 47);
INSERT INTO webshop.characteristics (CharacteristicID, CharacteristicTypeID, Value, ProductID) VALUES (905, 22, "Стандартная", 47);
INSERT INTO webshop.characteristics (CharacteristicID, CharacteristicTypeID, Value, ProductID) VALUES (906, 12, "2048 бит", 47);
INSERT INTO webshop.characteristics (CharacteristicID, CharacteristicTypeID, Value, ProductID) VALUES (907, 23, "DirectX 12, OpenGL 4.5", 47);
INSERT INTO webshop.characteristics (CharacteristicID, CharacteristicTypeID, Value, ProductID) VALUES (908, 25, "8 ГБ", 47);
INSERT INTO webshop.characteristics (CharacteristicID, CharacteristicTypeID, Value, ProductID) VALUES (909, 26, "Турбина + радиатор", 47);
INSERT INTO webshop.images (ImageID, Url, ProductID) VALUES (267, "https://i2.rozetka.ua/goods/2447338/asus_rog_strix_rxvega64_o8g_gaming_images_2447338073.jpg", 47);
INSERT INTO webshop.images (ImageID, Url, ProductID) VALUES (268, "https://i1.rozetka.ua/goods/2447338/asus_rog_strix_rxvega64_o8g_gaming_images_2447338337.jpg", 47);
INSERT INTO webshop.images (ImageID, Url, ProductID) VALUES (269, "https://i1.rozetka.ua/goods/2447338/asus_rog_strix_rxvega64_o8g_gaming_images_2447338529.jpg", 47);
INSERT INTO webshop.images (ImageID, Url, ProductID) VALUES (270, "https://i1.rozetka.ua/goods/2447340/asus_rog_strix_rxvega64_o8g_gaming_images_2447340033.jpg", 47);
INSERT INTO webshop.images (ImageID, Url, ProductID) VALUES (271, "https://i1.rozetka.ua/goods/2447340/asus_rog_strix_rxvega64_o8g_gaming_images_2447340193.jpg", 47);
INSERT INTO webshop.images (ImageID, Url, ProductID) VALUES (272, "https://i2.rozetka.ua/goods/2447340/asus_rog_strix_rxvega64_o8g_gaming_images_2447340649.jpg", 47);
INSERT INTO webshop.images (ImageID, Url, ProductID) VALUES (273, "https://i1.rozetka.ua/goods/2447340/asus_rog_strix_rxvega64_o8g_gaming_images_2447340865.jpg", 47);
INSERT INTO webshop.images (ImageID, Url, ProductID) VALUES (274, "https://i1.rozetka.ua/goods/2447341/asus_rog_strix_rxvega64_o8g_gaming_images_2447341345.jpg", 47);
INSERT INTO webshop.images (ImageID, Url, ProductID) VALUES (275, "https://i2.rozetka.ua/goods/2447341/asus_rog_strix_rxvega64_o8g_gaming_images_2447341777.jpg", 47);
INSERT INTO webshop.comments (CommentID, Nickname, Rating, Message, Date, ProductID) VALUES (124, "Гость", 0, "Скажите пожалуйста, не сгорит ли такая видюха на теранозавре с такими характеристиками: Процессор: AMD Athlon(tm) 64 processor 3500+, 2.2 GHz, память : 2048 мегабайт RAM, BIOS- Phoneix-AwardBIOS v6.00PG, пк от NVIDIA , модель AWRDACPI", "2018-0-6", 47);
INSERT INTO webshop.comments (CommentID, Nickname, Rating, Message, Date, ProductID) VALUES (125, "Игорь", 0, "Точнее надо задавать вопрос!!! А через сколько лет ожидается в продаже?)))", "2018-0-3", 47);
INSERT INTO webshop.comments (CommentID, Nickname, Rating, Message, Date, ProductID) VALUES (126, "Сергей Солонько", 0, "какой БП нужен для данной карты ?", "2018-0-0", 47);
-- =====================================================================
INSERT INTO webshop.products (ProductID, ProductTypeID, Title, Description, Price) VALUES (48, 6, "Asus PCI-Ex Radeon RX 560 2GB GDDR5 (128bit) (1176/7000) (DVI-D, HDMI, DisplayPort) (RX560-2G)", "Идеальное соотношение цена/производительность ASUS RX 560 – это геймерская видеокарта с эффективным кулером, который включает в себя два пыленепроницаемых вентилятора. При ее изготовлении применяются высококачественные компоненты, а в комплект поставки включена эксклюзивная разгонная утилита GPU Tweak II с модулем онлайн-трансляций XSplit Gamecaster. Система охлаждения с двумя вентиляторами На данную видеокарту устанавливается система охлаждения с двумя вентиляторами, обеспечивающими более мощный поток воздуха и пониженную температуру по сравнению с референсным кулером при значительно меньшем уровне шума. Технологии Auto-Extreme и Super Alloy Power II В современных видеокартах ASUS применяются отборные компоненты (технология Super Alloy Power II), которые обладают непревзойденной энергоэффективностью, пониженной рабочей температурой и улучшенными характеристиками. Высокому качеству готового устройства также способствует полностью автоматизированный процесс производства (технология Auto-Extreme). Сертификация IP5X Вентиляторы, используемые на видеокартах данной серии, являются пыленепроницаемыми, соответствуя требованиям стандарта IP5X. Утилита GPU Tweak II с модулем XSplit Gamecaster Современные видеокарты ASUS совместимы с эксклюзивной утилитой GPU Tweak II, с помощью которой можно получить полный контроль над графической подсистемой компьютера. Например, новая функция Gaming Booster позволяет моментально выделить все доступные вычислительные ресурсы под 3D-приложение, чтобы обеспечить максимальную производительность. В комплект поставки видеокарты входит утилита XSplit Gamecaster, предназначенная для записи и трансляции процесса игры в режиме реального времени.", 11882);
INSERT INTO webshop.characteristics (CharacteristicID, CharacteristicTypeID, Value, ProductID) VALUES (910, 1, "PCI-Express x16 3.0", 48);
INSERT INTO webshop.characteristics (CharacteristicID, CharacteristicTypeID, Value, ProductID) VALUES (911, 2, "1176 МГц", 48);
INSERT INTO webshop.characteristics (CharacteristicID, CharacteristicTypeID, Value, ProductID) VALUES (912, 16, "5120x2880", 48);
INSERT INTO webshop.characteristics (CharacteristicID, CharacteristicTypeID, Value, ProductID) VALUES (913, 17, "Активная", 48);
INSERT INTO webshop.characteristics (CharacteristicID, CharacteristicTypeID, Value, ProductID) VALUES (914, 3, "Нет", 48);
INSERT INTO webshop.characteristics (CharacteristicID, CharacteristicTypeID, Value, ProductID) VALUES (915, 4, "DVI DisplayPort HDMI", 48);
INSERT INTO webshop.characteristics (CharacteristicID, CharacteristicTypeID, Value, ProductID) VALUES (916, 5, "Нет", 48);
INSERT INTO webshop.characteristics (CharacteristicID, CharacteristicTypeID, Value, ProductID) VALUES (917, 6, "7000 МГц", 48);
INSERT INTO webshop.characteristics (CharacteristicID, CharacteristicTypeID, Value, ProductID) VALUES (918, 7, "220 x 115 x 39 мм", 48);
INSERT INTO webshop.characteristics (CharacteristicID, CharacteristicTypeID, Value, ProductID) VALUES (919, 8, "400 Вт", 48);
INSERT INTO webshop.characteristics (CharacteristicID, CharacteristicTypeID, Value, ProductID) VALUES (920, 9, "RX 560", 48);
INSERT INTO webshop.characteristics (CharacteristicID, CharacteristicTypeID, Value, ProductID) VALUES (921, 19, "GDDR5", 48);
INSERT INTO webshop.characteristics (CharacteristicID, CharacteristicTypeID, Value, ProductID) VALUES (922, 20, "36 месяцев", 48);
INSERT INTO webshop.characteristics (CharacteristicID, CharacteristicTypeID, Value, ProductID) VALUES (923, 21, "1", 48);
INSERT INTO webshop.characteristics (CharacteristicID, CharacteristicTypeID, Value, ProductID) VALUES (924, 22, "Стандартная", 48);
INSERT INTO webshop.characteristics (CharacteristicID, CharacteristicTypeID, Value, ProductID) VALUES (925, 12, "128 бит", 48);
INSERT INTO webshop.characteristics (CharacteristicID, CharacteristicTypeID, Value, ProductID) VALUES (926, 23, "DirectX 12, OpenGL 4.5", 48);
INSERT INTO webshop.characteristics (CharacteristicID, CharacteristicTypeID, Value, ProductID) VALUES (927, 13, "Есть", 48);
INSERT INTO webshop.characteristics (CharacteristicID, CharacteristicTypeID, Value, ProductID) VALUES (928, 25, "2 ГБ", 48);
INSERT INTO webshop.characteristics (CharacteristicID, CharacteristicTypeID, Value, ProductID) VALUES (929, 26, "Высокоэффективный кулер с двумя вентиляторами", 48);
INSERT INTO webshop.images (ImageID, Url, ProductID) VALUES (276, "https://i2.rozetka.ua/goods/2786376/copy_asus_rx560_4g_5a71861e8005e_images_2786376919.jpg", 48);
INSERT INTO webshop.images (ImageID, Url, ProductID) VALUES (277, "https://i1.rozetka.ua/goods/2786377/copy_asus_rx560_4g_5a71861e8005e_images_2786377359.jpg", 48);
INSERT INTO webshop.images (ImageID, Url, ProductID) VALUES (278, "https://i2.rozetka.ua/goods/2786377/copy_asus_rx560_4g_5a71861e8005e_images_2786377839.jpg", 48);
INSERT INTO webshop.images (ImageID, Url, ProductID) VALUES (279, "https://i1.rozetka.ua/goods/2786378/copy_asus_rx560_4g_5a71861e8005e_images_2786378311.jpg", 48);
INSERT INTO webshop.images (ImageID, Url, ProductID) VALUES (280, "https://i1.rozetka.ua/goods/2786378/copy_asus_rx560_4g_5a71861e8005e_images_2786378855.jpg", 48);
INSERT INTO webshop.images (ImageID, Url, ProductID) VALUES (281, "https://i2.rozetka.ua/goods/2786475/asus_rx560_2g_images_2786475575.jpg", 48);
INSERT INTO webshop.comments (CommentID, Nickname, Rating, Message, Date, ProductID) VALUES (127, "Андрей", 0, "какая память? сколько в криптонайте выдает до и после прошивки?", "2018-1-1", 48);
-- =====================================================================
INSERT INTO webshop.products (ProductID, ProductTypeID, Title, Description, Price) VALUES (49, 6, "Asus PCI-Ex Radeon RX560 4G EVO 4GB GDDR5 (128bit) (1176/6000) (DVI, HDMI, DisplayPort) (RX560-4G-EVO)", "Видеокарта Asus Radeon RX 560 оснащена двойной конструкцией вентилятора для 2-кратного воздушного потока и более тихой работы в 3 раза. Вентиляторы IP5X устойчивы к пыли для повышения надежности и более длительного срока службы. Эксклюзивная технология Auto-Extreme с компонентами Super Alloy Power II обеспечивает превосходную стабильность. GPU Tweak II с XSplit Gamecaster, обеспечивает интуитивно понятную настройку производительности и мгновенное потоковое воспроизведение. IP5X-сертифицированное сопротивление пыли Конструкция вентилятора Asus сертифицирована в соответствии с Международной защитой (IP-код) как пылезащита IP5X для повышения надежности и оптимальной производительности вентилятора даже в тяжелых условиях. Компоненты Super Alloy Power II Видеокарты Asus производятся с использованием технологии Auto-Extreme, первого в отрасли 100% автоматизированного производственного процесса, а также обладают превосходными компонентами Super Alloy Power II, которые повышают эффективность, уменьшают потери мощности, уменьшают жужжание компонентов под нагрузкой и более низкие тепловые температуры для непревзойденного качества и надежность. GPU Tweak II с Xsplit Gamecaster Обновленный с интуитивно понятным, совершенно новым пользовательским интерфейсом, GPU Tweak II делает разгон более простым и более визуальным, чем когда-либо, при этом сохраняя дополнительные возможности для опытных оверклокеров. С помощью одного щелчка новая функция Gaming Booster максимизирует производительность графики, удаляя избыточные процессы и автоматически распределяя все доступные ресурсы. XSplit Gamecaster позволяет вам легко транслировать или записывать ваш игровой процесс.", 1947);
INSERT INTO webshop.characteristics (CharacteristicID, CharacteristicTypeID, Value, ProductID) VALUES (930, 1, "PCI-Express x16 3.0", 49);
INSERT INTO webshop.characteristics (CharacteristicID, CharacteristicTypeID, Value, ProductID) VALUES (931, 2, "OC Mode - 1186 МГц (Boost Clock) Gaming Mode - 1176 МГц (Boost Clock) 1149 МГц (Base Clock)", 49);
INSERT INTO webshop.characteristics (CharacteristicID, CharacteristicTypeID, Value, ProductID) VALUES (932, 16, "5120x2880", 49);
INSERT INTO webshop.characteristics (CharacteristicID, CharacteristicTypeID, Value, ProductID) VALUES (933, 17, "Активная", 49);
INSERT INTO webshop.characteristics (CharacteristicID, CharacteristicTypeID, Value, ProductID) VALUES (934, 3, "Нет", 49);
INSERT INTO webshop.characteristics (CharacteristicID, CharacteristicTypeID, Value, ProductID) VALUES (935, 4, "DVI DisplayPort HDMI", 49);
INSERT INTO webshop.characteristics (CharacteristicID, CharacteristicTypeID, Value, ProductID) VALUES (936, 5, "Нет", 49);
INSERT INTO webshop.characteristics (CharacteristicID, CharacteristicTypeID, Value, ProductID) VALUES (937, 6, "6000 МГц", 49);
INSERT INTO webshop.characteristics (CharacteristicID, CharacteristicTypeID, Value, ProductID) VALUES (938, 7, "220 x 115 x 39 мм", 49);
INSERT INTO webshop.characteristics (CharacteristicID, CharacteristicTypeID, Value, ProductID) VALUES (939, 8, "400 Вт", 49);
INSERT INTO webshop.characteristics (CharacteristicID, CharacteristicTypeID, Value, ProductID) VALUES (940, 9, "RX 560", 49);
INSERT INTO webshop.characteristics (CharacteristicID, CharacteristicTypeID, Value, ProductID) VALUES (941, 19, "GDDR5", 49);
INSERT INTO webshop.characteristics (CharacteristicID, CharacteristicTypeID, Value, ProductID) VALUES (942, 20, "36 месяцев", 49);
INSERT INTO webshop.characteristics (CharacteristicID, CharacteristicTypeID, Value, ProductID) VALUES (943, 21, "1", 49);
INSERT INTO webshop.characteristics (CharacteristicID, CharacteristicTypeID, Value, ProductID) VALUES (944, 22, "Стандартная", 49);
INSERT INTO webshop.characteristics (CharacteristicID, CharacteristicTypeID, Value, ProductID) VALUES (945, 11, "1 x CD 1 x Краткое пособие", 49);
INSERT INTO webshop.characteristics (CharacteristicID, CharacteristicTypeID, Value, ProductID) VALUES (946, 12, "128 бит", 49);
INSERT INTO webshop.characteristics (CharacteristicID, CharacteristicTypeID, Value, ProductID) VALUES (947, 23, "DirectX 12, OpenGL 4.5", 49);
INSERT INTO webshop.characteristics (CharacteristicID, CharacteristicTypeID, Value, ProductID) VALUES (948, 13, "Нет", 49);
INSERT INTO webshop.characteristics (CharacteristicID, CharacteristicTypeID, Value, ProductID) VALUES (949, 14, "Китай", 49);
INSERT INTO webshop.characteristics (CharacteristicID, CharacteristicTypeID, Value, ProductID) VALUES (950, 25, "4 ГБ", 49);
INSERT INTO webshop.characteristics (CharacteristicID, CharacteristicTypeID, Value, ProductID) VALUES (951, 26, "Радиатор + Вентиляторы", 49);
INSERT INTO webshop.images (ImageID, Url, ProductID) VALUES (282, "https://i1.rozetka.ua/goods/2769568/copy_asus_rx560_o4g_evo_5a7043b9a78ba_images_2769568735.jpg", 49);
INSERT INTO webshop.images (ImageID, Url, ProductID) VALUES (283, "https://i2.rozetka.ua/goods/2769569/copy_asus_rx560_o4g_evo_5a7043b9a78ba_images_2769569175.jpg", 49);
INSERT INTO webshop.images (ImageID, Url, ProductID) VALUES (284, "https://i2.rozetka.ua/goods/2769569/copy_asus_rx560_o4g_evo_5a7043b9a78ba_images_2769569703.jpg", 49);
INSERT INTO webshop.images (ImageID, Url, ProductID) VALUES (285, "https://i2.rozetka.ua/goods/2769570/copy_asus_rx560_o4g_evo_5a7043b9a78ba_images_2769570199.jpg", 49);
INSERT INTO webshop.images (ImageID, Url, ProductID) VALUES (286, "https://i2.rozetka.ua/goods/2769570/copy_asus_rx560_o4g_evo_5a7043b9a78ba_images_2769570663.jpg", 49);
INSERT INTO webshop.images (ImageID, Url, ProductID) VALUES (287, "https://i2.rozetka.ua/goods/2769571/asus_rx560_4g_evo_images_2769571063.jpg", 49);
INSERT INTO webshop.comments (CommentID, Nickname, Rating, Message, Date, ProductID) VALUES (128, "Гость", 0, "Как будет работать с AmD A8 5500? Раскроет ли он её?", "2018-1-0", 49);
-- =====================================================================
INSERT INTO webshop.products (ProductID, ProductTypeID, Title, Description, Price) VALUES (50, 6, "Asus PCI-Ex Radeon RX 560 OC 2GB GDDR5 (128bit) (1175/7000) (DVI, HDMI, DisplayPort) (RX560-O2G)", "Идеальное соотношение цена/производительность ASUS Radeon RX 560 – это геймерская видеокарта с эффективным кулером, который включает в себя два пыленепроницаемых вентилятора. При ее изготовлении применяются высококачественные компоненты, а в комплект поставки включена эксклюзивная разгонная утилита GPU Tweak II с модулем онлайн-трансляций XSplit Gamecaster. Система охлаждения с двумя вентиляторами На данную видеокарту устанавливается система охлаждения с двумя вентиляторами, обеспечивающими более мощный поток воздуха и пониженную температуру по сравнению с референсным кулером при значительно меньшем уровне шума. Технологии Auto-Extreme и Super Alloy Power II В современных видеокартах ASUS применяются отборные компоненты (технология Super Alloy Power II), которые обладают непревзойденной энергоэффективностью, пониженной рабочей температурой и улучшенными характеристиками. Высокому качеству готового устройства также способствует полностью автоматизированный процесс производства (технология Auto-Extreme). Сертификация IP5X Вентиляторы, используемые на видеокартах серии ASUS RX 560, являются пыленепроницаемыми, соответствуя требованиям стандарта IP5X. Это означает их долговечность, что в свою очередь увеличивает срок службы всего устройства. Утилита GPU Tweak II с модулем XSplit Gamecaster Современные видеокарты ASUS совместимы с эксклюзивной утилитой GPU Tweak II, с помощью которой можно получить полный контроль над графической подсистемой компьютера. Например, новая функция Gaming Booster позволяет моментально выделить все доступные вычислительные ресурсы под 3D-приложение, чтобы обеспечить максимальную производительность.", 17471);
INSERT INTO webshop.characteristics (CharacteristicID, CharacteristicTypeID, Value, ProductID) VALUES (952, 1, "PCI-Express x16 3.0", 50);
INSERT INTO webshop.characteristics (CharacteristicID, CharacteristicTypeID, Value, ProductID) VALUES (953, 2, "Базовая: 1175 МГц Boost: 1275 МГц", 50);
INSERT INTO webshop.characteristics (CharacteristicID, CharacteristicTypeID, Value, ProductID) VALUES (954, 16, "5120x2880", 50);
INSERT INTO webshop.characteristics (CharacteristicID, CharacteristicTypeID, Value, ProductID) VALUES (955, 17, "Активная", 50);
INSERT INTO webshop.characteristics (CharacteristicID, CharacteristicTypeID, Value, ProductID) VALUES (956, 4, "DVI DisplayPort HDMI", 50);
INSERT INTO webshop.characteristics (CharacteristicID, CharacteristicTypeID, Value, ProductID) VALUES (957, 5, "Нет", 50);
INSERT INTO webshop.characteristics (CharacteristicID, CharacteristicTypeID, Value, ProductID) VALUES (958, 6, "7000 МГц", 50);
INSERT INTO webshop.characteristics (CharacteristicID, CharacteristicTypeID, Value, ProductID) VALUES (959, 7, "220 x 115 x 39 мм", 50);
INSERT INTO webshop.characteristics (CharacteristicID, CharacteristicTypeID, Value, ProductID) VALUES (960, 9, "RX 560", 50);
INSERT INTO webshop.characteristics (CharacteristicID, CharacteristicTypeID, Value, ProductID) VALUES (961, 19, "GDDR5", 50);
INSERT INTO webshop.characteristics (CharacteristicID, CharacteristicTypeID, Value, ProductID) VALUES (962, 20, "36 месяцев", 50);
INSERT INTO webshop.characteristics (CharacteristicID, CharacteristicTypeID, Value, ProductID) VALUES (963, 21, "1", 50);
INSERT INTO webshop.characteristics (CharacteristicID, CharacteristicTypeID, Value, ProductID) VALUES (964, 22, "Стандартная", 50);
INSERT INTO webshop.characteristics (CharacteristicID, CharacteristicTypeID, Value, ProductID) VALUES (965, 12, "128 бит", 50);
INSERT INTO webshop.characteristics (CharacteristicID, CharacteristicTypeID, Value, ProductID) VALUES (966, 23, "DirectX 12, OpenGL 4.5", 50);
INSERT INTO webshop.characteristics (CharacteristicID, CharacteristicTypeID, Value, ProductID) VALUES (967, 13, "Есть", 50);
INSERT INTO webshop.characteristics (CharacteristicID, CharacteristicTypeID, Value, ProductID) VALUES (968, 25, "2 ГБ", 50);
INSERT INTO webshop.characteristics (CharacteristicID, CharacteristicTypeID, Value, ProductID) VALUES (969, 26, "Dual Fan", 50);
INSERT INTO webshop.images (ImageID, Url, ProductID) VALUES (288, "https://i1.rozetka.ua/goods/2032533/copy_asus_rx560_o4g_592b7d42add86_images_2032533258.jpg", 50);
INSERT INTO webshop.images (ImageID, Url, ProductID) VALUES (289, "https://i2.rozetka.ua/goods/2035327/asus_rx560_o2g_images_2035327800.jpg", 50);
INSERT INTO webshop.images (ImageID, Url, ProductID) VALUES (290, "https://i1.rozetka.ua/goods/2035327/asus_rx560_o2g_images_2035327956.jpg", 50);
INSERT INTO webshop.images (ImageID, Url, ProductID) VALUES (291, "https://i1.rozetka.ua/goods/2154707/asus_rx560_o2g_images_2154707367.jpg", 50);
INSERT INTO webshop.images (ImageID, Url, ProductID) VALUES (292, "https://i1.rozetka.ua/goods/2035328/asus_rx560_o2g_images_2035328034.jpg", 50);
INSERT INTO webshop.comments (CommentID, Nickname, Rating, Message, Date, ProductID) VALUES (129, "Александр Заяц", 0, "Кто-то ставил данную видеокарту на Hackintosh? Как работает нормально?", "2018-1-5", 50);
INSERT INTO webshop.comments (CommentID, Nickname, Rating, Message, Date, ProductID) VALUES (130, "Віталій Перга", 0, "Будет ли работать с процессором Атлон 4 ядра на 2,8 Ггц?", "2018-1-3", 50);
INSERT INTO webshop.comments (CommentID, Nickname, Rating, Message, Date, ProductID) VALUES (131, "Андрей Даньков", 5, "Подойдёт ли данная видеокарта к этой материнской плате?", "2018-1-1", 50);
-- =====================================================================
INSERT INTO webshop.products (ProductID, ProductTypeID, Title, Description, Price) VALUES (51, 6, "Asus PCI-Ex Radeon RX560 O4G EVO 4GB GDDR5 (128bit) (1187/6000) (DVI, HDMI, DisplayPort) (RX560-O4G-EVO)", "Видеокарта Asus Radeon RX 560 оснащена двойной конструкцией вентилятора для 2-кратного воздушного потока и более тихой работы в 3 раза. Вентиляторы IP5X устойчивы к пыли для повышения надежности и более длительного срока службы. Эксклюзивная технология Auto-Extreme с компонентами Super Alloy Power II обеспечивает превосходную стабильность. GPU Tweak II с XSplit Gamecaster, обеспечивает интуитивно понятную настройку производительности и мгновенное потоковое воспроизведение. IP5X-сертифицированное сопротивление пыли Конструкция вентилятора Asus сертифицирована в соответствии с Международной защитой (IP-код) как пылезащита IP5X для повышения надежности и оптимальной производительности вентилятора даже в тяжелых условиях. Компоненты Super Alloy Power II Видеокарты Asus производятся с использованием технологии Auto-Extreme, первого в отрасли 100% автоматизированного производственного процесса, а также обладают превосходными компонентами Super Alloy Power II, которые повышают эффективность, уменьшают потери мощности, уменьшают жужжание компонентов под нагрузкой и более низкие тепловые температуры для непревзойденного качества и надежность. GPU Tweak II с Xsplit Gamecaster Обновленный с интуитивно понятным, совершенно новым пользовательским интерфейсом, GPU Tweak II делает разгон более простым и более визуальным, чем когда-либо, при этом сохраняя дополнительные возможности для опытных оверклокеров. С помощью одного щелчка новая функция Gaming Booster максимизирует производительность графики, удаляя избыточные процессы и автоматически распределяя все доступные ресурсы. XSplit Gamecaster позволяет вам легко транслировать или записывать ваш игровой процесс.", 11661);
INSERT INTO webshop.characteristics (CharacteristicID, CharacteristicTypeID, Value, ProductID) VALUES (970, 1, "PCI-Express x16 3.0", 51);
INSERT INTO webshop.characteristics (CharacteristicID, CharacteristicTypeID, Value, ProductID) VALUES (971, 2, "OC Mode - 1197 МГц (Boost Clock) Gaming Mode - 1187 МГц (Boost Clock) 1149 МГц (Base Clock)", 51);
INSERT INTO webshop.characteristics (CharacteristicID, CharacteristicTypeID, Value, ProductID) VALUES (972, 16, "5120x2880", 51);
INSERT INTO webshop.characteristics (CharacteristicID, CharacteristicTypeID, Value, ProductID) VALUES (973, 17, "Активная", 51);
INSERT INTO webshop.characteristics (CharacteristicID, CharacteristicTypeID, Value, ProductID) VALUES (974, 3, "Нет", 51);
INSERT INTO webshop.characteristics (CharacteristicID, CharacteristicTypeID, Value, ProductID) VALUES (975, 4, "DVI DisplayPort HDMI", 51);
INSERT INTO webshop.characteristics (CharacteristicID, CharacteristicTypeID, Value, ProductID) VALUES (976, 5, "Нет", 51);
INSERT INTO webshop.characteristics (CharacteristicID, CharacteristicTypeID, Value, ProductID) VALUES (977, 6, "6000 МГц", 51);
INSERT INTO webshop.characteristics (CharacteristicID, CharacteristicTypeID, Value, ProductID) VALUES (978, 7, "220 x 115 x 39 мм", 51);
INSERT INTO webshop.characteristics (CharacteristicID, CharacteristicTypeID, Value, ProductID) VALUES (979, 8, "400 Вт", 51);
INSERT INTO webshop.characteristics (CharacteristicID, CharacteristicTypeID, Value, ProductID) VALUES (980, 9, "RX 560", 51);
INSERT INTO webshop.characteristics (CharacteristicID, CharacteristicTypeID, Value, ProductID) VALUES (981, 19, "GDDR5", 51);
INSERT INTO webshop.characteristics (CharacteristicID, CharacteristicTypeID, Value, ProductID) VALUES (982, 20, "36 месяцев", 51);
INSERT INTO webshop.characteristics (CharacteristicID, CharacteristicTypeID, Value, ProductID) VALUES (983, 21, "1", 51);
INSERT INTO webshop.characteristics (CharacteristicID, CharacteristicTypeID, Value, ProductID) VALUES (984, 22, "Стандартная", 51);
INSERT INTO webshop.characteristics (CharacteristicID, CharacteristicTypeID, Value, ProductID) VALUES (985, 11, "1 x CD 1 x Краткое пособие", 51);
INSERT INTO webshop.characteristics (CharacteristicID, CharacteristicTypeID, Value, ProductID) VALUES (986, 12, "128 бит", 51);
INSERT INTO webshop.characteristics (CharacteristicID, CharacteristicTypeID, Value, ProductID) VALUES (987, 23, "DirectX 12, OpenGL 4.5", 51);
INSERT INTO webshop.characteristics (CharacteristicID, CharacteristicTypeID, Value, ProductID) VALUES (988, 13, "Есть", 51);
INSERT INTO webshop.characteristics (CharacteristicID, CharacteristicTypeID, Value, ProductID) VALUES (989, 14, "Китай", 51);
INSERT INTO webshop.characteristics (CharacteristicID, CharacteristicTypeID, Value, ProductID) VALUES (990, 25, "4 ГБ", 51);
INSERT INTO webshop.characteristics (CharacteristicID, CharacteristicTypeID, Value, ProductID) VALUES (991, 26, "Радиатор + Вентиляторы", 51);
INSERT INTO webshop.images (ImageID, Url, ProductID) VALUES (293, "https://i2.rozetka.ua/goods/2415847/asus_rx560_o4g_evo_images_2415847769.jpg", 51);
INSERT INTO webshop.images (ImageID, Url, ProductID) VALUES (294, "https://i1.rozetka.ua/goods/2415848/asus_rx560_o4g_evo_images_2415848513.jpg", 51);
INSERT INTO webshop.images (ImageID, Url, ProductID) VALUES (295, "https://i1.rozetka.ua/goods/2415848/asus_rx560_o4g_evo_images_2415848209.jpg", 51);
INSERT INTO webshop.images (ImageID, Url, ProductID) VALUES (296, "https://i2.rozetka.ua/goods/2415847/asus_rx560_o4g_evo_images_2415847921.jpg", 51);
INSERT INTO webshop.images (ImageID, Url, ProductID) VALUES (297, "https://i2.rozetka.ua/goods/2415848/asus_rx560_o4g_evo_images_2415848657.jpg", 51);
INSERT INTO webshop.images (ImageID, Url, ProductID) VALUES (298, "https://i2.rozetka.ua/goods/2415848/asus_rx560_o4g_evo_images_2415848065.jpg", 51);
INSERT INTO webshop.images (ImageID, Url, ProductID) VALUES (299, "https://i2.rozetka.ua/goods/2415848/asus_rx560_o4g_evo_images_2415848369.jpg", 51);
INSERT INTO webshop.comments (CommentID, Nickname, Rating, Message, Date, ProductID) VALUES (132, "Green Wizard", 0, "пойдет ета видеокарта с процесором AMD Ryzen 3 1200 3.1GHz/8MB (YD1200BBAEBOX) sAM4 BOX Докладніше: https://hard.rozetka.com.ua/ua/amd_ryzen_3_1200/p19781216/ Достоинства: + Недостатки: +", "2018-1-0", 51);
INSERT INTO webshop.comments (CommentID, Nickname, Rating, Message, Date, ProductID) VALUES (133, "Гость", 0, "Раскроет ли её процессор AMD A8-5500? И станет ли на материнскую плату MSI 2AE0?", "2018-1-0", 51);
INSERT INTO webshop.comments (CommentID, Nickname, Rating, Message, Date, ProductID) VALUES (134, "Сергей", 0, "Підскажіть будь ласка чи буде працювати ця карта з материнкою ASRock N68C-GS FX Докладніше: https://hard.rozetka.com.ua/ua/asrock_n68c_gs_fx/p214225/characteristics/", "2018-1-2", 51);
-- =====================================================================
INSERT INTO webshop.products (ProductID, ProductTypeID, Title, Description, Price) VALUES (52, 6, "Asus PCI-Ex GeForce GTX 1050 Ti ROG Strix 4GB GDDR5 (128bit) (1290/7008) (2 x DVI, HDMI, DisplayPort) (STRIX-GTX1050TI-4G-GAMING)", "На шаг впереди конкурентов Видеокарта ROG Strix GTX 1050 Ti – это геймерская модель, оснащенная множеством эксклюзивных технологий ASUS. Используемая на ней система охлаждения DirectCU II может похвастать высокой эффективностью за счет вентиляторов с оптимизированной геометрией крыльчатки, а безупречная надежность устройства обеспечивается полностью автоматизированным процессом производства (технология Auto-Extreme). Система подсветки Aura поможет сделать дизайн компьютера незабываемым с помощью оригинальных световых эффектов. В комплект поставки ROG Strix GTX 1050 Ti входят утилиты GPU Tweak II (для настройки и мониторинга параметров видеокарты) и XSplit Gamecaster (для записи и трансляции процесса игры в режиме реального времени). Современная микроархитектура Новая микроархитектура Pascal наделяет графический процессор данной видеокарты потрясающей производительностью, а поддержка самых современных технологий максимально расширяет его функциональность. Кулер DirectCU II с технологией «прямого контакта» На данную видеокарту установлена эксклюзивная система охлаждения DirectCU II с технологией «прямого контакта»: медные тепловые трубки кулера непосредственно контактируют с поверхностью графического процессора. Два оптимизированных вентилятора Два высококачественных вентилятора с оптимизированной геометрией крыльчатки, входящие в состав системы охлаждения DirectCU II, усиливают воздушный поток и увеличивают статическое давление по сравнению с обычными. Кроме того, благодаря продуманной конструкции радиатора данный кулер способен охлаждать видеокарту при невысоком уровне нагрузки в пассивном режиме, то есть при нулевом уровне шума. Технология ASUS FanConnect Система охлаждения геймерского компьютера может быть неэффективна из-за того, что алгоритм работы корпусных вентиляторов учитывает лишь температуру центрального процессора, в то время как во время длительных игровых сессий температура графического процессора зачастую бывает значительно выше. Чтобы устранить эту проблему, видеокарты серии ROG Strix GTX 1050 Ti оснащаются 4-контактным разъемом для системных вентиляторов с регулировкой на основе температуры графического процессора. Технология Auto-Extreme Высокому качеству готового устройства способствует полностью автоматизированный процесс производства (технология Auto-Extreme), который соответствует более строгим экологическим нормам за счет устранения вредных химических веществ и уменьшения энергопотребления на 50%. 4+1 фазная система питания с технологией Super Alloy Power II В современных видеокартах ASUS применяются отборные компоненты (технология Super Alloy Power II), которые обладают непревзойденной энергоэффективностью, пониженной рабочей температурой и улучшенными характеристиками. Стильная светодиодная подсветка Стильная светодиодная подсветка Aura, реализованная на видеокартах серии ROG Strix, предлагает насладиться миллионами цветовых комбинаций в сочетании с шестью завораживающими визуальными эффектами. Безупречное изображение Технология G-SYNC устраняет неприятный эффект разрыва кадра и уменьшает задержка отображения, что обеспечивает как более высокое качество картинки, так и улучшенную реакцию игры на действия пользователя. Утилита GPU Tweak II с модулем XSplit Gamecaster Современные видеокарты ASUS совместимы с эксклюзивной утилитой GPU Tweak II, с помощью которой можно получить полный контроль над графической подсистемой компьютера. Например, новая функция Gaming Booster позволяет моментально выделить все доступные вычислительные ресурсы под 3D-приложение, чтобы обеспечить максимальную производительность.", 15238);
INSERT INTO webshop.characteristics (CharacteristicID, CharacteristicTypeID, Value, ProductID) VALUES (992, 1, "PCI-Express x16 3.0", 52);
INSERT INTO webshop.characteristics (CharacteristicID, CharacteristicTypeID, Value, ProductID) VALUES (993, 2, "1290 МГц (Boost 1392 МГц)", 52);
INSERT INTO webshop.characteristics (CharacteristicID, CharacteristicTypeID, Value, ProductID) VALUES (994, 16, "7680x4320", 52);
INSERT INTO webshop.characteristics (CharacteristicID, CharacteristicTypeID, Value, ProductID) VALUES (995, 17, "Активная", 52);
INSERT INTO webshop.characteristics (CharacteristicID, CharacteristicTypeID, Value, ProductID) VALUES (996, 3, "6 pin", 52);
INSERT INTO webshop.characteristics (CharacteristicID, CharacteristicTypeID, Value, ProductID) VALUES (997, 4, "DVI DisplayPort HDMI", 52);
INSERT INTO webshop.characteristics (CharacteristicID, CharacteristicTypeID, Value, ProductID) VALUES (998, 5, "Нет", 52);
INSERT INTO webshop.characteristics (CharacteristicID, CharacteristicTypeID, Value, ProductID) VALUES (999, 6, "7008 МГц", 52);
INSERT INTO webshop.characteristics (CharacteristicID, CharacteristicTypeID, Value, ProductID) VALUES (1000, 7, "241 x 129 x 40 мм", 52);
INSERT INTO webshop.characteristics (CharacteristicID, CharacteristicTypeID, Value, ProductID) VALUES (1001, 8, "400 Вт", 52);
INSERT INTO webshop.characteristics (CharacteristicID, CharacteristicTypeID, Value, ProductID) VALUES (1002, 9, "GeForce GTX 1050 Ti", 52);
INSERT INTO webshop.characteristics (CharacteristicID, CharacteristicTypeID, Value, ProductID) VALUES (1003, 19, "GDDR5", 52);
INSERT INTO webshop.characteristics (CharacteristicID, CharacteristicTypeID, Value, ProductID) VALUES (1004, 20, "36 месяцев", 52);
INSERT INTO webshop.characteristics (CharacteristicID, CharacteristicTypeID, Value, ProductID) VALUES (1005, 21, "2", 52);
INSERT INTO webshop.characteristics (CharacteristicID, CharacteristicTypeID, Value, ProductID) VALUES (1006, 22, "Стандартная", 52);
INSERT INTO webshop.characteristics (CharacteristicID, CharacteristicTypeID, Value, ProductID) VALUES (1007, 12, "128 бит", 52);
INSERT INTO webshop.characteristics (CharacteristicID, CharacteristicTypeID, Value, ProductID) VALUES (1008, 13, "Нет", 52);
INSERT INTO webshop.characteristics (CharacteristicID, CharacteristicTypeID, Value, ProductID) VALUES (1009, 25, "4 ГБ", 52);
INSERT INTO webshop.characteristics (CharacteristicID, CharacteristicTypeID, Value, ProductID) VALUES (1010, 26, "Dual Fan", 52);
INSERT INTO webshop.images (ImageID, Url, ProductID) VALUES (300, "https://i1.rozetka.ua/goods/1797177/copy_asus_strix_gtx1050ti_o4g_gaming_5847c7ef95a26_images_1797177118.jpg", 52);
INSERT INTO webshop.images (ImageID, Url, ProductID) VALUES (301, "https://i1.rozetka.ua/goods/1797177/copy_asus_strix_gtx1050ti_o4g_gaming_5847c7ef95a26_images_1797177209.jpg", 52);
INSERT INTO webshop.images (ImageID, Url, ProductID) VALUES (302, "https://i2.rozetka.ua/goods/1797177/copy_asus_strix_gtx1050ti_o4g_gaming_5847c7ef95a26_images_1797177300.jpg", 52);
INSERT INTO webshop.images (ImageID, Url, ProductID) VALUES (303, "https://i2.rozetka.ua/goods/1797177/copy_asus_strix_gtx1050ti_o4g_gaming_5847c7ef95a26_images_1797177391.jpg", 52);
INSERT INTO webshop.images (ImageID, Url, ProductID) VALUES (304, "https://i1.rozetka.ua/goods/1797177/copy_asus_strix_gtx1050ti_o4g_gaming_5847c7ef95a26_images_1797177482.jpg", 52);
INSERT INTO webshop.comments (CommentID, Nickname, Rating, Message, Date, ProductID) VALUES (135, "Владимир Кондратюк", 0, "пока не раскрыл ее потенциал из за старой системы,надеюсь в скором времени уже опробовать на новой основе))) Достоинства: 4 гига,цена,качество,производительность Недостатки: не заметил", "2018-1-6", 52);
INSERT INTO webshop.comments (CommentID, Nickname, Rating, Message, Date, ProductID) VALUES (136, "Stefan Eksile", 0, "Подойдёт ли? Блок питания 700W. Мама MSI gaming. Проц. Intel i5", "2018-1-6", 52);
INSERT INTO webshop.comments (CommentID, Nickname, Rating, Message, Date, ProductID) VALUES (137, "Мирон", 0, "Посмотрите или все нормально может быть что то поправьте пожалуйста)", "2018-1-1", 52);
-- =====================================================================
INSERT INTO webshop.products (ProductID, ProductTypeID, Title, Description, Price) VALUES (53, 6, "Asus PCI-Ex GeForce GTX 1050 Ti ROG Strix OC 4GB GDDR5 (128bit) (1379/7008) (2 x DVI, HDMI, DisplayPort) (STRIX-GTX1050TI-O4G-GAMING)", "На шаг впереди конкурентов Видеокарта ROG Strix GTX 1050 Ti – это геймерская модель, оснащенная множеством эксклюзивных технологий ASUS. Используемая на ней система охлаждения DirectCU II может похвастать высокой эффективностью за счет вентиляторов с оптимизированной геометрией крыльчатки, а безупречная надежность устройства обеспечивается полностью автоматизированным процессом производства (технология Auto-Extreme). Система подсветки Aura поможет сделать дизайн компьютера незабываемым с помощью оригинальных световых эффектов. В комплект поставки ROG Strix GTX 1050 Ti входят утилиты GPU Tweak II (для настройки и мониторинга параметров видеокарты) и XSplit Gamecaster (для записи и трансляции процесса игры в режиме реального времени). Современная микроархитектура Новая микроархитектура Pascal наделяет графический процессор данной видеокарты потрясающей производительностью, а поддержка самых современных технологий максимально расширяет его функциональность. Кулер DirectCU II с технологией «прямого контакта» На данную видеокарту установлена эксклюзивная система охлаждения DirectCU II с технологией «прямого контакта»: медные тепловые трубки кулера непосредственно контактируют с поверхностью графического процессора. Два оптимизированных вентилятора Два высококачественных вентилятора с оптимизированной геометрией крыльчатки, входящие в состав системы охлаждения DirectCU II, усиливают воздушный поток и увеличивают статическое давление по сравнению с обычными. Кроме того, благодаря продуманной конструкции радиатора данный кулер способен охлаждать видеокарту при невысоком уровне нагрузки в пассивном режиме, то есть при нулевом уровне шума. Технология ASUS FanConnect Система охлаждения геймерского компьютера может быть неэффективна из-за того, что алгоритм работы корпусных вентиляторов учитывает лишь температуру центрального процессора, в то время как во время длительных игровых сессий температура графического процессора зачастую бывает значительно выше. Чтобы устранить эту проблему, видеокарты серии ROG Strix GTX 1050 Ti оснащаются 4-контактным разъемом для системных вентиляторов с регулировкой на основе температуры графического процессора. Технология Auto-Extreme Высокому качеству готового устройства способствует полностью автоматизированный процесс производства (технология Auto-Extreme), который соответствует более строгим экологическим нормам за счет устранения вредных химических веществ и уменьшения энергопотребления на 50%. 4+1 фазная система питания с технологией Super Alloy Power II В современных видеокартах ASUS применяются отборные компоненты (технология Super Alloy Power II), которые обладают непревзойденной энергоэффективностью, пониженной рабочей температурой и улучшенными характеристиками. Стильная светодиодная подсветка Стильная светодиодная подсветка Aura, реализованная на видеокартах серии ROG Strix, предлагает насладиться миллионами цветовых комбинаций в сочетании с шестью завораживающими визуальными эффектами. Безупречное изображение Технология G-SYNC устраняет неприятный эффект разрыва кадра и уменьшает задержка отображения, что обеспечивает как более высокое качество картинки, так и улучшенную реакцию игры на действия пользователя. Утилита GPU Tweak II с модулем XSplit Gamecaster Современные видеокарты ASUS совместимы с эксклюзивной утилитой GPU Tweak II, с помощью которой можно получить полный контроль над графической подсистемой компьютера. Например, новая функция Gaming Booster позволяет моментально выделить все доступные вычислительные ресурсы под 3D-приложение, чтобы обеспечить максимальную производительность.", 1715);
INSERT INTO webshop.characteristics (CharacteristicID, CharacteristicTypeID, Value, ProductID) VALUES (1011, 1, "PCI-Express x16 3.0", 53);
INSERT INTO webshop.characteristics (CharacteristicID, CharacteristicTypeID, Value, ProductID) VALUES (1012, 2, "Gaming: 1379 МГц (Boost 1493 МГц) OC: 1392 МГц (Boost: 1506 МГц)", 53);
INSERT INTO webshop.characteristics (CharacteristicID, CharacteristicTypeID, Value, ProductID) VALUES (1013, 16, "7680x4320", 53);
INSERT INTO webshop.characteristics (CharacteristicID, CharacteristicTypeID, Value, ProductID) VALUES (1014, 17, "Активная", 53);
INSERT INTO webshop.characteristics (CharacteristicID, CharacteristicTypeID, Value, ProductID) VALUES (1015, 3, "6 pin", 53);
INSERT INTO webshop.characteristics (CharacteristicID, CharacteristicTypeID, Value, ProductID) VALUES (1016, 4, "DVI DisplayPort HDMI", 53);
INSERT INTO webshop.characteristics (CharacteristicID, CharacteristicTypeID, Value, ProductID) VALUES (1017, 5, "Нет", 53);
INSERT INTO webshop.characteristics (CharacteristicID, CharacteristicTypeID, Value, ProductID) VALUES (1018, 6, "7008 МГц", 53);
INSERT INTO webshop.characteristics (CharacteristicID, CharacteristicTypeID, Value, ProductID) VALUES (1019, 7, "241 x 129 x 40 мм", 53);
INSERT INTO webshop.characteristics (CharacteristicID, CharacteristicTypeID, Value, ProductID) VALUES (1020, 9, "GeForce GTX 1050 Ti", 53);
INSERT INTO webshop.characteristics (CharacteristicID, CharacteristicTypeID, Value, ProductID) VALUES (1021, 19, "GDDR5", 53);
INSERT INTO webshop.characteristics (CharacteristicID, CharacteristicTypeID, Value, ProductID) VALUES (1022, 20, "36 месяцев", 53);
INSERT INTO webshop.characteristics (CharacteristicID, CharacteristicTypeID, Value, ProductID) VALUES (1023, 21, "2", 53);
INSERT INTO webshop.characteristics (CharacteristicID, CharacteristicTypeID, Value, ProductID) VALUES (1024, 22, "Стандартная", 53);
INSERT INTO webshop.characteristics (CharacteristicID, CharacteristicTypeID, Value, ProductID) VALUES (1025, 12, "128 бит", 53);
INSERT INTO webshop.characteristics (CharacteristicID, CharacteristicTypeID, Value, ProductID) VALUES (1026, 13, "Нет", 53);
INSERT INTO webshop.characteristics (CharacteristicID, CharacteristicTypeID, Value, ProductID) VALUES (1027, 25, "4 ГБ", 53);
INSERT INTO webshop.characteristics (CharacteristicID, CharacteristicTypeID, Value, ProductID) VALUES (1028, 26, "Dual Fan", 53);
INSERT INTO webshop.images (ImageID, Url, ProductID) VALUES (305, "https://i1.rozetka.ua/goods/1785563/asus_strix_gtx1050ti_o4g_gaming_images_1785563551.jpg", 53);
INSERT INTO webshop.images (ImageID, Url, ProductID) VALUES (306, "https://i1.rozetka.ua/goods/1785564/asus_strix_gtx1050ti_o4g_gaming_images_1785564475.jpg", 53);
INSERT INTO webshop.images (ImageID, Url, ProductID) VALUES (307, "https://i2.rozetka.ua/goods/1785564/asus_strix_gtx1050ti_o4g_gaming_images_1785564839.jpg", 53);
INSERT INTO webshop.images (ImageID, Url, ProductID) VALUES (308, "https://i2.rozetka.ua/goods/1785565/asus_strix_gtx1050ti_o4g_gaming_images_1785565364.jpg", 53);
INSERT INTO webshop.images (ImageID, Url, ProductID) VALUES (309, "https://i2.rozetka.ua/goods/1785565/asus_strix_gtx1050ti_o4g_gaming_images_1785565168.jpg", 53);
INSERT INTO webshop.images (ImageID, Url, ProductID) VALUES (310, "https://i2.rozetka.ua/goods/1786192/asus_strix_gtx1050ti_o4g_gaming_images_1786192431.jpg", 53);
INSERT INTO webshop.comments (CommentID, Nickname, Rating, Message, Date, ProductID) VALUES (138, "Дмитрий", 0, "ПОЧЕМУ БЕЗ ПЕРЕХОДНИКА ? платная опция ? тихий намек купить новый монитор ? Достоинства: Все хорошо. Недостатки: ПЕРЕХОДНИК !", "2018-1-4", 53);
INSERT INTO webshop.comments (CommentID, Nickname, Rating, Message, Date, ProductID) VALUES (139, "Покупатель", 5, "1.Производительная ( тянет все игры практически на ультра/высоких настройках) . 2.Тихая (даже под нагрузкой). 3. Холодная (в простое 20° С, в нагрузке более 45° С не поднималась). 4. Фирменное программное обеспечение ASUS GPU Tweak II, с помощью которого можно разогнать карточку. 5. Классная LED... Еще подсветка логотипа Asus ROG, цвет можно менять. 6. Лучшее соотношение цена, качество, производительность. Покупкой доволен на все 100 %. Рекомендую. Достоинства: Хорошая цена за новую карту при нынешних ценах. Холодная, Не шумная, Класная... Недостатки: Их просто нет.", "2018-1-4", 53);
INSERT INTO webshop.comments (CommentID, Nickname, Rating, Message, Date, ProductID) VALUES (140, "Артур", 5, "покупкою задоволений Достоинства: потужна", "2018-1-3", 53);
-- =====================================================================
INSERT INTO webshop.products (ProductID, ProductTypeID, Title, Description, Price) VALUES (54, 6, "Asus PCI-Ex GeForce GTX 1080 Ti ROG Strix OC 11GB GDDR5X (352bit) (1569/11010) (DVI, 2 x HDMI, 2 x DisplayPort) + Водоблок EKWB EK-FC1080 GTX Ti Strix - Nickel (STRIX-GTX1080TI-O11G+EKWB)", "Высокопроизводительная геймерская видеокарта Asus GeForce GTX 1080 Ti на 35% производительнее GTX 1080 Высокоэффективная система охлаждения DirectCU III Премиальные компоненты Super Alloy Power II и автоматизированная технология производства Auto-Extreme HDMI-порты, совместимые с системами виртуальной реальности Технология ASUS FanConnect Система подсветки ASUS Aura Sync Разгонная утилита GPU Tweak II с модулем онлайн-трансляций XSplit Gamecaster Водоблок EK-FC1080 GTX Ti Strix — Nickel от EKWB Фулкавер-водоблок EKWB для видеокарт серии GeForce GTX 1080 Ti Strix. Данная система охлаждения позволяет одновременно отводить тепло от графического чипа, памяти и силовых цепей, повышая стабильность работы ускорителя в результате ощутимого снижения рабочих температур. Интерфейсы 1 x разъем DVI-D 2 x разъем HDMI 2.0 2 x разъема DisplayPort Качество и надежность. Технология Auto-Extreme. Стабильной работе видеокарт способствует высококачественная элементная база и эксклюзивная технология Auto-Extreme, которая подразумевает первый в индустрии на 100% автоматизированный процесс производства. Компоненты Super Alloy Power II Компоненты Super Alloy Power II обеспечивают эффективное потребление энергии, значительно уменьшенный уровень вибраций и шума при максимальной нагрузке и снижение рабочей температуры. Разъемы HDMI с поддержкой VR-устройств. Окунись в другую реальность. Видеокарта Asus Turbo GeForce GTX 1080 Ti обладает двумя разъемами HDMI, что позволяет одновременно подключить к ней и дисплей, и систему виртуальной реальности. Утилита GPU Tweak II с модулем XSplit Gamecaster Современные видеокарты ASUS совместимы с эксклюзивной утилитой GPU Tweak II, с помощью которой можно получить полный контроль над графической подсистемой компьютера. Например, новая функция Gaming Booster позволяет моментально выделить все доступные вычислительные ресурсы под 3D-приложение, чтобы обеспечить максимальную производительность. XSplit Gamecaster – трансляция и запись процесса игры В комплект поставки видеокарты входит утилита XSplit Gamecaster, предназначенная для записи и трансляции процесса игры в режиме реального времени. NVIDIA Pascal Видеокарты серии GeForce GTX 10 созданы на основе архитектуры Pascal и обеспечивают увеличение производительности до 3-х раз по сравнению с видеокартами предыдущего поколения, а также они поддерживают новые игровые технологии и революционные возможности VR. VR Ready Откройте для себя виртуальную реальность нового поколения, минимальные задержки и совместимость (Plug-and-Play) с лучшими VR-гарнитурами – все это благодаря технологиям NVIDIA VRWorks. Звуковое сопровождение, физика и тактильные ощущения в VR позволят вам прочувствовать каждый момент игрового процесса. Для геймеров Видеокарты серии GeForce GTX 10 – это исключительная производительность и поддержка современных геймерских технологий. NVIDIA G-SYNC Эта революционная технология обеспечивает самый быстрый и плавный игровой процесс в истории. G-SYNC синхронизирует скорость регенерации изображения дисплея с видеокартой GeForce GTX. Это устраняет разрывы и минимизирует дрожание и задержки изображения. NVIDIA SLI Технология NVIDIA SLI – это революционная платформа, позволяющая гибко изменять графическую производительность путем объединения нескольких графических решений NVIDIA в одной системе на базе SLI-сертифицированной материнской платы.", 8369);
INSERT INTO webshop.characteristics (CharacteristicID, CharacteristicTypeID, Value, ProductID) VALUES (1029, 1, "PCI-Express x16 3.0", 54);
INSERT INTO webshop.characteristics (CharacteristicID, CharacteristicTypeID, Value, ProductID) VALUES (1030, 2, "Gaming Mode: 1569 МГц (Boost: 1683 МГц) OC Mode: 1594 МГц (Boost: 1708 МГц)", 54);
INSERT INTO webshop.characteristics (CharacteristicID, CharacteristicTypeID, Value, ProductID) VALUES (1031, 16, "7680x4320", 54);
INSERT INTO webshop.characteristics (CharacteristicID, CharacteristicTypeID, Value, ProductID) VALUES (1032, 17, "Активная", 54);
INSERT INTO webshop.characteristics (CharacteristicID, CharacteristicTypeID, Value, ProductID) VALUES (1033, 3, "8 + 8 pin", 54);
INSERT INTO webshop.characteristics (CharacteristicID, CharacteristicTypeID, Value, ProductID) VALUES (1034, 4, "DVI DisplayPort HDMI", 54);
INSERT INTO webshop.characteristics (CharacteristicID, CharacteristicTypeID, Value, ProductID) VALUES (1035, 5, "Есть eufvcydfsuwfxvryzabraxzwydryevqux", 54);
INSERT INTO webshop.characteristics (CharacteristicID, CharacteristicTypeID, Value, ProductID) VALUES (1036, 6, "Gaming Mode: 11010 МГц OC Mode: 11100 МГц", 54);
INSERT INTO webshop.characteristics (CharacteristicID, CharacteristicTypeID, Value, ProductID) VALUES (1037, 7, "266.7 x 111.2 x 38.1 (без водоблока) мм", 54);
INSERT INTO webshop.characteristics (CharacteristicID, CharacteristicTypeID, Value, ProductID) VALUES (1038, 8, "600 Вт", 54);
INSERT INTO webshop.characteristics (CharacteristicID, CharacteristicTypeID, Value, ProductID) VALUES (1039, 9, "GeForce GTX 1080 Ti", 54);
INSERT INTO webshop.characteristics (CharacteristicID, CharacteristicTypeID, Value, ProductID) VALUES (1040, 19, "GDDR5X", 54);
INSERT INTO webshop.characteristics (CharacteristicID, CharacteristicTypeID, Value, ProductID) VALUES (1041, 20, "36 месяцев", 54);
INSERT INTO webshop.characteristics (CharacteristicID, CharacteristicTypeID, Value, ProductID) VALUES (1042, 21, "1", 54);
INSERT INTO webshop.characteristics (CharacteristicID, CharacteristicTypeID, Value, ProductID) VALUES (1043, 22, "Стандартная", 54);
INSERT INTO webshop.characteristics (CharacteristicID, CharacteristicTypeID, Value, ProductID) VALUES (1044, 12, "352 бит", 54);
INSERT INTO webshop.characteristics (CharacteristicID, CharacteristicTypeID, Value, ProductID) VALUES (1045, 23, "DirectX 12, OpenGL 4.5", 54);
INSERT INTO webshop.characteristics (CharacteristicID, CharacteristicTypeID, Value, ProductID) VALUES (1046, 13, "Нет", 54);
INSERT INTO webshop.characteristics (CharacteristicID, CharacteristicTypeID, Value, ProductID) VALUES (1047, 25, "11 ГБ", 54);
INSERT INTO webshop.characteristics (CharacteristicID, CharacteristicTypeID, Value, ProductID) VALUES (1048, 26, "Водоблок EKWB EK-FC1080 GTX Ti Strix - Nickel", 54);
INSERT INTO webshop.characteristics (CharacteristicID, CharacteristicTypeID, Value, ProductID) VALUES (1049, 15, "Водяное охлаждение", 54);
INSERT INTO webshop.images (ImageID, Url, ProductID) VALUES (311, "https://i2.rozetka.ua/goods/2205243/asus_strix_gtx1080ti_o11g_ekwb_images_2205243351.jpg", 54);
INSERT INTO webshop.comments (CommentID, Nickname, Rating, Message, Date, ProductID) VALUES (141, "Кондратьев Анатолий", 0, "Присутствует ли бэкплейт в этой сборке? Какой терминал необходимо взять для соединения 4х таких карт? Есть ли 4 штуки в наличии?", "2018-1-4", 54);
INSERT INTO webshop.comments (CommentID, Nickname, Rating, Message, Date, ProductID) VALUES (142, "Sky_Fire", 0, "Майнкрафт нормально пойдет? Достоинства: Нет Недостатки: Нет", "2018-1-2", 54);
INSERT INTO webshop.comments (CommentID, Nickname, Rating, Message, Date, ProductID) VALUES (143, "Владимир", 0, "Поставки ожидаються?", "2017-11-3", 54);
-- =====================================================================
INSERT INTO webshop.products (ProductID, ProductTypeID, Title, Description, Price) VALUES (55, 6, "Asus PCI-Ex Radeon RX570 ROG Strix 4GB GDDR5 (256bit) (1244/7000) (2 x DVI, HDMI, DisplayPort) (ROG-STRIX-RX570-4G-GAMING)", "ASUS ROG Strix ROG Strix — это новая серия геймерских устройств в рамках бренда Republic of Gamers. Их отличительной особенностью являются высочайшая производительность, использование инновационных технологий, безупречный уровень надежности и стильный дизайн, подчеркивающий индивидуальность каждого геймера. Устройства серии ROG Strix – это скорость и функциональность, необходимая для победы в любой игре! На шаг впереди конкурентов Видеокарта ROG Strix RX 570 – это геймерская модель, оснащенная множеством эксклюзивных технологий ASUS. Используемая на ней система охлаждения DirectCU II может похвастать высокой эффективностью за счет вентиляторов с оптимизированной геометрией крыльчатки, а безупречная надежность устройства обеспечивается полностью автоматизированным процессом производства (технология Auto-Extreme). Система подсветки Aura RGB поможет сделать дизайн компьютера незабываемым с помощью оригинальных световых эффектов. В комплект поставки ROG Strix RX 570 входят утилиты GPU Tweak II (для настройки и мониторинга параметров видеокарты) и XSplit Gamecaster (для записи и трансляции процесса игры в режиме реального времени). Высокоэффективное охлаждение: Кулер DirectCU II с технологией «прямого контакта» На данную видеокарту установлена эксклюзивная система охлаждения DirectCU II с технологией «прямого контакта»: медные тепловые трубки кулера непосредственно контактируют с поверхностью графического процессора. Два вентилятора с поддержкой пассивного режима Два высококачественных вентилятора с оптимизированной геометрией крыльчатки, входящие в состав системы охлаждения DirectCU II, усиливают воздушный поток и увеличивают статическое давление по сравнению с обычными. Кроме того, благодаря продуманной конструкции радиатора данный кулер способен охлаждать видеокарту при невысоком уровне нагрузки в пассивном режиме, то есть при нулевом уровне шума. Качество и надежность. Технология Auto-Extreme. Высокому качеству готового устройства способствует полностью автоматизированный процесс производства (технология Auto-Extreme), который соответствует более строгим экологическим нормам за счет устранения вредных химических веществ и уменьшения энергопотребления на 50%. 5+1 фаз питания и технология Super Alloy Power II Стабильной работе видеокарты способствует высококачественная элементная база. Используемые на ней компоненты Super Alloy Power II обеспечивают эффективное потребление энергии и снижение температуры примерно на 50% по сравнению с предыдущими решениями. Система Aura RGB. Стильная светодиодная подсветка. Стильная светодиодная подсветка Aura RGB, реализованная на видеокартах серии ROG Strix, предлагает насладиться миллионами цветовых комбинаций в сочетании с шестью завораживающими визуальными эффектами. Идеальная комбинация монитора и видеокарты Технология AMD FreeSync синхронизирует частоту обновления экрана с частотой вывода кадров графическим процессором. Благодаря ей устраняется неприятный эффект разрыва кадра и уменьшается задержка отображения, что обеспечивает как более высокое качество картинки, так и улучшенную реакцию игры на действия пользователя. Утилита GPU Tweak II с модулем XSplit Gamecaster для гибкой настройки графической подсистемы Современные видеокарты Asus совместимы с эксклюзивной утилитой GPU Tweak II, с помощью которой можно получить полный контроль над графической подсистемой компьютера. Например, новая функция Gaming Booster позволяет моментально выделить все доступные вычислительные ресурсы под 3D-приложение, чтобы обеспечить максимальную производительность. Функция Gaming Booster: оптимизация одним щелчком мыши Визуальные эффекты: повышение производительности за счет отключения визуальных эффектов интерфейса Windows. Системные службы: автоматическое или ручное отключение служб и процессов Windows. Дефрагментация памяти: высвобождение системной памяти без закрытия запущенных процессов. Утилита XSplit Gamecaster В пакет программного обеспечения, прилагаемого к данной видеокарте, входит XSplit Gamecaster – удобная утилита для трансляции и записи процесса игры. Реализованная в виде накладываемого поверх самой игры интерфейса, она также отображает данные системного мониторинга (частоту графического процессора, температуру видеокарты, уровень загрузки видеопамяти) и содержит элементы управления утилиты GPU Tweak II (например, для переключения между профилями с настройками или моментального разгона видеокарты).", 14009);
INSERT INTO webshop.characteristics (CharacteristicID, CharacteristicTypeID, Value, ProductID) VALUES (1050, 1, "PCI-Express x16 3.0", 55);
INSERT INTO webshop.characteristics (CharacteristicID, CharacteristicTypeID, Value, ProductID) VALUES (1051, 2, "Gaming Mode: 1244 МГц OC Mode: 1254 МГц", 55);
INSERT INTO webshop.characteristics (CharacteristicID, CharacteristicTypeID, Value, ProductID) VALUES (1052, 16, "5120x2880", 55);
INSERT INTO webshop.characteristics (CharacteristicID, CharacteristicTypeID, Value, ProductID) VALUES (1053, 17, "Активная", 55);
INSERT INTO webshop.characteristics (CharacteristicID, CharacteristicTypeID, Value, ProductID) VALUES (1054, 3, "8 pin", 55);
INSERT INTO webshop.characteristics (CharacteristicID, CharacteristicTypeID, Value, ProductID) VALUES (1055, 4, "DVI DisplayPort HDMI", 55);
INSERT INTO webshop.characteristics (CharacteristicID, CharacteristicTypeID, Value, ProductID) VALUES (1056, 5, "Нет", 55);
INSERT INTO webshop.characteristics (CharacteristicID, CharacteristicTypeID, Value, ProductID) VALUES (1057, 6, "7000 МГц", 55);
INSERT INTO webshop.characteristics (CharacteristicID, CharacteristicTypeID, Value, ProductID) VALUES (1058, 7, "240 x 129 x 39 мм", 55);
INSERT INTO webshop.characteristics (CharacteristicID, CharacteristicTypeID, Value, ProductID) VALUES (1059, 9, "RX 570", 55);
INSERT INTO webshop.characteristics (CharacteristicID, CharacteristicTypeID, Value, ProductID) VALUES (1060, 19, "GDDR5", 55);
INSERT INTO webshop.characteristics (CharacteristicID, CharacteristicTypeID, Value, ProductID) VALUES (1061, 20, "36 месяцев", 55);
INSERT INTO webshop.characteristics (CharacteristicID, CharacteristicTypeID, Value, ProductID) VALUES (1062, 21, "2", 55);
INSERT INTO webshop.characteristics (CharacteristicID, CharacteristicTypeID, Value, ProductID) VALUES (1063, 22, "Стандартная", 55);
INSERT INTO webshop.characteristics (CharacteristicID, CharacteristicTypeID, Value, ProductID) VALUES (1064, 12, "256 бит", 55);
INSERT INTO webshop.characteristics (CharacteristicID, CharacteristicTypeID, Value, ProductID) VALUES (1065, 23, "DirectX 12, OpenGL 4.5", 55);
INSERT INTO webshop.characteristics (CharacteristicID, CharacteristicTypeID, Value, ProductID) VALUES (1066, 13, "Есть", 55);
INSERT INTO webshop.characteristics (CharacteristicID, CharacteristicTypeID, Value, ProductID) VALUES (1067, 25, "4 ГБ", 55);
INSERT INTO webshop.characteristics (CharacteristicID, CharacteristicTypeID, Value, ProductID) VALUES (1068, 26, "DirectCU II", 55);
INSERT INTO webshop.images (ImageID, Url, ProductID) VALUES (312, "https://i2.rozetka.ua/goods/1966510/asus_strix_rx570_4g_gaming_images_1966510796.jpg", 55);
INSERT INTO webshop.images (ImageID, Url, ProductID) VALUES (313, "https://i2.rozetka.ua/goods/1966511/asus_strix_rx570_4g_gaming_images_1966511084.jpg", 55);
INSERT INTO webshop.images (ImageID, Url, ProductID) VALUES (314, "https://i2.rozetka.ua/goods/1966511/asus_strix_rx570_4g_gaming_images_1966511318.jpg", 55);
INSERT INTO webshop.images (ImageID, Url, ProductID) VALUES (315, "https://i1.rozetka.ua/goods/1966511/asus_strix_rx570_4g_gaming_images_1966511630.jpg", 55);
INSERT INTO webshop.images (ImageID, Url, ProductID) VALUES (316, "https://i1.rozetka.ua/goods/1966512/asus_strix_rx570_4g_gaming_images_1966512332.jpg", 55);
INSERT INTO webshop.images (ImageID, Url, ProductID) VALUES (317, "https://i1.rozetka.ua/goods/1989392/asus_strix_rx570_4g_gaming_images_1989392426.jpg", 55);
INSERT INTO webshop.comments (CommentID, Nickname, Rating, Message, Date, ProductID) VALUES (144, "Виктор Зубченко", 0, "Как у нее с системой охлаждения ??", "2017-11-5", 55);
INSERT INTO webshop.comments (CommentID, Nickname, Rating, Message, Date, ProductID) VALUES (145, "Danil", 0, "Здравствуйте. Сильно ли она уступает 1060?", "2017-10-6", 55);
INSERT INTO webshop.comments (CommentID, Nickname, Rating, Message, Date, ProductID) VALUES (146, "Legenda", 0, "Здравствуйте. Подойдёт ли данная сборка Intel Core i3-7100 3.9GHz/8GT/s/3MB,мать-Asus Prime B250-Plus, блок питания be quiet! Pure Power 10 500W, SSD-Kingston SSDNow UV400 120GB 2.5” SATAIII TLC, Жесткий диск Western Digital Blue 1TB 7200rpm. Буду очень благодарен отзыву)", "2017-10-6", 55);
-- =====================================================================
INSERT INTO webshop.products (ProductID, ProductTypeID, Title, Description, Price) VALUES (56, 6, "Asus PCI-Ex Radeon RX570 ROG Strix OC 4GB GDDR5 (256bit) (1300/7000) (2 x DVI, HDMI, DisplayPort) (ROG-STRIX-RX570-O4G-GAMING)", "ASUS ROG Strix ROG Strix — это новая серия геймерских устройств в рамках бренда Republic of Gamers. Их отличительной особенностью являются высочайшая производительность, использование инновационных технологий, безупречный уровень надежности и стильный дизайн, подчеркивающий индивидуальность каждого геймера. Устройства серии ROG Strix – это скорость и функциональность, необходимая для победы в любой игре! На шаг впереди конкурентов Видеокарта ROG Strix RX 570 – это геймерская модель, оснащенная множеством эксклюзивных технологий ASUS. Используемая на ней система охлаждения DirectCU II может похвастать высокой эффективностью за счет вентиляторов с оптимизированной геометрией крыльчатки, а безупречная надежность устройства обеспечивается полностью автоматизированным процессом производства (технология Auto-Extreme). Система подсветки Aura RGB поможет сделать дизайн компьютера незабываемым с помощью оригинальных световых эффектов. В комплект поставки ROG Strix RX 570 входят утилиты GPU Tweak II (для настройки и мониторинга параметров видеокарты) и XSplit Gamecaster (для записи и трансляции процесса игры в режиме реального времени). Высокоэффективное охлаждение: Кулер DirectCU II с технологией «прямого контакта» На данную видеокарту установлена эксклюзивная система охлаждения DirectCU II с технологией «прямого контакта»: медные тепловые трубки кулера непосредственно контактируют с поверхностью графического процессора. Два вентилятора с поддержкой пассивного режима Два высококачественных вентилятора с оптимизированной геометрией крыльчатки, входящие в состав системы охлаждения DirectCU II, усиливают воздушный поток и увеличивают статическое давление по сравнению с обычными. Кроме того, благодаря продуманной конструкции радиатора данный кулер способен охлаждать видеокарту при невысоком уровне нагрузки в пассивном режиме, то есть при нулевом уровне шума. Качество и надежность. Технология Auto-Extreme. Высокому качеству готового устройства способствует полностью автоматизированный процесс производства (технология Auto-Extreme), который соответствует более строгим экологическим нормам за счет устранения вредных химических веществ и уменьшения энергопотребления на 50%. 5+1 фаз питания и технология Super Alloy Power II Стабильной работе видеокарты способствует высококачественная элементная база. Используемые на ней компоненты Super Alloy Power II обеспечивают эффективное потребление энергии и снижение температуры примерно на 50% по сравнению с предыдущими решениями. Система Aura RGB. Стильная светодиодная подсветка. Стильная светодиодная подсветка Aura RGB, реализованная на видеокартах серии ROG Strix, предлагает насладиться миллионами цветовых комбинаций в сочетании с шестью завораживающими визуальными эффектами. Идеальная комбинация монитора и видеокарты Технология AMD FreeSync синхронизирует частоту обновления экрана с частотой вывода кадров графическим процессором. Благодаря ей устраняется неприятный эффект разрыва кадра и уменьшается задержка отображения, что обеспечивает как более высокое качество картинки, так и улучшенную реакцию игры на действия пользователя. Утилита GPU Tweak II с модулем XSplit Gamecaster для гибкой настройки графической подсистемы Современные видеокарты Asus совместимы с эксклюзивной утилитой GPU Tweak II, с помощью которой можно получить полный контроль над графической подсистемой компьютера. Например, новая функция Gaming Booster позволяет моментально выделить все доступные вычислительные ресурсы под 3D-приложение, чтобы обеспечить максимальную производительность. Функция Gaming Booster: оптимизация одним щелчком мыши Визуальные эффекты: повышение производительности за счет отключения визуальных эффектов интерфейса Windows. Системные службы: автоматическое или ручное отключение служб и процессов Windows. Дефрагментация памяти: высвобождение системной памяти без закрытия запущенных процессов. Утилита XSplit Gamecaster В пакет программного обеспечения, прилагаемого к данной видеокарте, входит XSplit Gamecaster – удобная утилита для трансляции и записи процесса игры. Реализованная в виде накладываемого поверх самой игры интерфейса, она также отображает данные системного мониторинга (частоту графического процессора, температуру видеокарты, уровень загрузки видеопамяти) и содержит элементы управления утилиты GPU Tweak II (например, для переключения между профилями с настройками или моментального разгона видеокарты).", 11926);
INSERT INTO webshop.characteristics (CharacteristicID, CharacteristicTypeID, Value, ProductID) VALUES (1069, 1, "PCI-Express x16 3.0", 56);
INSERT INTO webshop.characteristics (CharacteristicID, CharacteristicTypeID, Value, ProductID) VALUES (1070, 2, "Gaming Mode: 1300 МГц OC Mode: 1310 МГц", 56);
INSERT INTO webshop.characteristics (CharacteristicID, CharacteristicTypeID, Value, ProductID) VALUES (1071, 16, "5120x2880", 56);
INSERT INTO webshop.characteristics (CharacteristicID, CharacteristicTypeID, Value, ProductID) VALUES (1072, 17, "Активная", 56);
INSERT INTO webshop.characteristics (CharacteristicID, CharacteristicTypeID, Value, ProductID) VALUES (1073, 3, "8 pin", 56);
INSERT INTO webshop.characteristics (CharacteristicID, CharacteristicTypeID, Value, ProductID) VALUES (1074, 4, "DVI DisplayPort HDMI", 56);
INSERT INTO webshop.characteristics (CharacteristicID, CharacteristicTypeID, Value, ProductID) VALUES (1075, 5, "Нет", 56);
INSERT INTO webshop.characteristics (CharacteristicID, CharacteristicTypeID, Value, ProductID) VALUES (1076, 6, "7000 МГц", 56);
INSERT INTO webshop.characteristics (CharacteristicID, CharacteristicTypeID, Value, ProductID) VALUES (1077, 7, "240 x 129 x 39 мм", 56);
INSERT INTO webshop.characteristics (CharacteristicID, CharacteristicTypeID, Value, ProductID) VALUES (1078, 9, "RX 570", 56);
INSERT INTO webshop.characteristics (CharacteristicID, CharacteristicTypeID, Value, ProductID) VALUES (1079, 19, "GDDR5", 56);
INSERT INTO webshop.characteristics (CharacteristicID, CharacteristicTypeID, Value, ProductID) VALUES (1080, 20, "36 месяцев", 56);
INSERT INTO webshop.characteristics (CharacteristicID, CharacteristicTypeID, Value, ProductID) VALUES (1081, 21, "2", 56);
INSERT INTO webshop.characteristics (CharacteristicID, CharacteristicTypeID, Value, ProductID) VALUES (1082, 22, "Стандартная", 56);
INSERT INTO webshop.characteristics (CharacteristicID, CharacteristicTypeID, Value, ProductID) VALUES (1083, 12, "256 бит", 56);
INSERT INTO webshop.characteristics (CharacteristicID, CharacteristicTypeID, Value, ProductID) VALUES (1084, 23, "DirectX 12, OpenGL 4.5", 56);
INSERT INTO webshop.characteristics (CharacteristicID, CharacteristicTypeID, Value, ProductID) VALUES (1085, 13, "Есть", 56);
INSERT INTO webshop.characteristics (CharacteristicID, CharacteristicTypeID, Value, ProductID) VALUES (1086, 25, "4 ГБ", 56);
INSERT INTO webshop.characteristics (CharacteristicID, CharacteristicTypeID, Value, ProductID) VALUES (1087, 26, "DirectCU II", 56);
INSERT INTO webshop.images (ImageID, Url, ProductID) VALUES (318, "https://i1.rozetka.ua/goods/1966514/asus_strix_rx570_o4g_gaming_images_1966514588.jpg", 56);
INSERT INTO webshop.images (ImageID, Url, ProductID) VALUES (319, "https://i1.rozetka.ua/goods/1966514/asus_strix_rx570_o4g_gaming_images_1966514828.jpg", 56);
INSERT INTO webshop.images (ImageID, Url, ProductID) VALUES (320, "https://i2.rozetka.ua/goods/1966515/asus_strix_rx570_o4g_gaming_images_1966515218.jpg", 56);
INSERT INTO webshop.images (ImageID, Url, ProductID) VALUES (321, "https://i2.rozetka.ua/goods/1966515/asus_strix_rx570_o4g_gaming_images_1966515530.jpg", 56);
INSERT INTO webshop.images (ImageID, Url, ProductID) VALUES (322, "https://i2.rozetka.ua/goods/1966515/asus_strix_rx570_o4g_gaming_images_1966515620.jpg", 56);
INSERT INTO webshop.images (ImageID, Url, ProductID) VALUES (323, "https://i2.rozetka.ua/goods/1989461/asus_strix_rx570_o4g_gaming_images_1989461426.jpg", 56);
INSERT INTO webshop.comments (CommentID, Nickname, Rating, Message, Date, ProductID) VALUES (147, "Володимир", 5, "30,5 Mh/s в соло стабільно тримають!", "2018-0-0", 56);
INSERT INTO webshop.comments (CommentID, Nickname, Rating, Message, Date, ProductID) VALUES (148, "Александр Веретельник", 0, "Nvidia + AMD Radeon можно вместе для майнинга?", "2018-0-2", 56);
INSERT INTO webshop.comments (CommentID, Nickname, Rating, Message, Date, ProductID) VALUES (149, "Стрелец Дмитрий", 5, "28,9 Mh/s - в соло при разгоне до 2000 по памяти держит на ура. 70 градусов стабильная температура. Обороты на максимум. Без проблем прошилась таймингами от 1500. .", "2018-0-3", 56);
-- =====================================================================
INSERT INTO webshop.products (ProductID, ProductTypeID, Title, Description, Price) VALUES (57, 6, "Asus PCI-Ex GeForce Turbo GTX 1070 8GB GDDR5 (256bit) (1506/8000) (DVI, 2 x HDMI, 2 x DisplayPort) (TURBO-GTX1070-8G)", "Asus GeForce Turbo GTX 1070 – производительность и стиль! Подчеркните свой стиль Компания Asus представляет Turbo GeForce GTX 1070 — новейшую видеокарту с высокой производительностью, повышенной надежностью и долговечностью. Видеокарту украшает логотип с регулируемой подсветкой, который добавит оригинальности дизайну персонального компьютера. А совместимые с VR-устройствами порты HDMI подарят геймерам возможность окунуться в захватывающий мир виртуальной реальности. В комплект поставки Asus Turbo GeForce GTX 1070 входят утилиты GPU Tweak II для настройки и мониторинга параметров видеокарты и XSplit Gamecaster для записи и трансляции процесса игры в режиме реального времени. Вентилятор с шарикоподшипниками Вентилятор с двойным шарикоподшипником, использующийся в кулере видеокарты Asus Turbo GeForce GTX 1070, обладает в несколько раз большим сроком службы, чем традиционные вентиляторы с подшипниками скольжения. Технология Auto-Extreme и компоненты Super Alloy Power II Стабильной работе видеокарт способствует высококачественная элементная база и эксклюзивная технология Auto-Extreme, которая подразумевает первый в индустрии на 100% автоматизированный процесс производства. Компоненты Super Alloy Power II обеспечивают эффективное потребление энергии, значительно уменьшенный уровень вибраций и шума при максимальной нагрузке и снижение рабочей температуры. Разъемы HDMI с поддержкой VR-устройств Видеокарта Asus Turbo GeForce GTX 1070 обладает двумя разъемами HDMI, что позволяет одновременно подключить к ней и дисплей, и систему виртуальной реальности. Логотип с регулируемой подсветкой Asus Turbo GeForce GTX 1070 обладает логотипом Asus с регулируемой светодиодной подсветкой, работу которой можно настроить на свой вкус. Утилита GPU Tweak II с модулем Xsplit Gamecaster GPU Tweak II: В комплект поставки современных видеокарт Asus входит новая версия эксклюзивной утилиты GPU Tweak, с помощью которой можно получить полный контроль над графической подсистемой компьютера: изменять частоты и напряжения, настраивать работу вентиляторов, обновлять BIOS и драйверы, следить за состоянием видеокарты и т.д. Утилита предлагает два режима: упрощенный для начинающих пользователей и продвинутый для опытных оверклокеров. XSplitGamecaster: трансляция игрового процесса через интернет С помощью XSplit Gamecaster можно не только транслировать игровое видео в интернет, но и записывать процесс игры. Игроки имеют возможность рисовать поверх видео и комментировать игру.", 4388);
INSERT INTO webshop.characteristics (CharacteristicID, CharacteristicTypeID, Value, ProductID) VALUES (1088, 1, "PCI-Express x16 3.0", 57);
INSERT INTO webshop.characteristics (CharacteristicID, CharacteristicTypeID, Value, ProductID) VALUES (1089, 2, "Базовая: 1506 МГц В режиме разгона: 1683 МГц", 57);
INSERT INTO webshop.characteristics (CharacteristicID, CharacteristicTypeID, Value, ProductID) VALUES (1090, 16, "7680x4320", 57);
INSERT INTO webshop.characteristics (CharacteristicID, CharacteristicTypeID, Value, ProductID) VALUES (1091, 17, "Активная", 57);
INSERT INTO webshop.characteristics (CharacteristicID, CharacteristicTypeID, Value, ProductID) VALUES (1092, 4, "DVI DisplayPort HDMI", 57);
INSERT INTO webshop.characteristics (CharacteristicID, CharacteristicTypeID, Value, ProductID) VALUES (1093, 5, "Есть", 57);
INSERT INTO webshop.characteristics (CharacteristicID, CharacteristicTypeID, Value, ProductID) VALUES (1094, 6, "8 ГГц", 57);
INSERT INTO webshop.characteristics (CharacteristicID, CharacteristicTypeID, Value, ProductID) VALUES (1095, 7, "266.7 x 111.2 x 38.1 мм", 57);
INSERT INTO webshop.characteristics (CharacteristicID, CharacteristicTypeID, Value, ProductID) VALUES (1096, 9, "GeForce GTX 1070", 57);
INSERT INTO webshop.characteristics (CharacteristicID, CharacteristicTypeID, Value, ProductID) VALUES (1097, 19, "GDDR5", 57);
INSERT INTO webshop.characteristics (CharacteristicID, CharacteristicTypeID, Value, ProductID) VALUES (1098, 20, "36 месяцев", 57);
INSERT INTO webshop.characteristics (CharacteristicID, CharacteristicTypeID, Value, ProductID) VALUES (1099, 21, "1", 57);
INSERT INTO webshop.characteristics (CharacteristicID, CharacteristicTypeID, Value, ProductID) VALUES (1100, 22, "Стандартная", 57);
INSERT INTO webshop.characteristics (CharacteristicID, CharacteristicTypeID, Value, ProductID) VALUES (1101, 12, "256 бит", 57);
INSERT INTO webshop.characteristics (CharacteristicID, CharacteristicTypeID, Value, ProductID) VALUES (1102, 23, "DirectX 12, OpenGL 4.5", 57);
INSERT INTO webshop.characteristics (CharacteristicID, CharacteristicTypeID, Value, ProductID) VALUES (1103, 13, "Нет", 57);
INSERT INTO webshop.characteristics (CharacteristicID, CharacteristicTypeID, Value, ProductID) VALUES (1104, 25, "8 ГБ", 57);
INSERT INTO webshop.characteristics (CharacteristicID, CharacteristicTypeID, Value, ProductID) VALUES (1105, 26, "Вентилятор с двойным шарикоподшипником", 57);
INSERT INTO webshop.images (ImageID, Url, ProductID) VALUES (324, "https://i1.rozetka.ua/goods/1677812/asus_turbo-gtx1070-8g_images_1677812266.jpg", 57);
INSERT INTO webshop.images (ImageID, Url, ProductID) VALUES (325, "https://i2.rozetka.ua/goods/1677812/asus_turbo-gtx1070-8g_images_1677812973.jpg", 57);
INSERT INTO webshop.images (ImageID, Url, ProductID) VALUES (326, "https://i1.rozetka.ua/goods/1677813/asus_turbo-gtx1070-8g_images_1677813554.jpg", 57);
INSERT INTO webshop.images (ImageID, Url, ProductID) VALUES (327, "https://i2.rozetka.ua/goods/1677814/asus_turbo-gtx1070-8g_images_1677814366.jpg", 57);
INSERT INTO webshop.images (ImageID, Url, ProductID) VALUES (328, "https://i2.rozetka.ua/goods/1677815/asus_turbo-gtx1070-8g_images_1677815192.jpg", 57);
INSERT INTO webshop.images (ImageID, Url, ProductID) VALUES (329, "https://i1.rozetka.ua/goods/1677815/asus_turbo-gtx1070-8g_images_1677815843.jpg", 57);
INSERT INTO webshop.images (ImageID, Url, ProductID) VALUES (330, "https://i2.rozetka.ua/goods/1677816/asus_turbo-gtx1070-8g_images_1677816263.jpg", 57);
INSERT INTO webshop.comments (CommentID, Nickname, Rating, Message, Date, ProductID) VALUES (150, "Никита", 0, "Скажіть будь, ласка коли з'явиться в продажі", "2018-0-3", 57);
INSERT INTO webshop.comments (CommentID, Nickname, Rating, Message, Date, ProductID) VALUES (151, "Богдан Федоренко", 0, "Подойдёт ли i5 8600k", "2018-0-2", 57);
INSERT INTO webshop.comments (CommentID, Nickname, Rating, Message, Date, ProductID) VALUES (152, "Богдан Яскевич", 0, "Чем 1070 хуже 1070Ti?", "2018-0-0", 57);
-- =====================================================================
INSERT INTO webshop.products (ProductID, ProductTypeID, Title, Description, Price) VALUES (58, 6, "Asus PCI-Ex GeForce GTX 1060 Turbo 6GB GDDR5 (192bit) (1506/8008) (DVI, 2 x HDMI, 2 x DisplayPort) (TURBO-GTX1060-6G)", "Подчеркните свой стиль Компания Asus представляет Turbo GeForce GTX 1060 — новейшую видеокарту с высокой производительностью, повышенной надежностью и долговечностью. Видеокарту украшает логотип с регулируемой подсветкой, который добавит оригинальности дизайну персонального компьютера. А совместимые с VR-устройствами порты HDMI подарят геймерам возможность окунуться в захватывающий мир виртуальной реальности. В комплект поставки Asus Turbo GeForce GTX 1060 входят утилиты GPU Tweak II для настройки и мониторинга параметров видеокарты и XSplit Gamecaster для записи и трансляции процесса игры в режиме реального времени. Идеальная геймерская платформа Графический процессор GeForce GTX 1060 является одним из самых мощных в геймерском классе среднего уровня на сегодняшний момент. Новая микроархитектура Pascal наделяет его потрясающей скоростью, а поддержка самых современных технологий максимально расширяет его функциональность. Производительность GeForce GTX 1060 – это настоящий квантовый скачок в производительности и энергоэффективности современных видеокарт. Созданная на базе современнейших компонентов и технологий, таких как транзисторы FinFET и видеопамять GDDR5, она полностью поддерживает интерфейс программирования DirectX 12, используемый в новом поколении видеоигр. Микроархитектура Pascal Графический процессор GeForce GTX 1060, построенный на базе новейшей архитектуры Pascal, удовлетворяет требованиям дисплеев нового поколения и идеально подходит для VR-гарнитур, мониторов ультравысокого разрешения и мультимониторных конфигураций. Поддерживаемая им технология NVIDIA GameWorks обеспечивает плавный игровой процесс с картинкой кинематографического качества, а также позволяет снимать панорамные 360-градусные скриншоты. Для систем виртуальной реальности Откройте для себя виртуальную реальность нового поколения: технология NVIDIA VRWorks гарантирует высокий уровень производительности и совместимость с лучшими VR-гарнитурами. Вентилятор с двойным шарикоподшипником Вентилятор с двойным шарикоподшипником, использующийся в кулере видеокарты Asus Turbo GeForce GTX 1060, обладает в несколько раз большим сроком службы, чем традиционные вентиляторы с подшипниками скольжения. Качество и надежность. Технология Auto-Extreme. Стабильной работе видеокарт способствует высококачественная элементная база и эксклюзивная технология Auto-Extreme, которая подразумевает первый в индустрии на 100% автоматизированный процесс производства. Компоненты Super Alloy Power II Компоненты Super Alloy Power II обеспечивают эффективное потребление энергии, значительно уменьшенный уровень вибраций и шума при максимальной нагрузке и снижение рабочей температуры. Разъемы HDMI с поддержкой VR-устройств. Окунись в другую реальность. Видеокарта Asus Turbo GeForce GTX 1060 обладает двумя разъемами HDMI, что позволяет одновременно подключить к ней и дисплей, и систему виртуальной реальности. Утилита GPU Tweak II: интуитивный разгон В комплект поставки современных видеокарт Asus входит новая версия эксклюзивной утилиты GPU Tweak, с помощью которой можно получить полный контроль над графической подсистемой компьютера: изменять частоты и напряжения, настраивать работу вентиляторов, обновлять BIOS и драйверы, следить за состоянием видеокарты и т.д. Утилита предлагает два режима: упрощенный для начинающих пользователей и продвинутый для опытных оверклокеров. Утилита XSplitGamecaster: трансляция игрового процесса через интернет С помощью XSplit Gamecaster можно не только транслировать игровое видео в интернет, но и записывать процесс игры. Игроки имеют возможность рисовать поверх видео и комментировать игру.", 18357);
INSERT INTO webshop.characteristics (CharacteristicID, CharacteristicTypeID, Value, ProductID) VALUES (1106, 1, "PCI-Express x16 3.0", 58);
INSERT INTO webshop.characteristics (CharacteristicID, CharacteristicTypeID, Value, ProductID) VALUES (1107, 2, "Базовая частота: 1506 МГц В режиме разгона: 1708 МГц", 58);
INSERT INTO webshop.characteristics (CharacteristicID, CharacteristicTypeID, Value, ProductID) VALUES (1108, 16, "7680x4320", 58);
INSERT INTO webshop.characteristics (CharacteristicID, CharacteristicTypeID, Value, ProductID) VALUES (1109, 17, "Активная", 58);
INSERT INTO webshop.characteristics (CharacteristicID, CharacteristicTypeID, Value, ProductID) VALUES (1110, 3, "6 pin", 58);
INSERT INTO webshop.characteristics (CharacteristicID, CharacteristicTypeID, Value, ProductID) VALUES (1111, 4, "DVI DisplayPort HDMI", 58);
INSERT INTO webshop.characteristics (CharacteristicID, CharacteristicTypeID, Value, ProductID) VALUES (1112, 5, "Нет", 58);
INSERT INTO webshop.characteristics (CharacteristicID, CharacteristicTypeID, Value, ProductID) VALUES (1113, 6, "8008 МГц", 58);
INSERT INTO webshop.characteristics (CharacteristicID, CharacteristicTypeID, Value, ProductID) VALUES (1114, 7, "266.7 x 111.2 x 38.1 мм", 58);
INSERT INTO webshop.characteristics (CharacteristicID, CharacteristicTypeID, Value, ProductID) VALUES (1115, 9, "GeForce GTX 1060", 58);
INSERT INTO webshop.characteristics (CharacteristicID, CharacteristicTypeID, Value, ProductID) VALUES (1116, 19, "GDDR5", 58);
INSERT INTO webshop.characteristics (CharacteristicID, CharacteristicTypeID, Value, ProductID) VALUES (1117, 20, "36 месяцев", 58);
INSERT INTO webshop.characteristics (CharacteristicID, CharacteristicTypeID, Value, ProductID) VALUES (1118, 21, "1", 58);
INSERT INTO webshop.characteristics (CharacteristicID, CharacteristicTypeID, Value, ProductID) VALUES (1119, 22, "Стандартная", 58);
INSERT INTO webshop.characteristics (CharacteristicID, CharacteristicTypeID, Value, ProductID) VALUES (1120, 12, "192 бит", 58);
INSERT INTO webshop.characteristics (CharacteristicID, CharacteristicTypeID, Value, ProductID) VALUES (1121, 23, "DirectX 12, OpenGL 4.5", 58);
INSERT INTO webshop.characteristics (CharacteristicID, CharacteristicTypeID, Value, ProductID) VALUES (1122, 13, "Нет", 58);
INSERT INTO webshop.characteristics (CharacteristicID, CharacteristicTypeID, Value, ProductID) VALUES (1123, 25, "6 ГБ", 58);
INSERT INTO webshop.characteristics (CharacteristicID, CharacteristicTypeID, Value, ProductID) VALUES (1124, 26, "Турбина + радиатор", 58);
INSERT INTO webshop.images (ImageID, Url, ProductID) VALUES (331, "https://i2.rozetka.ua/goods/1676093/asus_turbo_gtx1060_6g_images_1676093654.jpg", 58);
INSERT INTO webshop.images (ImageID, Url, ProductID) VALUES (332, "https://i2.rozetka.ua/goods/1676093/asus_turbo_gtx1060_6g_images_1676093836.jpg", 58);
INSERT INTO webshop.images (ImageID, Url, ProductID) VALUES (333, "https://i1.rozetka.ua/goods/1676093/asus_turbo_gtx1060_6g_images_1676093927.jpg", 58);
INSERT INTO webshop.images (ImageID, Url, ProductID) VALUES (334, "https://i2.rozetka.ua/goods/1676094/asus_turbo_gtx1060_6g_images_1676094018.jpg", 58);
INSERT INTO webshop.images (ImageID, Url, ProductID) VALUES (335, "https://i1.rozetka.ua/goods/1676094/asus_turbo_gtx1060_6g_images_1676094389.jpg", 58);
INSERT INTO webshop.images (ImageID, Url, ProductID) VALUES (336, "https://i1.rozetka.ua/goods/1676094/asus_turbo_gtx1060_6g_images_1676094711.jpg", 58);
INSERT INTO webshop.images (ImageID, Url, ProductID) VALUES (337, "https://i2.rozetka.ua/goods/1676094/asus_turbo_gtx1060_6g_images_1676094256.jpg", 58);
INSERT INTO webshop.comments (CommentID, Nickname, Rating, Message, Date, ProductID) VALUES (153, "Danil", 0, "Нормальная зборка? Можна разогнать процессор?", "2018-1-0", 58);
INSERT INTO webshop.comments (CommentID, Nickname, Rating, Message, Date, ProductID) VALUES (154, "Назар Кулик", 5, "Оцените зборку Достоинства: нез Недостатки: нез", "2018-1-2", 58);
INSERT INTO webshop.comments (CommentID, Nickname, Rating, Message, Date, ProductID) VALUES (155, "Олексій Кузьменко", 0, "Яку відеокарту зможе відкрити на 100% район 5 1600?", "2018-0-3", 58);
-- =====================================================================
INSERT INTO webshop.products (ProductID, ProductTypeID, Title, Description, Price) VALUES (59, 6, "Asus PCI-Ex GeForce GTX 1080 Turbo 8GB GDDR5X (256bit) (1607/10010) (DVI, 2 x HDMI, 2 x DisplayPort) (TURBO-GTX1080-8G)", "Подчеркните свой стиль Компания Asus представляет Turbo GeForce GTX 1080 — новейшую видеокарту с высокой производительностью, повышенной надежностью и долговечностью. Видеокарту украшает логотип с регулируемой подсветкой, который добавит оригинальности дизайну персонального компьютера. А совместимые с VR-устройствами порты HDMI подарят геймерам возможность окунуться в захватывающий мир виртуальной реальности. В комплект поставки Asus Turbo GeForce GTX 1080 входят утилиты GPU Tweak II для настройки и мониторинга параметров видеокарты и XSplit Gamecaster для записи и трансляции процесса игры в режиме реального времени. Идеальная геймерская платформа Графический процессор GeForce GTX 1080 является самым мощным в геймерском классе на сегодняшний момент. Новая микроархитектура Pascal наделяет его потрясающей скоростью, а поддержка самых современных технологий максимально расширяет его функциональность. Производительность Флагманская модель GeForce GTX 1080 – это настоящий квантовый скачок в производительности и энергоэффективности современных видеокарт. Созданная на базе современнейших компонентов и технологий, таких как транзисторы FinFET и видеопамять GDDR5X, она полностью поддерживает интерфейс программирования DirectX 12, используемый в новом поколении видеоигр. Микроархитектура Pascal Графический процессор GeForce GTX 1080, построенный на базе новейшей архитектуры Pascal, удовлетворяет требованиям дисплеев нового поколения и идеально подходит для VR-гарнитур, мониторов ультравысокого разрешения и мультимониторных конфигураций. Поддерживаемая им технология NVIDIA GameWorks обеспечивает плавный игровой процесс с картинкой кинематографического качества, а также позволяет снимать панорамные 360-градусные скриншоты. Для систем виртуальной реальности Откройте для себя виртуальную реальность нового поколения: технология NVIDIA VRWorks гарантирует высокий уровень производительности и совместимость с лучшими VR-гарнитурами. Вентилятор с двойным шарикоподшипником Вентилятор с двойным шарикоподшипником, использующийся в кулере видеокарты Asus Turbo GeForce GTX 1080, обладает в несколько раз большим сроком службы, чем традиционные вентиляторы с подшипниками скольжения. Качество и надежность. Технология Auto-Extreme. Стабильной работе видеокарт способствует высококачественная элементная база и эксклюзивная технология Auto-Extreme, которая подразумевает первый в индустрии на 100% автоматизированный процесс производства. Компоненты Super Alloy Power II Компоненты Super Alloy Power II обеспечивают эффективное потребление энергии, значительно уменьшенный уровень вибраций и шума при максимальной нагрузке и снижение рабочей температуры. Разъемы HDMI с поддержкой VR-устройств. Окунись в другую реальность. Видеокарта Asus Turbo GeForce GTX 1080 обладает двумя разъемами HDMI, что позволяет одновременно подключить к ней и дисплей, и систему виртуальной реальности. Утилита GPU Tweak II: интуитивный разгон В комплект поставки современных видеокарт Asus входит новая версия эксклюзивной утилиты GPU Tweak, с помощью которой можно получить полный контроль над графической подсистемой компьютера: изменять частоты и напряжения, настраивать работу вентиляторов, обновлять BIOS и драйверы, следить за состоянием видеокарты и т.д. Утилита предлагает два режима: упрощенный для начинающих пользователей и продвинутый для опытных оверклокеров. Утилита XSplitGamecaster: трансляция игрового процесса через интернет С помощью XSplit Gamecaster можно не только транслировать игровое видео в интернет, но и записывать процесс игры. Игроки имеют возможность рисовать поверх видео и комментировать игру.", 11222);
INSERT INTO webshop.characteristics (CharacteristicID, CharacteristicTypeID, Value, ProductID) VALUES (1125, 1, "PCI-Express x16 3.0", 59);
INSERT INTO webshop.characteristics (CharacteristicID, CharacteristicTypeID, Value, ProductID) VALUES (1126, 2, "1607 МГц (Boost 1733 МГц)", 59);
INSERT INTO webshop.characteristics (CharacteristicID, CharacteristicTypeID, Value, ProductID) VALUES (1127, 16, "7680x4320", 59);
INSERT INTO webshop.characteristics (CharacteristicID, CharacteristicTypeID, Value, ProductID) VALUES (1128, 17, "Активная", 59);
INSERT INTO webshop.characteristics (CharacteristicID, CharacteristicTypeID, Value, ProductID) VALUES (1129, 3, "8 pin", 59);
INSERT INTO webshop.characteristics (CharacteristicID, CharacteristicTypeID, Value, ProductID) VALUES (1130, 4, "DVI DisplayPort HDMI", 59);
INSERT INTO webshop.characteristics (CharacteristicID, CharacteristicTypeID, Value, ProductID) VALUES (1131, 5, "Есть", 59);
INSERT INTO webshop.characteristics (CharacteristicID, CharacteristicTypeID, Value, ProductID) VALUES (1132, 6, "10010 МГц", 59);
INSERT INTO webshop.characteristics (CharacteristicID, CharacteristicTypeID, Value, ProductID) VALUES (1133, 7, "266.7 x 111.2 x 38.1 мм", 59);
INSERT INTO webshop.characteristics (CharacteristicID, CharacteristicTypeID, Value, ProductID) VALUES (1134, 9, "GeForce GTX 1080", 59);
INSERT INTO webshop.characteristics (CharacteristicID, CharacteristicTypeID, Value, ProductID) VALUES (1135, 19, "GDDR5X", 59);
INSERT INTO webshop.characteristics (CharacteristicID, CharacteristicTypeID, Value, ProductID) VALUES (1136, 20, "36 месяцев", 59);
INSERT INTO webshop.characteristics (CharacteristicID, CharacteristicTypeID, Value, ProductID) VALUES (1137, 21, "1", 59);
INSERT INTO webshop.characteristics (CharacteristicID, CharacteristicTypeID, Value, ProductID) VALUES (1138, 22, "Стандартная", 59);
INSERT INTO webshop.characteristics (CharacteristicID, CharacteristicTypeID, Value, ProductID) VALUES (1139, 12, "256 бит", 59);
INSERT INTO webshop.characteristics (CharacteristicID, CharacteristicTypeID, Value, ProductID) VALUES (1140, 23, "DirectX 12, OpenGL 4.5", 59);
INSERT INTO webshop.characteristics (CharacteristicID, CharacteristicTypeID, Value, ProductID) VALUES (1141, 13, "Нет", 59);
INSERT INTO webshop.characteristics (CharacteristicID, CharacteristicTypeID, Value, ProductID) VALUES (1142, 25, "8 ГБ", 59);
INSERT INTO webshop.characteristics (CharacteristicID, CharacteristicTypeID, Value, ProductID) VALUES (1143, 26, "DirectCU III", 59);
INSERT INTO webshop.images (ImageID, Url, ProductID) VALUES (338, "https://i2.rozetka.ua/goods/1657158/asus_turbo_gtx1080_8g_images_1657158584.jpg", 59);
INSERT INTO webshop.images (ImageID, Url, ProductID) VALUES (339, "https://i1.rozetka.ua/goods/1657158/asus_turbo_gtx1080_8g_images_1657158493.jpg", 59);
INSERT INTO webshop.images (ImageID, Url, ProductID) VALUES (340, "https://i2.rozetka.ua/goods/1657158/asus_turbo_gtx1080_8g_images_1657158311.jpg", 59);
INSERT INTO webshop.images (ImageID, Url, ProductID) VALUES (341, "https://i2.rozetka.ua/goods/1657158/asus_turbo_gtx1080_8g_images_1657158220.jpg", 59);
INSERT INTO webshop.images (ImageID, Url, ProductID) VALUES (342, "https://i1.rozetka.ua/goods/1657158/asus_turbo_gtx1080_8g_images_1657158402.jpg", 59);
INSERT INTO webshop.images (ImageID, Url, ProductID) VALUES (343, "https://i2.rozetka.ua/goods/1657158/asus_turbo_gtx1080_8g_images_1657158129.jpg", 59);
INSERT INTO webshop.images (ImageID, Url, ProductID) VALUES (344, "https://i1.rozetka.ua/goods/1657158/asus_turbo_gtx1080_8g_images_1657158038.jpg", 59);
-- =====================================================================
INSERT INTO webshop.products (ProductID, ProductTypeID, Title, Description, Price) VALUES (60, 6, "Dell PCI-Ex NVIDIA Quadro P1000 4GB GDDR5 (128bit) (4 x miniDisplayPort) (490-BDXN)", "Dell NVIDIA Quadro P1000 — это отличная производительность в ведущих профессиональных приложениях, объем встроенной памяти 4 ГБ и низкопрофильный форм-фактор для максимальной гибкости использования. Спроектированные и созданные специально для профессиональных рабочих станций, графические процессоры NVIDIA Quadro обеспечивают мощностью более 200 профессиональных приложений в широком спектре отраслей, включая производство, масс-медиа и развлечения, науки и энергетику. Профессионалы доверяют решениям Quadro для обеспечения лучшего рабочего процесса в таких приложениях, как Adobe CS6, Avid Media Composer, Autodesk Inventor, Dassault Systemes CATIA и SolidWorks, Siemens NX, PTC Creo и многих других. Интеллектуальное управление потреблением электроэнергии Технология NVIDIA Power Management снижает суммарные затраты на потребляемую системой электроэнергию. Она использует интеллектуальный подход при адаптации суммарного потребления видеосистемы в зависимости от приложений, выполняемых конечным потребителем. Оптимизированная система потребления электроэнергии помогает снизить суммарную стоимость владения всей системы и повысить ее надежность. NVIDIA CUDA Архитектура параллельных вычислений CUDA позволяет существенно повысить производительность вычислительных операций благодаря привлечению мощностей GPU (графического процессорного устройства). P1000 содержит 640 вычислительных ядер CUDA, совместимых со всеми ускоренными приложениями CUDA.", 18071);
INSERT INTO webshop.characteristics (CharacteristicID, CharacteristicTypeID, Value, ProductID) VALUES (1144, 1, "PCI-Express x16 3.0", 60);
INSERT INTO webshop.characteristics (CharacteristicID, CharacteristicTypeID, Value, ProductID) VALUES (1145, 16, "5120x2880", 60);
INSERT INTO webshop.characteristics (CharacteristicID, CharacteristicTypeID, Value, ProductID) VALUES (1146, 17, "Активная", 60);
INSERT INTO webshop.characteristics (CharacteristicID, CharacteristicTypeID, Value, ProductID) VALUES (1147, 3, "Нет", 60);
INSERT INTO webshop.characteristics (CharacteristicID, CharacteristicTypeID, Value, ProductID) VALUES (1148, 4, "miniDisplayPort", 60);
INSERT INTO webshop.characteristics (CharacteristicID, CharacteristicTypeID, Value, ProductID) VALUES (1149, 5, "Нет", 60);
INSERT INTO webshop.characteristics (CharacteristicID, CharacteristicTypeID, Value, ProductID) VALUES (1150, 7, "68.9 x 145 мм", 60);
INSERT INTO webshop.characteristics (CharacteristicID, CharacteristicTypeID, Value, ProductID) VALUES (1151, 9, "Quadro P1000", 60);
INSERT INTO webshop.characteristics (CharacteristicID, CharacteristicTypeID, Value, ProductID) VALUES (1152, 19, "GDDR5", 60);
INSERT INTO webshop.characteristics (CharacteristicID, CharacteristicTypeID, Value, ProductID) VALUES (1153, 20, "12 месяцев", 60);
INSERT INTO webshop.characteristics (CharacteristicID, CharacteristicTypeID, Value, ProductID) VALUES (1154, 22, "Низкопрофильная", 60);
INSERT INTO webshop.characteristics (CharacteristicID, CharacteristicTypeID, Value, ProductID) VALUES (1155, 12, "128 бит", 60);
INSERT INTO webshop.characteristics (CharacteristicID, CharacteristicTypeID, Value, ProductID) VALUES (1156, 23, "DirectX 12, OpenGL 4.5", 60);
INSERT INTO webshop.characteristics (CharacteristicID, CharacteristicTypeID, Value, ProductID) VALUES (1157, 13, "Нет", 60);
INSERT INTO webshop.characteristics (CharacteristicID, CharacteristicTypeID, Value, ProductID) VALUES (1158, 25, "4 ГБ", 60);
INSERT INTO webshop.characteristics (CharacteristicID, CharacteristicTypeID, Value, ProductID) VALUES (1159, 26, "Радиатор + вентилятор", 60);
INSERT INTO webshop.images (ImageID, Url, ProductID) VALUES (345, "https://i2.rozetka.ua/goods/2243928/dell_490_bdxn_images_2243928420.jpg", 60);
INSERT INTO webshop.images (ImageID, Url, ProductID) VALUES (346, "https://i1.rozetka.ua/goods/2243929/dell_490_bdxn_images_2243929362.jpg", 60);
INSERT INTO webshop.images (ImageID, Url, ProductID) VALUES (347, "https://i2.rozetka.ua/goods/2243928/dell_490_bdxn_images_2243928696.jpg", 60);
INSERT INTO webshop.images (ImageID, Url, ProductID) VALUES (348, "https://i1.rozetka.ua/goods/2243929/dell_490_bdxn_images_2243929002.jpg", 60);
-- =====================================================================
INSERT INTO webshop.products (ProductID, ProductTypeID, Title, Description, Price) VALUES (61, 6, "Gainward PCI-Ex GeForce GTX 1050 2GB GDDR5 (128bit) (1354/7000) (DVI, HDMI, DisplayPort) (426018336-3835)", "GeForce GTX 1050 – это высокопроизводительная видеокарта, основанная на архитектуре Nvidia Pascal нового поколения. Идеальная геймерская платформа Графический процессор GeForce GTX 1050 является одним из мощных в геймерском классе среднего уровня на сегодняшний момент. Новая микроархитектура Pascal наделяет его потрясающей скоростью, а поддержка самых современных технологий максимально расширяет его функциональность. Микроархитектура Pascal Графический процессор GeForce GTX 1050, построенный на базе новейшей архитектуры Pascal, удовлетворяет требованиям дисплеев нового поколения. Поддерживаемая им технология NVIDIA GameWorks обеспечивает плавный игровой процесс с картинкой кинематографического качества, а также позволяет снимать панорамные 360-градусные скриншоты. Gainward EXPERTool II Новая утилита Gainward EXPERTool II входит в комплект поставки графического адаптера. Она позволяет быстро изменить частоту работы GPU и видеопамяти, а также отрегулировать скорость вентилятора системы охлаждения. Nvidia GPU Boost 3.0 Благодаря точным элементам управления эта принципиально новая технология позволяет геймерам максимально увеличить производительность ПК. Технология GPU Boost 3.0 отслеживает работу видеокарты, еще лучше управляя температурой GPU, повышением тактовой частоты процессора и напряжением, чтобы добиться максимальной производительности GPU. Планка в виде сот Особая конструкция крепёжной панели с ячейками в виде сот увеличивает отводимый от графического процессора воздушный поток, что улучшает общую эффективность системы охлаждения.", 18200);
INSERT INTO webshop.characteristics (CharacteristicID, CharacteristicTypeID, Value, ProductID) VALUES (1160, 1, "PCI-Express x16 3.0", 61);
INSERT INTO webshop.characteristics (CharacteristicID, CharacteristicTypeID, Value, ProductID) VALUES (1161, 2, "Базовая частота: 1354 МГц В режиме разгона: 1455 МГц", 61);
INSERT INTO webshop.characteristics (CharacteristicID, CharacteristicTypeID, Value, ProductID) VALUES (1162, 16, "4096x2160", 61);
INSERT INTO webshop.characteristics (CharacteristicID, CharacteristicTypeID, Value, ProductID) VALUES (1163, 17, "Активная", 61);
INSERT INTO webshop.characteristics (CharacteristicID, CharacteristicTypeID, Value, ProductID) VALUES (1164, 3, "Нет", 61);
INSERT INTO webshop.characteristics (CharacteristicID, CharacteristicTypeID, Value, ProductID) VALUES (1165, 4, "DVI DisplayPort HDMI", 61);
INSERT INTO webshop.characteristics (CharacteristicID, CharacteristicTypeID, Value, ProductID) VALUES (1166, 5, "Нет", 61);
INSERT INTO webshop.characteristics (CharacteristicID, CharacteristicTypeID, Value, ProductID) VALUES (1167, 6, "3500 МГц (DDR 7000 МГц)", 61);
INSERT INTO webshop.characteristics (CharacteristicID, CharacteristicTypeID, Value, ProductID) VALUES (1168, 7, "161 x 112 мм", 61);
INSERT INTO webshop.characteristics (CharacteristicID, CharacteristicTypeID, Value, ProductID) VALUES (1169, 9, "GeForce GTX 1050", 61);
INSERT INTO webshop.characteristics (CharacteristicID, CharacteristicTypeID, Value, ProductID) VALUES (1170, 10, "112 ГБ/с", 61);
INSERT INTO webshop.characteristics (CharacteristicID, CharacteristicTypeID, Value, ProductID) VALUES (1171, 19, "GDDR5", 61);
INSERT INTO webshop.characteristics (CharacteristicID, CharacteristicTypeID, Value, ProductID) VALUES (1172, 20, "24 месяца", 61);
INSERT INTO webshop.characteristics (CharacteristicID, CharacteristicTypeID, Value, ProductID) VALUES (1173, 21, "1", 61);
INSERT INTO webshop.characteristics (CharacteristicID, CharacteristicTypeID, Value, ProductID) VALUES (1174, 22, "Мини", 61);
INSERT INTO webshop.characteristics (CharacteristicID, CharacteristicTypeID, Value, ProductID) VALUES (1175, 12, "128 бит", 61);
INSERT INTO webshop.characteristics (CharacteristicID, CharacteristicTypeID, Value, ProductID) VALUES (1176, 23, "DirectX 12, OpenGL 4.5", 61);
INSERT INTO webshop.characteristics (CharacteristicID, CharacteristicTypeID, Value, ProductID) VALUES (1177, 13, "Нет", 61);
INSERT INTO webshop.characteristics (CharacteristicID, CharacteristicTypeID, Value, ProductID) VALUES (1178, 25, "2 ГБ", 61);
INSERT INTO webshop.characteristics (CharacteristicID, CharacteristicTypeID, Value, ProductID) VALUES (1179, 26, "Радиатор + вентилятор", 61);
INSERT INTO webshop.images (ImageID, Url, ProductID) VALUES (349, "https://i1.rozetka.ua/goods/2163287/gainward_426018336_3835_images_2163287484.jpg", 61);
INSERT INTO webshop.images (ImageID, Url, ProductID) VALUES (350, "https://i2.rozetka.ua/goods/2163287/gainward_426018336_3835_images_2163287575.jpg", 61);
INSERT INTO webshop.images (ImageID, Url, ProductID) VALUES (351, "https://i2.rozetka.ua/goods/2163287/gainward_426018336_3835_images_2163287666.jpg", 61);
INSERT INTO webshop.images (ImageID, Url, ProductID) VALUES (352, "https://i2.rozetka.ua/goods/2163287/gainward_426018336_3835_images_2163287764.jpg", 61);
INSERT INTO webshop.comments (CommentID, Nickname, Rating, Message, Date, ProductID) VALUES (156, "Назар Михайлыв", 0, "Підійде до ноутбука Asus s56c?", "2018-0-0", 61);
INSERT INTO webshop.comments (CommentID, Nickname, Rating, Message, Date, ProductID) VALUES (157, "Владимир", 5, "Отличная видюха) Достоинства: Всё работает на максимальных настройках) Недостатки: Пока нет)", "2018-0-5", 61);
INSERT INTO webshop.comments (CommentID, Nickname, Rating, Message, Date, ProductID) VALUES (158, "Кошеленко Сергей", 0, "Какая тут память? охлаждается только ГПУ?", "2018-0-0", 61);
-- =====================================================================
INSERT INTO webshop.products (ProductID, ProductTypeID, Title, Description, Price) VALUES (62, 6, "Gigabyte PCI-Ex GeForce GT 730 2048MB GDDR5 (64bit) (902/5000) (DVI, HDMI, D-Sub) (GV-N730D5-2GI)", "Обновите свое графическое решение до новой дискретной видеокарты GeForce GT 730 и получите супербыструю работу в веб, а также невероятные возможности редактирования фото и видео. Видеокарта GT 730 также обеспечивает в 3 раза более высокую производительность в играх, чем встроенная графика, при этом гарантируя надежность и стабильность работы благодаря GeForce Experience. Режим сглаживания NVIDIA FXAA Сглаживание выравнивает зубчатые границы изображения, но может быть очень требовательным к частоте смены кадров. FXAA — это новая технология сглаживания, которая обеспечивает прекрасные плавные линии при минимальном влиянии на производительность. Благодаря GPU на базе архитектуры Kepler ты можешь включить FXAA в сотнях играх через Панель управления Nvidia. PureVideo HD Сочетание ускорения декодирования HD видео и постобработки, обеспечивает проигрывание видео без помех, потрясающую чистоту изображения, четкость цвета и точное масштабирование изображения в фильмах и видео. Все это с невероятной эффективностью энергопотребления. Потоковое аудио форматов TrueHD и DTS-HD Полная поддержка TrueHD и продвинутых кодеков для многоканального HD аудио без сжатия DTS-HD дарит вам невероятное наслаждение звуком прямо у вас дома. Adaptive Vertical Sync Ничто не отвлекает так, как дрожание кадров и разрывы изображения. Первое происходит, когда частота смены кадров низкая, второе – когда она слишком высокая. Технология Adaptive V-Sync – прекрасный способ обработки кадров. При высокой частоте смены кадров V-sync включается для устранения разрывов изображения, при низкой – отключается, чтобы свести дрожание до минимума. Это позволяет не отвлекаться, поэтому ты можешь продолжить игру.", 3372);
INSERT INTO webshop.characteristics (CharacteristicID, CharacteristicTypeID, Value, ProductID) VALUES (1180, 1, "PCI-Express x8 2.0", 62);
INSERT INTO webshop.characteristics (CharacteristicID, CharacteristicTypeID, Value, ProductID) VALUES (1181, 2, "902 МГц", 62);
INSERT INTO webshop.characteristics (CharacteristicID, CharacteristicTypeID, Value, ProductID) VALUES (1182, 16, "4096x2160", 62);
INSERT INTO webshop.characteristics (CharacteristicID, CharacteristicTypeID, Value, ProductID) VALUES (1183, 17, "Активная", 62);
INSERT INTO webshop.characteristics (CharacteristicID, CharacteristicTypeID, Value, ProductID) VALUES (1184, 3, "Нет", 62);
INSERT INTO webshop.characteristics (CharacteristicID, CharacteristicTypeID, Value, ProductID) VALUES (1185, 4, "VGA DVI HDMI", 62);
INSERT INTO webshop.characteristics (CharacteristicID, CharacteristicTypeID, Value, ProductID) VALUES (1186, 5, "Нет", 62);
INSERT INTO webshop.characteristics (CharacteristicID, CharacteristicTypeID, Value, ProductID) VALUES (1187, 6, "5000 МГц", 62);
INSERT INTO webshop.characteristics (CharacteristicID, CharacteristicTypeID, Value, ProductID) VALUES (1188, 7, "177 x 120 x 30 мм", 62);
INSERT INTO webshop.characteristics (CharacteristicID, CharacteristicTypeID, Value, ProductID) VALUES (1189, 8, "300 Вт", 62);
INSERT INTO webshop.characteristics (CharacteristicID, CharacteristicTypeID, Value, ProductID) VALUES (1190, 9, "GeForce GT730", 62);
INSERT INTO webshop.characteristics (CharacteristicID, CharacteristicTypeID, Value, ProductID) VALUES (1191, 18, "400 МГц", 62);
INSERT INTO webshop.characteristics (CharacteristicID, CharacteristicTypeID, Value, ProductID) VALUES (1192, 19, "GDDR5", 62);
INSERT INTO webshop.characteristics (CharacteristicID, CharacteristicTypeID, Value, ProductID) VALUES (1193, 20, "36 месяцев", 62);
INSERT INTO webshop.characteristics (CharacteristicID, CharacteristicTypeID, Value, ProductID) VALUES (1194, 21, "1", 62);
INSERT INTO webshop.characteristics (CharacteristicID, CharacteristicTypeID, Value, ProductID) VALUES (1195, 22, "Мини", 62);
INSERT INTO webshop.characteristics (CharacteristicID, CharacteristicTypeID, Value, ProductID) VALUES (1196, 12, "64 бит", 62);
INSERT INTO webshop.characteristics (CharacteristicID, CharacteristicTypeID, Value, ProductID) VALUES (1197, 24, "1", 62);
INSERT INTO webshop.characteristics (CharacteristicID, CharacteristicTypeID, Value, ProductID) VALUES (1198, 23, "DirectX 12, OpenGL 4.4", 62);
INSERT INTO webshop.characteristics (CharacteristicID, CharacteristicTypeID, Value, ProductID) VALUES (1199, 13, "Нет", 62);
INSERT INTO webshop.characteristics (CharacteristicID, CharacteristicTypeID, Value, ProductID) VALUES (1200, 25, "2 ГБ", 62);
INSERT INTO webshop.characteristics (CharacteristicID, CharacteristicTypeID, Value, ProductID) VALUES (1201, 26, "Радиатор + Вентилятор", 62);
INSERT INTO webshop.images (ImageID, Url, ProductID) VALUES (353, "https://i2.rozetka.ua/goods/1312909/gigabyte_gt730d5_2gi_images_1312909614.jpg", 62);
INSERT INTO webshop.images (ImageID, Url, ProductID) VALUES (354, "https://i1.rozetka.ua/goods/1312909/gigabyte_gt730d5_2gi_images_1312909705.jpg", 62);
INSERT INTO webshop.images (ImageID, Url, ProductID) VALUES (355, "https://i1.rozetka.ua/goods/1312909/gigabyte_gt730d5_2gi_images_1312909796.jpg", 62);
INSERT INTO webshop.images (ImageID, Url, ProductID) VALUES (356, "https://i1.rozetka.ua/goods/1312909/gigabyte_gt730d5_2gi_images_1312909887.jpg", 62);
INSERT INTO webshop.images (ImageID, Url, ProductID) VALUES (357, "https://i1.rozetka.ua/goods/1312909/gigabyte_gt730d5_2gi_images_1312909978.jpg", 62);
INSERT INTO webshop.comments (CommentID, Nickname, Rating, Message, Date, ProductID) VALUES (159, "koval68", 0, "Вопрос к знаюшим: Насколько я понимаю данная карта держит только OpenGL, Vulkan она не поддерживает ?", "2018-1-4", 62);
INSERT INTO webshop.comments (CommentID, Nickname, Rating, Message, Date, ProductID) VALUES (160, "anton833", 5, "Отличная видеокарта за свои деньги. Всё1 что связано с офисом серфингом и тд идеал, World of Tanks на средних настройках так же тянет. Притом, что ещё и браузер открыт с 10 вкладками и включенном видео на ютубе в ХД. Доставка от Розетки как всегда оперативно и качественно. Достоинства: Цена и современный тип памяти GDDR5 Недостатки: нет", "2018-1-1", 62);
INSERT INTO webshop.comments (CommentID, Nickname, Rating, Message, Date, ProductID) VALUES (161, "Тарас", 4, "Все працює на ура.Максимум нагрівається 51 градус у Відьмаку,на середніх налаштуваннях.", "2018-1-0", 62);
-- =====================================================================
INSERT INTO webshop.products (ProductID, ProductTypeID, Title, Description, Price) VALUES (63, 6, "Gigabyte PCI-Ex GeForce GT 730 2048MB DDR3 (128bit) (700/1600) (VGA, DVI, HDMI) (GV-N730-2GI)", "Обновите свое графическое решение до новой дискретной видеокарты GeForce GT 730 и получите супербыструю работу в веб, а также невероятные возможности редактирования фото и видео. Видеокарта GT 730 также обеспечивает в 3 раза более высокую производительность в играх, чем встроенная графика, при этом гарантируя надежность и стабильность работы благодаря GeForce Experience. Режим сглаживания NVIDIA FXAA Сглаживание выравнивает зубчатые границы изображения, но может быть очень требовательным к частоте смены кадров. FXAA — это новая технология сглаживания, которая обеспечивает прекрасные плавные линии при минимальном влиянии на производительность. Благодаря GPU на базе архитектуры Kepler ты можешь включить FXAA в сотнях играх через Панель управления Nvidia. PureVideo HD Сочетание ускорения декодирования HD видео и постобработки, обеспечивает проигрывание видео без помех, потрясающую чистоту изображения, четкость цвета и точное масштабирование изображения в фильмах и видео. Все это с невероятной эффективностью энергопотребления. Потоковое аудио форматов TrueHD и DTS-HD Полная поддержка TrueHD и продвинутых кодеков для многоканального HD аудио без сжатия DTS-HD дарит вам невероятное наслаждение звуком прямо у вас дома. Adaptive Vertical Sync Ничто не отвлекает так, как дрожание кадров и разрывы изображения. Первое происходит, когда частота смены кадров низкая, второе – когда она слишком высокая. Технология Adaptive V-Sync – прекрасный способ обработки кадров. При высокой частоте смены кадров V-sync включается для устранения разрывов изображения, при низкой – отключается, чтобы свести дрожание до минимума. Это позволяет не отвлекаться, поэтому ты можешь продолжить игру.", 11095);
INSERT INTO webshop.characteristics (CharacteristicID, CharacteristicTypeID, Value, ProductID) VALUES (1202, 1, "PCI-Express x16 2.х", 63);
INSERT INTO webshop.characteristics (CharacteristicID, CharacteristicTypeID, Value, ProductID) VALUES (1203, 2, "700 МГц", 63);
INSERT INTO webshop.characteristics (CharacteristicID, CharacteristicTypeID, Value, ProductID) VALUES (1204, 16, "2560x1600", 63);
INSERT INTO webshop.characteristics (CharacteristicID, CharacteristicTypeID, Value, ProductID) VALUES (1205, 17, "Активная", 63);
INSERT INTO webshop.characteristics (CharacteristicID, CharacteristicTypeID, Value, ProductID) VALUES (1206, 3, "Нет", 63);
INSERT INTO webshop.characteristics (CharacteristicID, CharacteristicTypeID, Value, ProductID) VALUES (1207, 4, "VGA DVI HDMI", 63);
INSERT INTO webshop.characteristics (CharacteristicID, CharacteristicTypeID, Value, ProductID) VALUES (1208, 5, "Нет", 63);
INSERT INTO webshop.characteristics (CharacteristicID, CharacteristicTypeID, Value, ProductID) VALUES (1209, 6, "1600 МГц", 63);
INSERT INTO webshop.characteristics (CharacteristicID, CharacteristicTypeID, Value, ProductID) VALUES (1210, 7, "185.5 x 126.5 x 35.3 мм", 63);
INSERT INTO webshop.characteristics (CharacteristicID, CharacteristicTypeID, Value, ProductID) VALUES (1211, 8, "350 Вт", 63);
INSERT INTO webshop.characteristics (CharacteristicID, CharacteristicTypeID, Value, ProductID) VALUES (1212, 9, "GeForce GT730", 63);
INSERT INTO webshop.characteristics (CharacteristicID, CharacteristicTypeID, Value, ProductID) VALUES (1213, 18, "400 МГц", 63);
INSERT INTO webshop.characteristics (CharacteristicID, CharacteristicTypeID, Value, ProductID) VALUES (1214, 19, "DDR3", 63);
INSERT INTO webshop.characteristics (CharacteristicID, CharacteristicTypeID, Value, ProductID) VALUES (1215, 20, "36 месяцев", 63);
INSERT INTO webshop.characteristics (CharacteristicID, CharacteristicTypeID, Value, ProductID) VALUES (1216, 21, "1", 63);
INSERT INTO webshop.characteristics (CharacteristicID, CharacteristicTypeID, Value, ProductID) VALUES (1217, 22, "Мини", 63);
INSERT INTO webshop.characteristics (CharacteristicID, CharacteristicTypeID, Value, ProductID) VALUES (1218, 12, "128 бит", 63);
INSERT INTO webshop.characteristics (CharacteristicID, CharacteristicTypeID, Value, ProductID) VALUES (1219, 24, "1", 63);
INSERT INTO webshop.characteristics (CharacteristicID, CharacteristicTypeID, Value, ProductID) VALUES (1220, 23, "DirectX 12, OpenGL 4.4", 63);
INSERT INTO webshop.characteristics (CharacteristicID, CharacteristicTypeID, Value, ProductID) VALUES (1221, 13, "Нет", 63);
INSERT INTO webshop.characteristics (CharacteristicID, CharacteristicTypeID, Value, ProductID) VALUES (1222, 25, "2 ГБ", 63);
INSERT INTO webshop.characteristics (CharacteristicID, CharacteristicTypeID, Value, ProductID) VALUES (1223, 26, "Радиатор + Вентилятор", 63);
INSERT INTO webshop.images (ImageID, Url, ProductID) VALUES (358, "https://i2.rozetka.ua/goods/118396/gigabyte_gt730_2gi_images_118396865.jpg", 63);
INSERT INTO webshop.images (ImageID, Url, ProductID) VALUES (359, "https://i1.rozetka.ua/goods/118397/gigabyte_gt730_2gi_images_118397210.jpg", 63);
INSERT INTO webshop.images (ImageID, Url, ProductID) VALUES (360, "https://i1.rozetka.ua/goods/118397/gigabyte_gt730_2gi_images_118397075.jpg", 63);
INSERT INTO webshop.comments (CommentID, Nickname, Rating, Message, Date, ProductID) VALUES (162, "Никола", 0, "Подскажите пожалуйста, подойдет ли данная видеокарта к материнке''MS 7646''?", "2018-1-4", 63);
INSERT INTO webshop.comments (CommentID, Nickname, Rating, Message, Date, ProductID) VALUES (163, "Дима", 0, "Добрий день, підійде ось це що я склав із комплектующих, так чи ні, напишіть будь ласка) Дякую!", "2018-1-3", 63);
INSERT INTO webshop.comments (CommentID, Nickname, Rating, Message, Date, ProductID) VALUES (164, "Максим Дыкун", 0, "Подскажитепожалуйста, станет ли она на материнку gigabyte h61m-ds2", "2018-1-3", 63);
-- =====================================================================
INSERT INTO webshop.products (ProductID, ProductTypeID, Title, Description, Price) VALUES (64, 6, "Gigabyte PCI-Ex GeForce GT 710 1024MB DDR3 (64bit) (954/1800) (HDMI, DVI, VGA) (GV-N710SL-1GL)", "Компания Gigabyte расширила модельный ряд видеокарт GeForce GT 710, выпустив устройство с пассивным охлаждением графического ядра GV-N710SL-1GL с объемом памяти в 1 ГБ. Низкопрофильная конструкция Конструкция позволяет экономить место для установки внутри корпуса для создания оптимальной и компактной системы ПК. Silent Cell В Gigabyte переписывают историю создав уникальное бесшумное охлаждение, могущее усовершенствовать тепловую работу, представляя эксклюзивный тепловой дизайн с пассивной системой охлаждения. Стильный радиатор использует естественный поток воздуха для охлаждения, обеспечивая полноценное удовольствие от игр при работе с уровнем шума в 0 дБ. PCI Express 2.0 Эта карта разработана для нового интерфейса PCI Express 2.0, обеспечивающего высочайшую скорость передачи данных для игр завтрашнего дня, которым требуется высокая производительность и 3D-приложений. В то же время она сохраняет обратную совместимость с материнскими платами PCI Express. HDMI Прочные позолоченные контакты гарантируют оптимальное качество передачи сигнала с помощью данного интерфейса. OC GURU ll Интуитивно понятный интерфейс помогает пользователю изменять основные параметры и получать прямой доступ к обновлениям драйверов и БИОСа. Настройки и параметры, частота GPU, режим работы вентиляторов, напряжение, и другие настройки могут быть отображены и настроены в режиме реального времени. nVidia PhysX Полная поддержка технологии nVidia PhysX позволяет вывести на новый уровень физические эффекты в играх для более динамичной и реалистичной игры с GeForce.", 11035);
INSERT INTO webshop.characteristics (CharacteristicID, CharacteristicTypeID, Value, ProductID) VALUES (1224, 1, "PCI-Express x16 2.х", 64);
INSERT INTO webshop.characteristics (CharacteristicID, CharacteristicTypeID, Value, ProductID) VALUES (1225, 2, "954 МГц", 64);
INSERT INTO webshop.characteristics (CharacteristicID, CharacteristicTypeID, Value, ProductID) VALUES (1226, 16, "4096x2160", 64);
INSERT INTO webshop.characteristics (CharacteristicID, CharacteristicTypeID, Value, ProductID) VALUES (1227, 17, "Пассивная", 64);
INSERT INTO webshop.characteristics (CharacteristicID, CharacteristicTypeID, Value, ProductID) VALUES (1228, 3, "Нет", 64);
INSERT INTO webshop.characteristics (CharacteristicID, CharacteristicTypeID, Value, ProductID) VALUES (1229, 4, "VGA DVI HDMI", 64);
INSERT INTO webshop.characteristics (CharacteristicID, CharacteristicTypeID, Value, ProductID) VALUES (1230, 5, "Нет", 64);
INSERT INTO webshop.characteristics (CharacteristicID, CharacteristicTypeID, Value, ProductID) VALUES (1231, 6, "1800 МГц", 64);
INSERT INTO webshop.characteristics (CharacteristicID, CharacteristicTypeID, Value, ProductID) VALUES (1232, 7, "151 x 69 x 35 мм", 64);
INSERT INTO webshop.characteristics (CharacteristicID, CharacteristicTypeID, Value, ProductID) VALUES (1233, 8, "300 Вт", 64);
INSERT INTO webshop.characteristics (CharacteristicID, CharacteristicTypeID, Value, ProductID) VALUES (1234, 9, "GeForce GT710", 64);
INSERT INTO webshop.characteristics (CharacteristicID, CharacteristicTypeID, Value, ProductID) VALUES (1235, 19, "DDR3", 64);
INSERT INTO webshop.characteristics (CharacteristicID, CharacteristicTypeID, Value, ProductID) VALUES (1236, 20, "36 месяцев", 64);
INSERT INTO webshop.characteristics (CharacteristicID, CharacteristicTypeID, Value, ProductID) VALUES (1237, 21, "1", 64);
INSERT INTO webshop.characteristics (CharacteristicID, CharacteristicTypeID, Value, ProductID) VALUES (1238, 22, "Низкопрофильная", 64);
INSERT INTO webshop.characteristics (CharacteristicID, CharacteristicTypeID, Value, ProductID) VALUES (1239, 12, "64 бит", 64);
INSERT INTO webshop.characteristics (CharacteristicID, CharacteristicTypeID, Value, ProductID) VALUES (1240, 24, "1", 64);
INSERT INTO webshop.characteristics (CharacteristicID, CharacteristicTypeID, Value, ProductID) VALUES (1241, 23, "DirectX 12, OpenGL 4.5", 64);
INSERT INTO webshop.characteristics (CharacteristicID, CharacteristicTypeID, Value, ProductID) VALUES (1242, 13, "Нет", 64);
INSERT INTO webshop.characteristics (CharacteristicID, CharacteristicTypeID, Value, ProductID) VALUES (1243, 25, "1 ГБ", 64);
INSERT INTO webshop.characteristics (CharacteristicID, CharacteristicTypeID, Value, ProductID) VALUES (1244, 26, "Радиатор", 64);
INSERT INTO webshop.images (ImageID, Url, ProductID) VALUES (361, "https://i1.rozetka.ua/goods/1653813/gigabyte_gvn_710sl_1gl_images_1653813333.jpg", 64);
INSERT INTO webshop.images (ImageID, Url, ProductID) VALUES (362, "https://i1.rozetka.ua/goods/1653813/gigabyte_gvn_710sl_1gl_images_1653813543.jpg", 64);
INSERT INTO webshop.images (ImageID, Url, ProductID) VALUES (363, "https://i1.rozetka.ua/goods/1653813/gigabyte_gvn_710sl_1gl_images_1653813844.jpg", 64);
INSERT INTO webshop.images (ImageID, Url, ProductID) VALUES (364, "https://i2.rozetka.ua/goods/1653814/gigabyte_gvn_710sl_1gl_images_1653814124.jpg", 64);
INSERT INTO webshop.comments (CommentID, Nickname, Rating, Message, Date, ProductID) VALUES (165, "Михаил Коло", 0, "Установил на старенькую материнку 8х. Пришлось добавить питания в биосе. Достоинства: Компактная Недостатки: Нет драйверов под XP", "2018-1-4", 64);
INSERT INTO webshop.comments (CommentID, Nickname, Rating, Message, Date, ProductID) VALUES (166, "Геннадий Редько", 0, "Купили для проектора с интерфейсом HDMI и кабелем 15м. Работает.", "2018-0-1", 64);
INSERT INTO webshop.comments (CommentID, Nickname, Rating, Message, Date, ProductID) VALUES (167, "George", 0, "Подойдёт под процессор Genuine Intel(R) CPU 3.00Ghz и материнку от Gigabyte Technology GA-G41MT-S2PT", "2018-0-0", 64);
-- =====================================================================
INSERT INTO webshop.products (ProductID, ProductTypeID, Title, Description, Price) VALUES (65, 6, "Gigabyte PCI-Ex GeForce GT 1030 Low Profile 2GB GDDR5 (64bit) (1227/6008) (DVI, HDMI) (GV-N1030D5-2GL)", "Производительность Реализовано с помощью новой архитектуры nVidia Pascal, Geforce GTX 10-я серия — это квантовый скачок в эффективности производительности и энергопотребления. Надежные и долговечные компоненты. При производстве карты используются дроссели и конденсаторы высокого качества, благодаря этому факту графическая карта обеспечивает выдающуюся производительность и долговечность системы. Программное обеспечение Xtreme Engine Настраивайте частоты, напряжение, режим работы вентиляторов, режим работы RGB подсветки, параметры производительности, режимы меню. Все эти настройки могут быть изменены в режиме реального времени, согласно вашим предпочтениям.", 5752);
INSERT INTO webshop.characteristics (CharacteristicID, CharacteristicTypeID, Value, ProductID) VALUES (1245, 1, "PCI-Express x16 3.0", 65);
INSERT INTO webshop.characteristics (CharacteristicID, CharacteristicTypeID, Value, ProductID) VALUES (1246, 2, "Gaming Mode: Базовая частота: 1227 МГц В режиме разгона: 1468 МГц OC Mode: Базовая частота: 1252 МГц В режиме разгона: 1506 МГц", 65);
INSERT INTO webshop.characteristics (CharacteristicID, CharacteristicTypeID, Value, ProductID) VALUES (1247, 16, "3840x2160", 65);
INSERT INTO webshop.characteristics (CharacteristicID, CharacteristicTypeID, Value, ProductID) VALUES (1248, 17, "Активная", 65);
INSERT INTO webshop.characteristics (CharacteristicID, CharacteristicTypeID, Value, ProductID) VALUES (1249, 3, "Нет", 65);
INSERT INTO webshop.characteristics (CharacteristicID, CharacteristicTypeID, Value, ProductID) VALUES (1250, 4, "DVI HDMI", 65);
INSERT INTO webshop.characteristics (CharacteristicID, CharacteristicTypeID, Value, ProductID) VALUES (1251, 5, "Нет", 65);
INSERT INTO webshop.characteristics (CharacteristicID, CharacteristicTypeID, Value, ProductID) VALUES (1252, 6, "6008 МГц", 65);
INSERT INTO webshop.characteristics (CharacteristicID, CharacteristicTypeID, Value, ProductID) VALUES (1253, 7, "149.9 x 68.9 x 14.7 мм", 65);
INSERT INTO webshop.characteristics (CharacteristicID, CharacteristicTypeID, Value, ProductID) VALUES (1254, 8, "300 Вт", 65);
INSERT INTO webshop.characteristics (CharacteristicID, CharacteristicTypeID, Value, ProductID) VALUES (1255, 9, "GeForce GT 1030", 65);
INSERT INTO webshop.characteristics (CharacteristicID, CharacteristicTypeID, Value, ProductID) VALUES (1256, 19, "GDDR5", 65);
INSERT INTO webshop.characteristics (CharacteristicID, CharacteristicTypeID, Value, ProductID) VALUES (1257, 20, "36 месяцев", 65);
INSERT INTO webshop.characteristics (CharacteristicID, CharacteristicTypeID, Value, ProductID) VALUES (1258, 21, "1", 65);
INSERT INTO webshop.characteristics (CharacteristicID, CharacteristicTypeID, Value, ProductID) VALUES (1259, 22, "Низкопрофильная", 65);
INSERT INTO webshop.characteristics (CharacteristicID, CharacteristicTypeID, Value, ProductID) VALUES (1260, 12, "64 бит", 65);
INSERT INTO webshop.characteristics (CharacteristicID, CharacteristicTypeID, Value, ProductID) VALUES (1261, 23, "DirectX 12, OpenGL 4.5", 65);
INSERT INTO webshop.characteristics (CharacteristicID, CharacteristicTypeID, Value, ProductID) VALUES (1262, 13, "Нет", 65);
INSERT INTO webshop.characteristics (CharacteristicID, CharacteristicTypeID, Value, ProductID) VALUES (1263, 25, "2 ГБ", 65);
INSERT INTO webshop.characteristics (CharacteristicID, CharacteristicTypeID, Value, ProductID) VALUES (1264, 26, "Вентилятор + Радиатор", 65);
INSERT INTO webshop.images (ImageID, Url, ProductID) VALUES (365, "https://i2.rozetka.ua/goods/2025120/gigabyte_gv_n1030d5_2gl_images_2025120562.jpg", 65);
INSERT INTO webshop.images (ImageID, Url, ProductID) VALUES (366, "https://i2.rozetka.ua/goods/2025120/gigabyte_gv_n1030d5_2gl_images_2025120821.jpg", 65);
INSERT INTO webshop.images (ImageID, Url, ProductID) VALUES (367, "https://i2.rozetka.ua/goods/2025121/gigabyte_gv_n1030d5_2gl_images_2025121066.jpg", 65);
INSERT INTO webshop.images (ImageID, Url, ProductID) VALUES (368, "https://i1.rozetka.ua/goods/2025121/gigabyte_gv_n1030d5_2gl_images_2025121255.jpg", 65);
INSERT INTO webshop.comments (CommentID, Nickname, Rating, Message, Date, ProductID) VALUES (168, "Саня Семенюк", 0, "Какой у нее интерфейс?", "2018-1-4", 65);
INSERT INTO webshop.comments (CommentID, Nickname, Rating, Message, Date, ProductID) VALUES (169, "Bogdan", 0, "подойдет ли к этой мп https://hard.rozetka.com.ua/34524/p34524/ ??", "2018-1-3", 65);
INSERT INTO webshop.comments (CommentID, Nickname, Rating, Message, Date, ProductID) VALUES (170, "ника нету", 0, "Какую лучше выбрать для игр в общем ? Gigabyte GeForce GT 1030”/Asus GeForce GT 1030 Phoenix”/Gigabyte GeForce GT 1030 Low Profile”/MSI GeForce GT 1030 Aero ITX?", "2018-1-3", 65);
-- =====================================================================
INSERT INTO webshop.products (ProductID, ProductTypeID, Title, Description, Price) VALUES (66, 6, "Gigabyte PCI-Ex GeForce GT 1030 OC 2GB GDDR5 (64bit) (1265/6008) (DVI, HDMI) (GV-N1030OC-2GI)", "Специально разработанный кулер Специально сконструированный 80 мм вентилятор с алюминиевым основанием обеспечивает эффективное тепловыделение для более высокой производительности при низких температурах. Ультрапрочные компоненты Эта видеокарта содержит высококачественные дроссели и конденсаторы, что обеспечивает невероятную производительность и долгий срок службы системы. Четкое видео Оборудованная одним DVI-D и одним позолоченным портом HDMI, карта дает возможность плавного просмотра видео в формате 4K.", 6657);
INSERT INTO webshop.characteristics (CharacteristicID, CharacteristicTypeID, Value, ProductID) VALUES (1265, 1, "PCI-Express x16 3.0", 66);
INSERT INTO webshop.characteristics (CharacteristicID, CharacteristicTypeID, Value, ProductID) VALUES (1266, 2, "Gaming Mode: Базовая частота: 1265 МГц В режиме разгона: 1518 МГц OC Mode: Базовая частота: 1290 МГц В режиме разгона: 1544 МГц", 66);
INSERT INTO webshop.characteristics (CharacteristicID, CharacteristicTypeID, Value, ProductID) VALUES (1267, 16, "4096x2160", 66);
INSERT INTO webshop.characteristics (CharacteristicID, CharacteristicTypeID, Value, ProductID) VALUES (1268, 17, "Активная", 66);
INSERT INTO webshop.characteristics (CharacteristicID, CharacteristicTypeID, Value, ProductID) VALUES (1269, 3, "Нет", 66);
INSERT INTO webshop.characteristics (CharacteristicID, CharacteristicTypeID, Value, ProductID) VALUES (1270, 4, "DVI HDMI", 66);
INSERT INTO webshop.characteristics (CharacteristicID, CharacteristicTypeID, Value, ProductID) VALUES (1271, 5, "Нет", 66);
INSERT INTO webshop.characteristics (CharacteristicID, CharacteristicTypeID, Value, ProductID) VALUES (1272, 6, "6008 МГц", 66);
INSERT INTO webshop.characteristics (CharacteristicID, CharacteristicTypeID, Value, ProductID) VALUES (1273, 7, "167.7 x 111.2 x 26.8 мм", 66);
INSERT INTO webshop.characteristics (CharacteristicID, CharacteristicTypeID, Value, ProductID) VALUES (1274, 8, "300 Вт", 66);
INSERT INTO webshop.characteristics (CharacteristicID, CharacteristicTypeID, Value, ProductID) VALUES (1275, 9, "GeForce GT 1030", 66);
INSERT INTO webshop.characteristics (CharacteristicID, CharacteristicTypeID, Value, ProductID) VALUES (1276, 19, "GDDR5", 66);
INSERT INTO webshop.characteristics (CharacteristicID, CharacteristicTypeID, Value, ProductID) VALUES (1277, 20, "36 месяцев", 66);
INSERT INTO webshop.characteristics (CharacteristicID, CharacteristicTypeID, Value, ProductID) VALUES (1278, 21, "1", 66);
INSERT INTO webshop.characteristics (CharacteristicID, CharacteristicTypeID, Value, ProductID) VALUES (1279, 22, "Мини", 66);
INSERT INTO webshop.characteristics (CharacteristicID, CharacteristicTypeID, Value, ProductID) VALUES (1280, 12, "64 бит", 66);
INSERT INTO webshop.characteristics (CharacteristicID, CharacteristicTypeID, Value, ProductID) VALUES (1281, 23, "DirectX 12, OpenGL 4.5", 66);
INSERT INTO webshop.characteristics (CharacteristicID, CharacteristicTypeID, Value, ProductID) VALUES (1282, 13, "Нет", 66);
INSERT INTO webshop.characteristics (CharacteristicID, CharacteristicTypeID, Value, ProductID) VALUES (1283, 25, "2 ГБ", 66);
INSERT INTO webshop.characteristics (CharacteristicID, CharacteristicTypeID, Value, ProductID) VALUES (1284, 26, "Вентилятор + радиатор", 66);
INSERT INTO webshop.images (ImageID, Url, ProductID) VALUES (369, "https://i1.rozetka.ua/goods/2160774/gigabyte_gv_n1030oc_2gi_images_2160774323.jpg", 66);
INSERT INTO webshop.images (ImageID, Url, ProductID) VALUES (370, "https://i2.rozetka.ua/goods/2160774/gigabyte_gv_n1030oc_2gi_images_2160774435.jpg", 66);
INSERT INTO webshop.images (ImageID, Url, ProductID) VALUES (371, "https://i1.rozetka.ua/goods/2160774/gigabyte_gv_n1030oc_2gi_images_2160774526.jpg", 66);
INSERT INTO webshop.images (ImageID, Url, ProductID) VALUES (372, "https://i2.rozetka.ua/goods/2160774/gigabyte_gv_n1030oc_2gi_images_2160774617.jpg", 66);
INSERT INTO webshop.comments (CommentID, Nickname, Rating, Message, Date, ProductID) VALUES (171, "Андрей", 5, "Какой тут тип разьема под блок питания ? Достоинства: лучшая бюджетная видеокарта Недостатки: за такие деньги их нет", "2018-1-1", 66);
INSERT INTO webshop.comments (CommentID, Nickname, Rating, Message, Date, ProductID) VALUES (172, "Mad Dex", 0, "Пойдёт ли Материнская плата Asus H110M-K (s1151, Intel H110, PCI-Ex16)", "2018-1-4", 66);
INSERT INTO webshop.comments (CommentID, Nickname, Rating, Message, Date, ProductID) VALUES (173, "Артур Адамович", 0, "Підійде до процесора AMD atholon(tm)2 X4 640", "2018-1-4", 66);
-- =====================================================================
INSERT INTO webshop.products (ProductID, ProductTypeID, Title, Description, Price) VALUES (67, 6, "Gigabyte PCI-Ex GeForce GT 1030 Silent Low Profile 2GB GDDR5 (64bit) (1227/6008) (DVI, HDMI) (GV-N1030SL-2GL)", "Производительность Реализовано с помощью новой архитектуры nVidia Pascal, Geforce GTX 10-я серия — это квантовый скачок в эффективности производительности и энергопотребления. Надежные и долговечные компоненты. При производстве карты используются дроссели и конденсаторы высокого качества, благодаря этому факту графическая карта обеспечивает выдающуюся производительность и долговечность системы. Программное обеспечение Xtreme Engine Настраивайте частоты, напряжение, режим работы вентиляторов, режим работы RGB подсветки, параметры производительности, режимы меню. Все эти настройки могут быть изменены в режиме реального времени, согласно вашим предпочтениям.", 13733);
INSERT INTO webshop.characteristics (CharacteristicID, CharacteristicTypeID, Value, ProductID) VALUES (1285, 1, "PCI-Express x16 3.0", 67);
INSERT INTO webshop.characteristics (CharacteristicID, CharacteristicTypeID, Value, ProductID) VALUES (1286, 2, "Gaming Mode: Базовая частота: 1227 МГц В режиме разгона: 1468 МГц OC Mode: Базовая частота: 1252 МГц В режиме разгона: 1506 МГц", 67);
INSERT INTO webshop.characteristics (CharacteristicID, CharacteristicTypeID, Value, ProductID) VALUES (1287, 16, "3840x2160", 67);
INSERT INTO webshop.characteristics (CharacteristicID, CharacteristicTypeID, Value, ProductID) VALUES (1288, 17, "Пассивная", 67);
INSERT INTO webshop.characteristics (CharacteristicID, CharacteristicTypeID, Value, ProductID) VALUES (1289, 3, "Нет", 67);
INSERT INTO webshop.characteristics (CharacteristicID, CharacteristicTypeID, Value, ProductID) VALUES (1290, 4, "DVI HDMI", 67);
INSERT INTO webshop.characteristics (CharacteristicID, CharacteristicTypeID, Value, ProductID) VALUES (1291, 5, "Нет", 67);
INSERT INTO webshop.characteristics (CharacteristicID, CharacteristicTypeID, Value, ProductID) VALUES (1292, 6, "6008 МГц", 67);
INSERT INTO webshop.characteristics (CharacteristicID, CharacteristicTypeID, Value, ProductID) VALUES (1293, 7, "149.9 x 68.9 x 14.7 мм", 67);
INSERT INTO webshop.characteristics (CharacteristicID, CharacteristicTypeID, Value, ProductID) VALUES (1294, 8, "300 Вт", 67);
INSERT INTO webshop.characteristics (CharacteristicID, CharacteristicTypeID, Value, ProductID) VALUES (1295, 9, "GeForce GT 1030", 67);
INSERT INTO webshop.characteristics (CharacteristicID, CharacteristicTypeID, Value, ProductID) VALUES (1296, 19, "GDDR5", 67);
INSERT INTO webshop.characteristics (CharacteristicID, CharacteristicTypeID, Value, ProductID) VALUES (1297, 20, "36 месяцев", 67);
INSERT INTO webshop.characteristics (CharacteristicID, CharacteristicTypeID, Value, ProductID) VALUES (1298, 21, "1", 67);
INSERT INTO webshop.characteristics (CharacteristicID, CharacteristicTypeID, Value, ProductID) VALUES (1299, 22, "Низкопрофильная", 67);
INSERT INTO webshop.characteristics (CharacteristicID, CharacteristicTypeID, Value, ProductID) VALUES (1300, 12, "64 бит", 67);
INSERT INTO webshop.characteristics (CharacteristicID, CharacteristicTypeID, Value, ProductID) VALUES (1301, 23, "DirectX 12, OpenGL 4.5", 67);
INSERT INTO webshop.characteristics (CharacteristicID, CharacteristicTypeID, Value, ProductID) VALUES (1302, 13, "Нет", 67);
INSERT INTO webshop.characteristics (CharacteristicID, CharacteristicTypeID, Value, ProductID) VALUES (1303, 25, "2 ГБ", 67);
INSERT INTO webshop.characteristics (CharacteristicID, CharacteristicTypeID, Value, ProductID) VALUES (1304, 26, "Радиатор", 67);
INSERT INTO webshop.images (ImageID, Url, ProductID) VALUES (373, "https://i1.rozetka.ua/goods/2025145/gigabyte_gv_n1030sl_2gl_images_2025145419.jpg", 67);
INSERT INTO webshop.images (ImageID, Url, ProductID) VALUES (374, "https://i2.rozetka.ua/goods/2025145/gigabyte_gv_n1030sl_2gl_images_2025145734.jpg", 67);
INSERT INTO webshop.images (ImageID, Url, ProductID) VALUES (375, "https://i2.rozetka.ua/goods/2025146/gigabyte_gv_n1030sl_2gl_images_2025146077.jpg", 67);
INSERT INTO webshop.images (ImageID, Url, ProductID) VALUES (376, "https://i2.rozetka.ua/goods/2025146/gigabyte_gv_n1030sl_2gl_images_2025146287.jpg", 67);
INSERT INTO webshop.comments (CommentID, Nickname, Rating, Message, Date, ProductID) VALUES (174, "Віталій", 0, "Скажите оценку в каких нибуть попугаях. Занижена ли производительность по сравнению с такими же чипами на активном охлаждении?", "2017-11-6", 67);
INSERT INTO webshop.comments (CommentID, Nickname, Rating, Message, Date, ProductID) VALUES (175, "Сергей", 0, "Нормальная видяха для не крутых игр. Не перегревается, тихая......Так тихо через неделю и сдохла.;( Периодически появляются ”артефакты”... жаль. Теперь возни с гарантией.", "2017-11-5", 67);
INSERT INTO webshop.comments (CommentID, Nickname, Rating, Message, Date, ProductID) VALUES (176, "Ганенко Олександр", 5, "ще не провирав!", "2017-10-2", 67);
-- =====================================================================
INSERT INTO webshop.products (ProductID, ProductTypeID, Title, Description, Price) VALUES (68, 6, "Gigabyte PCI-Ex GeForce GTX 1050 D5 2GB GDDR5 (128bit) (1354/7008) (DVI, HDMI, DisplayPort) (GV-N1050D5-2GD)", "Видеокарта Gigabyte GTX 1050 D5 создана, чтобы удовлетворить требования опытных игроков, основана на решении nVidia, архитектура GPU — Pascal. Будьте готовы к игровым сражениям с Geforce GTX Geforce GTX обеспечивает самую высокую производительность, добавляя продвинутые игровые технологии (NVIDIA GameWorks) и саму продвинутую игровую экосистему (GeForce Experience). Производительность Реализовано с помощью новой архитектуры nVidia Pascal, Geforce GTX 10-я серия — это квантовый скачок в эффективности производительности и энергопотребления. Система охлаждения Система охлаждения оснащена вентилятором 90 мм с уникальным дизайном лопасте и алюминиевым радиатором. Это позволяет получить эффективный уровень теплорассеивания для высокопроизводительной системы с низкой температурой. Уникальный дизайн лопастей вентилятора Воздушный поток эффективно отводится от радиатора с помощью вентилятора, лопасти которого, имеют специальные насечки и форму. Благодаря этим характеристикам удается достичь высокого уровня отвода тепла, при высоких нагрузках и низкой температуре. Тесты показали эффективность выше на 23%. Разгон в одно нажатие Одним простым действием в программном обеспечении Xtreme Engine, игроки могут легко настроить карту таким образом, чтобы удовлетворить различные игровые требования без специальных знаний. Надежные и долговечные компоненты. При производстве карты используются дроссели и конденсаторы высокого качества, благодаря этому факту графическая карта обеспечивает выдающуюся производительность и долговечность системы. Программное обеспечение Xtreme Engine Настраивайте частоты, напряжение, режим работы вентиляторов, режим работы RGB подсветки, параметры производительности, режимы меню. Все эти настройки могут быть изменены в режиме реального времени, согласно вашим предпочтениям.", 1771);
INSERT INTO webshop.characteristics (CharacteristicID, CharacteristicTypeID, Value, ProductID) VALUES (1305, 1, "PCI-Express x16 3.0", 68);
INSERT INTO webshop.characteristics (CharacteristicID, CharacteristicTypeID, Value, ProductID) VALUES (1306, 2, "Gaming Mode: Базовая частота: 1354 МГц В режиме разгона: 1455 МГц OC Mode: Базовая частота: 1379 МГц В режиме разгона: 1493 МГц", 68);
INSERT INTO webshop.characteristics (CharacteristicID, CharacteristicTypeID, Value, ProductID) VALUES (1307, 16, "7680x4320", 68);
INSERT INTO webshop.characteristics (CharacteristicID, CharacteristicTypeID, Value, ProductID) VALUES (1308, 17, "Активная", 68);
INSERT INTO webshop.characteristics (CharacteristicID, CharacteristicTypeID, Value, ProductID) VALUES (1309, 3, "Нет", 68);
INSERT INTO webshop.characteristics (CharacteristicID, CharacteristicTypeID, Value, ProductID) VALUES (1310, 4, "DVI DisplayPort HDMI", 68);
INSERT INTO webshop.characteristics (CharacteristicID, CharacteristicTypeID, Value, ProductID) VALUES (1311, 5, "Нет", 68);
INSERT INTO webshop.characteristics (CharacteristicID, CharacteristicTypeID, Value, ProductID) VALUES (1312, 6, "7008 МГц", 68);
INSERT INTO webshop.characteristics (CharacteristicID, CharacteristicTypeID, Value, ProductID) VALUES (1313, 7, "172 x 113 x 30 мм", 68);
INSERT INTO webshop.characteristics (CharacteristicID, CharacteristicTypeID, Value, ProductID) VALUES (1314, 8, "300 Вт", 68);
INSERT INTO webshop.characteristics (CharacteristicID, CharacteristicTypeID, Value, ProductID) VALUES (1315, 9, "GeForce GTX 1050", 68);
INSERT INTO webshop.characteristics (CharacteristicID, CharacteristicTypeID, Value, ProductID) VALUES (1316, 19, "GDDR5", 68);
INSERT INTO webshop.characteristics (CharacteristicID, CharacteristicTypeID, Value, ProductID) VALUES (1317, 20, "36 месяцев", 68);
INSERT INTO webshop.characteristics (CharacteristicID, CharacteristicTypeID, Value, ProductID) VALUES (1318, 21, "1", 68);
INSERT INTO webshop.characteristics (CharacteristicID, CharacteristicTypeID, Value, ProductID) VALUES (1319, 22, "Мини", 68);
INSERT INTO webshop.characteristics (CharacteristicID, CharacteristicTypeID, Value, ProductID) VALUES (1320, 12, "128 бит", 68);
INSERT INTO webshop.characteristics (CharacteristicID, CharacteristicTypeID, Value, ProductID) VALUES (1321, 23, "DirectX 12, OpenGL 4.5", 68);
INSERT INTO webshop.characteristics (CharacteristicID, CharacteristicTypeID, Value, ProductID) VALUES (1322, 13, "Нет", 68);
INSERT INTO webshop.characteristics (CharacteristicID, CharacteristicTypeID, Value, ProductID) VALUES (1323, 25, "2 ГБ", 68);
INSERT INTO webshop.characteristics (CharacteristicID, CharacteristicTypeID, Value, ProductID) VALUES (1324, 26, "Вентилятор + радиатор", 68);
INSERT INTO webshop.images (ImageID, Url, ProductID) VALUES (377, "https://i2.rozetka.ua/goods/1784796/copy_gigabyte_gv_n105td5_4gd_582f153061b0d_images_1784796022.jpg", 68);
INSERT INTO webshop.images (ImageID, Url, ProductID) VALUES (378, "https://i2.rozetka.ua/goods/1784796/copy_gigabyte_gv_n105td5_4gd_582f153061b0d_images_1784796113.jpg", 68);
INSERT INTO webshop.images (ImageID, Url, ProductID) VALUES (379, "https://i2.rozetka.ua/goods/1784796/copy_gigabyte_gv_n105td5_4gd_582f153061b0d_images_1784796204.jpg", 68);
INSERT INTO webshop.images (ImageID, Url, ProductID) VALUES (380, "https://i1.rozetka.ua/goods/1784797/gigabyte_gv_n1050d5_2gd_images_1784797114.jpg", 68);
INSERT INTO webshop.comments (CommentID, Nickname, Rating, Message, Date, ProductID) VALUES (177, "Ярослав", 0, "Это нормально что вентилятор в авторежиме при температуре 60 градусов стартует на 2 секунды шумновато, или это брак у кого такая видеокарта отпишитесь", "2018-1-1", 68);
INSERT INTO webshop.comments (CommentID, Nickname, Rating, Message, Date, ProductID) VALUES (178, "Артур Адамович", 0, "AMD Athlon II X4-640 підійде?", "2018-1-4", 68);
INSERT INTO webshop.comments (CommentID, Nickname, Rating, Message, Date, ProductID) VALUES (179, "Владислав", 0, "Подойдет ли данная видеокарта к процессору i3 2100?", "2018-1-4", 68);
-- =====================================================================
INSERT INTO webshop.products (ProductID, ProductTypeID, Title, Description, Price) VALUES (69, 6, "Gigabyte PCI-Ex GeForce GTX 1050 G1 Gaming 2GB GDDR5 (128bit) (1417/7008) (DVI, 3 x HDMI, DisplayPort) (GV-N1050G1 GAMING-2GD)", "Видеокарта Gigabyte G1 Gaming создана, чтобы удовлетворить требования опытных игроков, основана на решении nVidia, архитектура GPU — Pascal. Будьте готовы к игровым сражениям с Geforce GTX Geforce GTX обеспечивает самую высокую производительность, добавляя продвинутые игровые технологии (NVIDIA GameWorks) и саму продвинутую игровую экосистему (GeForce Experience). Производительность Реализовано с помощью новой архитектуры nVidia Pascal, Geforce GTX 10-я серия — это квантовый скачок в эффективности производительности и энергопотребления. Windforce 2X Cooling System Система охлаждения Windforce 2X оснащена двумя вентиляторами 90 мм с уникальным дизайном лопастей, двумя медными композитными теплотрубками, технологией прямого контакта. Все это позволяет получить эффективный уровень теплорассеивания для высокопроизводительной системы с низкой температурой. Разнонаправленное вращение вентиляторов Воздушный поток оптимизирован с помощью разнонаправленного вращения вентиляторов, которое позволяет уменьшить турбулентность и эффективно отводить тепло. Уникальный дизайн лопастей вентилятора Воздушный поток эффективно отводится от радиатора с помощью вентиляторов, лопасти которых, имеют специальные насечки и форму. Благодаря этим характеристикам удается достичь высокого уровня отвода тепла, при высоких нагрузках и низкой температуре. Тесты показали эффективность выше на 23%. Медные композитные трубки Композитные медные трубки сочетают в себе два важных аспекта теплопереноса и способности забирать тепло из зоны прямого контакта. Таким образом повышается эффективность охлаждения на 29%. Прямой контакт теплоотводящих трубок Медные трубки имеют прямую зону соприкосновения с графическим процессором. Стильная металлическая пластина (Бэкплейт) Металлическая задняя пластина усиливает конструкцию видеокарты, защищает элементную базу от внешнего механического воздействия и повреждений. Разгон в одно нажатие Одним простым действием в программном обеспечении Xtreme Engine, игроки могут легко настроить карту таким образом, чтобы удовлетворить различные игровые требования без специальных знаний. Технология отбора чипов. GPU Gauntlet Sorting При производстве серии G1 Gaming используются отобранные и первоклассные графические процессоры, которые позволяют достичь высокий разгонный потенциал, высокие характеристики переключения мощности. Это все обеспечивает высокую производительность без ущерба для надежности системы. Надежные и долговечные компоненты. При производстве карты используются дроссели и конденсаторы высокого качества, благодаря этому факту графическая карта обеспечивает выдающуюся производительность и долговечность системы. Программное обеспечение Xtreme Engine Настраивайте частоты, напряжение, режим работы вентиляторов, режим работы RGB подсветки, параметры производительности, режимы меню. Все эти настройки могут быть изменены в режиме реального времени, согласно вашим предпочтениям.", 12478);
INSERT INTO webshop.characteristics (CharacteristicID, CharacteristicTypeID, Value, ProductID) VALUES (1325, 1, "PCI-Express x16 3.0", 69);
INSERT INTO webshop.characteristics (CharacteristicID, CharacteristicTypeID, Value, ProductID) VALUES (1326, 2, "Gaming Mode: Базовая частота: 1417 МГц В режиме разгона: 1531 МГц OC Mode: Базовая частота: 1442 МГц В режиме разгона: 1556 МГц", 69);
INSERT INTO webshop.characteristics (CharacteristicID, CharacteristicTypeID, Value, ProductID) VALUES (1327, 16, "7680x4320", 69);
INSERT INTO webshop.characteristics (CharacteristicID, CharacteristicTypeID, Value, ProductID) VALUES (1328, 17, "Активная", 69);
INSERT INTO webshop.characteristics (CharacteristicID, CharacteristicTypeID, Value, ProductID) VALUES (1329, 3, "6 pin", 69);
INSERT INTO webshop.characteristics (CharacteristicID, CharacteristicTypeID, Value, ProductID) VALUES (1330, 4, "DVI DisplayPort HDMI", 69);
INSERT INTO webshop.characteristics (CharacteristicID, CharacteristicTypeID, Value, ProductID) VALUES (1331, 5, "Нет", 69);
INSERT INTO webshop.characteristics (CharacteristicID, CharacteristicTypeID, Value, ProductID) VALUES (1332, 6, "7008 МГц", 69);
INSERT INTO webshop.characteristics (CharacteristicID, CharacteristicTypeID, Value, ProductID) VALUES (1333, 7, "219 x 118 x 40 мм", 69);
INSERT INTO webshop.characteristics (CharacteristicID, CharacteristicTypeID, Value, ProductID) VALUES (1334, 8, "300 Вт", 69);
INSERT INTO webshop.characteristics (CharacteristicID, CharacteristicTypeID, Value, ProductID) VALUES (1335, 9, "GeForce GTX 1050", 69);
INSERT INTO webshop.characteristics (CharacteristicID, CharacteristicTypeID, Value, ProductID) VALUES (1336, 19, "GDDR5", 69);
INSERT INTO webshop.characteristics (CharacteristicID, CharacteristicTypeID, Value, ProductID) VALUES (1337, 20, "36 месяцев", 69);
INSERT INTO webshop.characteristics (CharacteristicID, CharacteristicTypeID, Value, ProductID) VALUES (1338, 21, "1", 69);
INSERT INTO webshop.characteristics (CharacteristicID, CharacteristicTypeID, Value, ProductID) VALUES (1339, 22, "Стандартная", 69);
INSERT INTO webshop.characteristics (CharacteristicID, CharacteristicTypeID, Value, ProductID) VALUES (1340, 12, "128 бит", 69);
INSERT INTO webshop.characteristics (CharacteristicID, CharacteristicTypeID, Value, ProductID) VALUES (1341, 23, "DirectX 12, OpenGL 4.5", 69);
INSERT INTO webshop.characteristics (CharacteristicID, CharacteristicTypeID, Value, ProductID) VALUES (1342, 13, "Нет", 69);
INSERT INTO webshop.characteristics (CharacteristicID, CharacteristicTypeID, Value, ProductID) VALUES (1343, 25, "2 ГБ", 69);
INSERT INTO webshop.characteristics (CharacteristicID, CharacteristicTypeID, Value, ProductID) VALUES (1344, 26, "Windforce 2X", 69);
INSERT INTO webshop.images (ImageID, Url, ProductID) VALUES (381, "https://i2.rozetka.ua/goods/1884916/copy_gigabyte_gv_n105tg1_gaming_4gd_58cab9dbee20d_images_1884916100.jpg", 69);
INSERT INTO webshop.images (ImageID, Url, ProductID) VALUES (382, "https://i1.rozetka.ua/goods/1884916/copy_gigabyte_gv_n105tg1_gaming_4gd_58cab9dbee20d_images_1884916232.jpg", 69);
INSERT INTO webshop.images (ImageID, Url, ProductID) VALUES (383, "https://i1.rozetka.ua/goods/1884916/copy_gigabyte_gv_n105tg1_gaming_4gd_58cab9dbee20d_images_1884916376.jpg", 69);
INSERT INTO webshop.images (ImageID, Url, ProductID) VALUES (384, "https://i2.rozetka.ua/goods/1884916/copy_gigabyte_gv_n105tg1_gaming_4gd_58cab9dbee20d_images_1884916484.jpg", 69);
INSERT INTO webshop.images (ImageID, Url, ProductID) VALUES (385, "https://i2.rozetka.ua/goods/1884916/copy_gigabyte_gv_n105tg1_gaming_4gd_58cab9dbee20d_images_1884916598.jpg", 69);
INSERT INTO webshop.comments (CommentID, Nickname, Rating, Message, Date, ProductID) VALUES (180, "TheBrainLaint", 0, "И такой моник закозать хочу, подойдёт? HDMI ПОДХОДИТ! Монитор 21.5” Asus VS228NE Подробнее: https://hard.rozetka.com.ua/asus_vs228ne/p327750/", "2018-1-1", 69);
INSERT INTO webshop.comments (CommentID, Nickname, Rating, Message, Date, ProductID) VALUES (181, "TheBrainLaint", 5, "Катаю в ютубе, в майн)))) Видеокарта топ, с шейдерами 60 фпс, без, 500 фпс, с пентаком g4560, дружат хорошо, советую брать!!!!!!", "2018-1-1", 69);
INSERT INTO webshop.comments (CommentID, Nickname, Rating, Message, Date, ProductID) VALUES (182, "Гость", 0, "А на метеринку x556UQK пойдет? (Процесор і5 7200U", "2018-1-3", 69);
-- =====================================================================
INSERT INTO webshop.products (ProductID, ProductTypeID, Title, Description, Price) VALUES (70, 6, "Gigabyte PCI-Ex GeForce GTX 1050 OC 2GB GDDR5 (128bit) (1379/7008) (DVI, HDMI, DisplayPort) (GV-N1050OC-2GD)", "Видеокарта Gigabyte GTX 1050 OC создана, чтобы удовлетворить требования опытных игроков, основана на решении nVidia, архитектура GPU — Pascal. Будьте готовы к игровым сражениям с Geforce GTX Geforce GTX обеспечивает самую высокую производительность, добавляя продвинутые игровые технологии (NVIDIA GameWorks) и саму продвинутую игровую экосистему (GeForce Experience). Производительность Реализовано с помощью новой архитектуры nVidia Pascal, Geforce GTX 10-я серия — это квантовый скачок в эффективности производительности и энергопотребления. Windforce 2X Cooling System Система охлаждения Windforce 2X оснащена двумя вентиляторами 80 мм с уникальным дизайном лопастей. Это позволяет получить эффективный уровень теплорассеивания для высокопроизводительной системы с низкой температурой. Разнонаправленное вращение вентиляторов Воздушный поток оптимизирован с помощью разнонаправленного вращения вентиляторов, которое позволяет уменьшить турбулентность и эффективно отводить тепло. Уникальный дизайн лопастей вентилятора Воздушный поток эффективно отводится от радиатора с помощью вентиляторов, лопасти которых, имеют специальные насечки и форму. Благодаря этим характеристикам удается достичь высокого уровня отвода тепла, при высоких нагрузках и низкой температуре. Тесты показали эффективность выше на 23%. Разгон в одно нажатие Одним простым действием в программном обеспечении Xtreme Engine, игроки могут легко настроить карту таким образом, чтобы удовлетворить различные игровые требования без специальных знаний. Надежные и долговечные компоненты. При производстве карты используются дроссели и конденсаторы высокого качества, благодаря этому факту графическая карта обеспечивает выдающуюся производительность и долговечность системы. Программное обеспечение Xtreme Engine Настраивайте частоты, напряжение, режим работы вентиляторов, режим работы RGB подсветки, параметры производительности, режимы меню. Все эти настройки могут быть изменены в режиме реального времени, согласно вашим предпочтениям.", 17958);
INSERT INTO webshop.characteristics (CharacteristicID, CharacteristicTypeID, Value, ProductID) VALUES (1345, 1, "PCI-Express x16 3.0", 70);
INSERT INTO webshop.characteristics (CharacteristicID, CharacteristicTypeID, Value, ProductID) VALUES (1346, 2, "Gaming Mode: Базовая частота: 1379 МГц В режиме разгона: 1493 МГц OC Mode: Базовая частота: 1404 МГц В режиме разгона: 1518 МГц", 70);
INSERT INTO webshop.characteristics (CharacteristicID, CharacteristicTypeID, Value, ProductID) VALUES (1347, 16, "7680x4320", 70);
INSERT INTO webshop.characteristics (CharacteristicID, CharacteristicTypeID, Value, ProductID) VALUES (1348, 17, "Активная", 70);
INSERT INTO webshop.characteristics (CharacteristicID, CharacteristicTypeID, Value, ProductID) VALUES (1349, 3, "Нет", 70);
INSERT INTO webshop.characteristics (CharacteristicID, CharacteristicTypeID, Value, ProductID) VALUES (1350, 4, "DVI DisplayPort HDMI", 70);
INSERT INTO webshop.characteristics (CharacteristicID, CharacteristicTypeID, Value, ProductID) VALUES (1351, 5, "Нет", 70);
INSERT INTO webshop.characteristics (CharacteristicID, CharacteristicTypeID, Value, ProductID) VALUES (1352, 6, "7008 МГц", 70);
INSERT INTO webshop.characteristics (CharacteristicID, CharacteristicTypeID, Value, ProductID) VALUES (1353, 7, "191 x 111 x 36 мм", 70);
INSERT INTO webshop.characteristics (CharacteristicID, CharacteristicTypeID, Value, ProductID) VALUES (1354, 8, "300 Вт", 70);
INSERT INTO webshop.characteristics (CharacteristicID, CharacteristicTypeID, Value, ProductID) VALUES (1355, 9, "GeForce GTX 1050", 70);
INSERT INTO webshop.characteristics (CharacteristicID, CharacteristicTypeID, Value, ProductID) VALUES (1356, 19, "GDDR5", 70);
INSERT INTO webshop.characteristics (CharacteristicID, CharacteristicTypeID, Value, ProductID) VALUES (1357, 20, "36 месяцев", 70);
INSERT INTO webshop.characteristics (CharacteristicID, CharacteristicTypeID, Value, ProductID) VALUES (1358, 21, "1", 70);
INSERT INTO webshop.characteristics (CharacteristicID, CharacteristicTypeID, Value, ProductID) VALUES (1359, 22, "Стандартная", 70);
INSERT INTO webshop.characteristics (CharacteristicID, CharacteristicTypeID, Value, ProductID) VALUES (1360, 12, "128 бит", 70);
INSERT INTO webshop.characteristics (CharacteristicID, CharacteristicTypeID, Value, ProductID) VALUES (1361, 23, "DirectX 12, OpenGL 4.5", 70);
INSERT INTO webshop.characteristics (CharacteristicID, CharacteristicTypeID, Value, ProductID) VALUES (1362, 13, "Нет", 70);
INSERT INTO webshop.characteristics (CharacteristicID, CharacteristicTypeID, Value, ProductID) VALUES (1363, 25, "2 ГБ", 70);
INSERT INTO webshop.characteristics (CharacteristicID, CharacteristicTypeID, Value, ProductID) VALUES (1364, 26, "Windforce 2X", 70);
INSERT INTO webshop.images (ImageID, Url, ProductID) VALUES (386, "https://i2.rozetka.ua/goods/1784788/copy_gigabyte_gv_n105toc_4gd_582f110d3d1cd_images_1784788140.jpg", 70);
INSERT INTO webshop.images (ImageID, Url, ProductID) VALUES (387, "https://i2.rozetka.ua/goods/1784788/copy_gigabyte_gv_n105toc_4gd_582f110d3d1cd_images_1784788315.jpg", 70);
INSERT INTO webshop.images (ImageID, Url, ProductID) VALUES (388, "https://i1.rozetka.ua/goods/1784788/copy_gigabyte_gv_n105toc_4gd_582f110d3d1cd_images_1784788476.jpg", 70);
INSERT INTO webshop.images (ImageID, Url, ProductID) VALUES (389, "https://i2.rozetka.ua/goods/1784788/copy_gigabyte_gv_n105toc_4gd_582f110d3d1cd_images_1784788567.jpg", 70);
INSERT INTO webshop.images (ImageID, Url, ProductID) VALUES (390, "https://i2.rozetka.ua/goods/1784790/gigabyte_gv_n1050oc_2gd_images_1784790569.jpg", 70);
INSERT INTO webshop.comments (CommentID, Nickname, Rating, Message, Date, ProductID) VALUES (183, "Евгений", 0, "Здравствуйте подскажите подойдет ли эта карточка к материнки ASRock N68 GS4 R2.0, и сможет ли ее раскрыть процесор FX-6350?", "2018-1-1", 70);
INSERT INTO webshop.comments (CommentID, Nickname, Rating, Message, Date, ProductID) VALUES (184, "Александр Сотников", 0, "Доволен. Температура в простое 28 градусов. (20 в комнате) Пробовал на тяжёлых модах Сталкера при высоких настройках, в основном кулер не работает, включался пару раз, при достижении 60 градусов и тут же выключался. Достоинства: Тихая, малое энергопотребление. Полностью справляется со своими задачами. Недостатки: Не обнаружил.", "2018-1-4", 70);
INSERT INTO webshop.comments (CommentID, Nickname, Rating, Message, Date, ProductID) VALUES (185, "Илья", 0, "Раскроет ли ее проц i5 3300 на 3 герца? Достоинства: - Недостатки: -", "2018-1-4", 70);
-- =====================================================================
INSERT INTO webshop.products (ProductID, ProductTypeID, Title, Description, Price) VALUES (71, 6, "Gigabyte PCI-Ex GeForce GTX 1050 Windforce OC 2GB GDDR5 (128bit) (1392/7008) (DVI, 3 x HDMI, DisplayPort) (GV-N1050WF2OC-2GD)", "Видеокарта Gigabyte GTX 1050 Windforce OC создана, чтобы удовлетворить требования опытных игроков, основана на решении nVidia, архитектура GPU — Pascal. Будьте готовы к игровым сражениям с Geforce GTX Geforce GTX обеспечивает самую высокую производительность, добавляя продвинутые игровые технологии (NVIDIA GameWorks) и саму продвинутую игровую экосистему (GeForce Experience). Производительность Реализовано с помощью новой архитектуры nVidia Pascal, Geforce GTX 10-я серия — это квантовый скачок в эффективности производительности и энергопотребления. Windforce 2X Cooling System Система охлаждения Windforce 2X оснащена двумя вентиляторами 90 мм с уникальным дизайном лопастей, двумя медными композитными теплотрубками, технологией прямого контакта. Все это позволяет получить эффективный уровень теплорассеивания для высокопроизводительной системы с низкой температурой. Разнонаправленное вращение вентиляторов Воздушный поток оптимизирован с помощью разнонаправленного вращения вентиляторов, которое позволяет уменьшить турбулентность и эффективно отводить тепло. Уникальный дизайн лопастей вентилятора Воздушный поток эффективно отводится от радиатора с помощью вентиляторов, лопасти которых, имеют специальные насечки и форму. Благодаря этим характеристикам удается достичь высокого уровня отвода тепла, при высоких нагрузках и низкой температуре. Тесты показали эффективность выше на 23%. Медные композитные трубки Композитные медные трубки сочетают в себе два важных аспекта теплопереноса и способности забирать тепло из зоны прямого контакта. Таким образом повышается эффективность охлаждения на 29%. Прямой контакт теплоотводящих трубок Медные трубки имеют прямую зону соприкосновения с графическим процессором. Стильная металлическая пластина (Бэкплейт) Металлическая задняя пластина усиливает конструкцию видеокарты, защищает элементную базу от внешнего механического воздействия и повреждений. Разгон в одно нажатие Одним простым действием в программном обеспечении Xtreme Engine, игроки могут легко настроить карту таким образом, чтобы удовлетворить различные игровые требования без специальных знаний. Надежные и долговечные компоненты. При производстве карты используются дроссели и конденсаторы высокого качества, благодаря этому факту графическая карта обеспечивает выдающуюся производительность и долговечность системы. Программное обеспечение Xtreme Engine Настраивайте частоты, напряжение, режим работы вентиляторов, режим работы RGB подсветки, параметры производительности, режимы меню. Все эти настройки могут быть изменены в режиме реального времени, согласно вашим предпочтениям.", 4671);
INSERT INTO webshop.characteristics (CharacteristicID, CharacteristicTypeID, Value, ProductID) VALUES (1365, 1, "PCI-Express x16 3.0", 71);
INSERT INTO webshop.characteristics (CharacteristicID, CharacteristicTypeID, Value, ProductID) VALUES (1366, 2, "Gaming Mode: Базовая частота: 1392 МГц В режиме разгона: 1506 МГц OC Mode: Базовая частота: 1417 МГц В режиме разгона: 1531 МГц", 71);
INSERT INTO webshop.characteristics (CharacteristicID, CharacteristicTypeID, Value, ProductID) VALUES (1367, 16, "7680x4320", 71);
INSERT INTO webshop.characteristics (CharacteristicID, CharacteristicTypeID, Value, ProductID) VALUES (1368, 17, "Активная", 71);
INSERT INTO webshop.characteristics (CharacteristicID, CharacteristicTypeID, Value, ProductID) VALUES (1369, 3, "6 pin", 71);
INSERT INTO webshop.characteristics (CharacteristicID, CharacteristicTypeID, Value, ProductID) VALUES (1370, 4, "DVI DisplayPort HDMI", 71);
INSERT INTO webshop.characteristics (CharacteristicID, CharacteristicTypeID, Value, ProductID) VALUES (1371, 5, "Нет", 71);
INSERT INTO webshop.characteristics (CharacteristicID, CharacteristicTypeID, Value, ProductID) VALUES (1372, 6, "7008 МГц", 71);
INSERT INTO webshop.characteristics (CharacteristicID, CharacteristicTypeID, Value, ProductID) VALUES (1373, 7, "229 x 118 x 40 мм", 71);
INSERT INTO webshop.characteristics (CharacteristicID, CharacteristicTypeID, Value, ProductID) VALUES (1374, 8, "300 Вт", 71);
INSERT INTO webshop.characteristics (CharacteristicID, CharacteristicTypeID, Value, ProductID) VALUES (1375, 9, "GeForce GTX 1050", 71);
INSERT INTO webshop.characteristics (CharacteristicID, CharacteristicTypeID, Value, ProductID) VALUES (1376, 19, "GDDR5", 71);
INSERT INTO webshop.characteristics (CharacteristicID, CharacteristicTypeID, Value, ProductID) VALUES (1377, 20, "36 месяцев", 71);
INSERT INTO webshop.characteristics (CharacteristicID, CharacteristicTypeID, Value, ProductID) VALUES (1378, 21, "1", 71);
INSERT INTO webshop.characteristics (CharacteristicID, CharacteristicTypeID, Value, ProductID) VALUES (1379, 22, "Стандартная", 71);
INSERT INTO webshop.characteristics (CharacteristicID, CharacteristicTypeID, Value, ProductID) VALUES (1380, 12, "128 бит", 71);
INSERT INTO webshop.characteristics (CharacteristicID, CharacteristicTypeID, Value, ProductID) VALUES (1381, 23, "DirectX 12, OpenGL 4.5", 71);
INSERT INTO webshop.characteristics (CharacteristicID, CharacteristicTypeID, Value, ProductID) VALUES (1382, 13, "Нет", 71);
INSERT INTO webshop.characteristics (CharacteristicID, CharacteristicTypeID, Value, ProductID) VALUES (1383, 25, "2 ГБ", 71);
INSERT INTO webshop.characteristics (CharacteristicID, CharacteristicTypeID, Value, ProductID) VALUES (1384, 26, "Windforce 2X", 71);
INSERT INTO webshop.images (ImageID, Url, ProductID) VALUES (391, "https://i1.rozetka.ua/goods/1784708/copy_gigabyte_gv_n105twf2oc_4gd_582f04036feb4_images_1784708690.jpg", 71);
INSERT INTO webshop.images (ImageID, Url, ProductID) VALUES (392, "https://i2.rozetka.ua/goods/1784708/copy_gigabyte_gv_n105twf2oc_4gd_582f04036feb4_images_1784708837.jpg", 71);
INSERT INTO webshop.images (ImageID, Url, ProductID) VALUES (393, "https://i1.rozetka.ua/goods/1784708/copy_gigabyte_gv_n105twf2oc_4gd_582f04036feb4_images_1784708963.jpg", 71);
INSERT INTO webshop.images (ImageID, Url, ProductID) VALUES (394, "https://i2.rozetka.ua/goods/1784709/copy_gigabyte_gv_n105twf2oc_4gd_582f04036feb4_images_1784709061.jpg", 71);
INSERT INTO webshop.images (ImageID, Url, ProductID) VALUES (395, "https://i1.rozetka.ua/goods/1784709/copy_gigabyte_gv_n105twf2oc_4gd_582f04036feb4_images_1784709173.jpg", 71);
INSERT INTO webshop.images (ImageID, Url, ProductID) VALUES (396, "https://i1.rozetka.ua/goods/1784715/gigabyte_gv_n1050wf2oc_2gd_images_1784715508.jpg", 71);
INSERT INTO webshop.comments (CommentID, Nickname, Rating, Message, Date, ProductID) VALUES (186, "Даніель Гровінський", 5, "Сколько фпс будет в pubg с процесором Процесор AMD FX-6300 3.5GHz/5200MHz/8MB", "2018-1-4", 71);
INSERT INTO webshop.comments (CommentID, Nickname, Rating, Message, Date, ProductID) VALUES (187, "Natalie", 0, "Добрый день! Подскажите, кто знает, подойдет эта видеокарта для работы в 3d max и ArchiCad? Заранее спасибо", "2018-1-3", 71);
INSERT INTO webshop.comments (CommentID, Nickname, Rating, Message, Date, ProductID) VALUES (188, "Коваленко Валентин", 0, "Здравствуйте, вопрос представителю MSI: подойдет ли данная видеокарта к материнской плате Asus A88X-Gamer https://hard.rozetka.com.ua/asus_a88x-gamer/p1551037/#tab=characteristics с блоком питания Chieftec C-550BD https://hard.rozetka.com.ua/chieftec_c550bd/p1819107/characteristics/ ? ... Еще Заранее спасибо за ответ.", "2018-1-0", 71);
-- =====================================================================
INSERT INTO webshop.products (ProductID, ProductTypeID, Title, Description, Price) VALUES (72, 6, "Gigabyte PCI-Ex GeForce GTX 1050 OC Low Profile 2GB GDDR5 (128bit) (1366/7008) (DVI, 2 x HDMI, DisplayPort) (GV-N1050OC-2GL)", "Видеокарта Gigabyte GTX 1050 OC создана, чтобы удовлетворить требования опытных игроков, основана на решении nVidia, архитектура GPU — Pascal. Будьте готовы к игровым сражениям с Geforce GTX Geforce GTX обеспечивает самую высокую производительность, добавляя продвинутые игровые технологии (NVIDIA GameWorks) и саму продвинутую игровую экосистему (GeForce Experience). Производительность Реализовано с помощью новой архитектуры nVidia Pascal, Geforce GTX 10-я серия — это квантовый скачок в эффективности производительности и энергопотребления. Разгон в одно нажатие Одним простым действием в программном обеспечении Xtreme Engine, игроки могут легко настроить карту таким образом, чтобы удовлетворить различные игровые требования без специальных знаний. Надежные и долговечные компоненты. При производстве карты используются дроссели и конденсаторы высокого качества, благодаря этому факту графическая карта обеспечивает выдающуюся производительность и долговечность системы. Программное обеспечение Xtreme Engine Настраивайте частоты, напряжение, режим работы вентиляторов, режим работы RGB подсветки, параметры производительности, режимы меню. Все эти настройки могут быть изменены в режиме реального времени, согласно вашим предпочтениям.", 6183);
INSERT INTO webshop.characteristics (CharacteristicID, CharacteristicTypeID, Value, ProductID) VALUES (1385, 1, "PCI-Express x16 3.0", 72);
INSERT INTO webshop.characteristics (CharacteristicID, CharacteristicTypeID, Value, ProductID) VALUES (1386, 2, "Gaming Mode: Базовая частота: 1366 МГц В режиме разгона: 1468 МГц OC Mode: Базовая частота: 1392 МГц В режиме разгона: 1506 МГц", 72);
INSERT INTO webshop.characteristics (CharacteristicID, CharacteristicTypeID, Value, ProductID) VALUES (1387, 16, "7680x4320", 72);
INSERT INTO webshop.characteristics (CharacteristicID, CharacteristicTypeID, Value, ProductID) VALUES (1388, 17, "Активная", 72);
INSERT INTO webshop.characteristics (CharacteristicID, CharacteristicTypeID, Value, ProductID) VALUES (1389, 3, "Нет", 72);
INSERT INTO webshop.characteristics (CharacteristicID, CharacteristicTypeID, Value, ProductID) VALUES (1390, 4, "DVI DisplayPort HDMI", 72);
INSERT INTO webshop.characteristics (CharacteristicID, CharacteristicTypeID, Value, ProductID) VALUES (1391, 5, "Нет", 72);
INSERT INTO webshop.characteristics (CharacteristicID, CharacteristicTypeID, Value, ProductID) VALUES (1392, 6, "7008 МГц", 72);
INSERT INTO webshop.characteristics (CharacteristicID, CharacteristicTypeID, Value, ProductID) VALUES (1393, 7, "167 x 68.9 x 37 мм", 72);
INSERT INTO webshop.characteristics (CharacteristicID, CharacteristicTypeID, Value, ProductID) VALUES (1394, 8, "300 Вт", 72);
INSERT INTO webshop.characteristics (CharacteristicID, CharacteristicTypeID, Value, ProductID) VALUES (1395, 9, "GeForce GTX 1050", 72);
INSERT INTO webshop.characteristics (CharacteristicID, CharacteristicTypeID, Value, ProductID) VALUES (1396, 19, "GDDR5", 72);
INSERT INTO webshop.characteristics (CharacteristicID, CharacteristicTypeID, Value, ProductID) VALUES (1397, 20, "36 месяцев", 72);
INSERT INTO webshop.characteristics (CharacteristicID, CharacteristicTypeID, Value, ProductID) VALUES (1398, 21, "1", 72);
INSERT INTO webshop.characteristics (CharacteristicID, CharacteristicTypeID, Value, ProductID) VALUES (1399, 22, "Низкопрофильная", 72);
INSERT INTO webshop.characteristics (CharacteristicID, CharacteristicTypeID, Value, ProductID) VALUES (1400, 12, "128 бит", 72);
INSERT INTO webshop.characteristics (CharacteristicID, CharacteristicTypeID, Value, ProductID) VALUES (1401, 23, "DirectX 12, OpenGL 4.5", 72);
INSERT INTO webshop.characteristics (CharacteristicID, CharacteristicTypeID, Value, ProductID) VALUES (1402, 13, "Нет", 72);
INSERT INTO webshop.characteristics (CharacteristicID, CharacteristicTypeID, Value, ProductID) VALUES (1403, 25, "2 ГБ", 72);
INSERT INTO webshop.characteristics (CharacteristicID, CharacteristicTypeID, Value, ProductID) VALUES (1404, 26, "Windforce 2X", 72);
INSERT INTO webshop.images (ImageID, Url, ProductID) VALUES (397, "https://i2.rozetka.ua/goods/1884906/copy_gigabyte_gv_n105toc_4gl_58cab893be200_images_1884906104.jpg", 72);
INSERT INTO webshop.images (ImageID, Url, ProductID) VALUES (398, "https://i1.rozetka.ua/goods/1884906/copy_gigabyte_gv_n105toc_4gl_58cab893be200_images_1884906230.jpg", 72);
INSERT INTO webshop.images (ImageID, Url, ProductID) VALUES (399, "https://i2.rozetka.ua/goods/1884906/copy_gigabyte_gv_n105toc_4gl_58cab893be200_images_1884906326.jpg", 72);
INSERT INTO webshop.images (ImageID, Url, ProductID) VALUES (400, "https://i2.rozetka.ua/goods/1884913/gigabyte_gv_n105oc_2gl_images_1884913346.jpg", 72);
INSERT INTO webshop.comments (CommentID, Nickname, Rating, Message, Date, ProductID) VALUES (189, "Павел", 0, "Как картишка будет совместима с АМД А8-5600К на матке ASUS A58M-K ??", "2018-1-2", 72);
INSERT INTO webshop.comments (CommentID, Nickname, Rating, Message, Date, ProductID) VALUES (190, "Lich", 0, "Кобинируя данную видеокарту с intel core 2 dual видюха раскроеться?", "2018-1-6", 72);
INSERT INTO webshop.comments (CommentID, Nickname, Rating, Message, Date, ProductID) VALUES (191, "Михайло Рокецький", 0, "Купил эту видеокарту,процессор AMD Kaveri A10-7800,материнка Asus A88X-PLUS,оперативка G.Skill DDR3-2400 8192MB PC3-19200 (Kit of 2x4096) TridentX,система Windows 7-64 bit. А покупал видеокарту для просмотра 4к фильмов,включаю 4к Rip весом 50-70 Gb процессор встает на 100% и все...,пробовал... Еще разные плееры.Может кто знает решение проблемы?", "2018-1-2", 72);
-- =====================================================================
INSERT INTO webshop.products (ProductID, ProductTypeID, Title, Description, Price) VALUES (73, 6, "Gigabyte PCI-Ex GeForce GTX 1050 TI D5 4GB GDDR5 (128bit) (1290/7008) (DVI, HDMI, DisplayPort) (GV-N105TD5-4GD)", "Видеокарта Gigabyte GTX 1050 TI D5 создана, чтобы удовлетворить требования опытных игроков, основана на решении nVidia, архитектура GPU — Pascal. Будьте готовы к игровым сражениям с Geforce GTX Geforce GTX обеспечивает самую высокую производительность, добавляя продвинутые игровые технологии (NVIDIA GameWorks) и саму продвинутую игровую экосистему (GeForce Experience). Производительность Реализовано с помощью новой архитектуры nVidia Pascal, Geforce GTX 10-я серия — это квантовый скачок в эффективности производительности и энергопотребления. Система охлаждения Система охлаждения оснащена вентилятором 90 мм с уникальным дизайном лопасте и алюминиевым радиатором. Это позволяет получить эффективный уровень теплорассеивания для высокопроизводительной системы с низкой температурой. Уникальный дизайн лопастей вентилятора Воздушный поток эффективно отводится от радиатора с помощью вентилятора, лопасти которого, имеют специальные насечки и форму. Благодаря этим характеристикам удается достичь высокого уровня отвода тепла, при высоких нагрузках и низкой температуре. Тесты показали эффективность выше на 23%. Разгон в одно нажатие Одним простым действием в программном обеспечении Xtreme Engine, игроки могут легко настроить карту таким образом, чтобы удовлетворить различные игровые требования без специальных знаний. Надежные и долговечные компоненты. При производстве карты используются дроссели и конденсаторы высокого качества, благодаря этому факту графическая карта обеспечивает выдающуюся производительность и долговечность системы. Программное обеспечение Xtreme Engine Настраивайте частоты, напряжение, режим работы вентиляторов, режим работы RGB подсветки, параметры производительности, режимы меню. Все эти настройки могут быть изменены в режиме реального времени, согласно вашим предпочтениям.", 2565);
INSERT INTO webshop.characteristics (CharacteristicID, CharacteristicTypeID, Value, ProductID) VALUES (1405, 1, "PCI-Express x16 3.0", 73);
INSERT INTO webshop.characteristics (CharacteristicID, CharacteristicTypeID, Value, ProductID) VALUES (1406, 2, "Gaming Mode: Базовая частота: 1290 МГц В режиме разгона: 1392 МГц OC Mode: Базовая частота: 1316 МГц В режиме разгона: 1430 МГц", 73);
INSERT INTO webshop.characteristics (CharacteristicID, CharacteristicTypeID, Value, ProductID) VALUES (1407, 16, "7680x4320", 73);
INSERT INTO webshop.characteristics (CharacteristicID, CharacteristicTypeID, Value, ProductID) VALUES (1408, 17, "Активная", 73);
INSERT INTO webshop.characteristics (CharacteristicID, CharacteristicTypeID, Value, ProductID) VALUES (1409, 3, "Нет", 73);
INSERT INTO webshop.characteristics (CharacteristicID, CharacteristicTypeID, Value, ProductID) VALUES (1410, 4, "DVI DisplayPort HDMI", 73);
INSERT INTO webshop.characteristics (CharacteristicID, CharacteristicTypeID, Value, ProductID) VALUES (1411, 5, "Нет", 73);
INSERT INTO webshop.characteristics (CharacteristicID, CharacteristicTypeID, Value, ProductID) VALUES (1412, 6, "7008 МГц", 73);
INSERT INTO webshop.characteristics (CharacteristicID, CharacteristicTypeID, Value, ProductID) VALUES (1413, 7, "172 x 113 x 30 мм", 73);
INSERT INTO webshop.characteristics (CharacteristicID, CharacteristicTypeID, Value, ProductID) VALUES (1414, 8, "300 Вт", 73);
INSERT INTO webshop.characteristics (CharacteristicID, CharacteristicTypeID, Value, ProductID) VALUES (1415, 9, "GeForce GTX 1050 Ti", 73);
INSERT INTO webshop.characteristics (CharacteristicID, CharacteristicTypeID, Value, ProductID) VALUES (1416, 19, "GDDR5", 73);
INSERT INTO webshop.characteristics (CharacteristicID, CharacteristicTypeID, Value, ProductID) VALUES (1417, 20, "36 месяцев", 73);
INSERT INTO webshop.characteristics (CharacteristicID, CharacteristicTypeID, Value, ProductID) VALUES (1418, 21, "1", 73);
INSERT INTO webshop.characteristics (CharacteristicID, CharacteristicTypeID, Value, ProductID) VALUES (1419, 22, "Мини", 73);
INSERT INTO webshop.characteristics (CharacteristicID, CharacteristicTypeID, Value, ProductID) VALUES (1420, 12, "128 бит", 73);
INSERT INTO webshop.characteristics (CharacteristicID, CharacteristicTypeID, Value, ProductID) VALUES (1421, 23, "DirectX 12, OpenGL 4.5", 73);
INSERT INTO webshop.characteristics (CharacteristicID, CharacteristicTypeID, Value, ProductID) VALUES (1422, 13, "Нет", 73);
INSERT INTO webshop.characteristics (CharacteristicID, CharacteristicTypeID, Value, ProductID) VALUES (1423, 25, "4 ГБ", 73);
INSERT INTO webshop.characteristics (CharacteristicID, CharacteristicTypeID, Value, ProductID) VALUES (1424, 26, "Вентилятор + радиатор", 73);
INSERT INTO webshop.images (ImageID, Url, ProductID) VALUES (401, "https://i1.rozetka.ua/goods/1784794/gigabyte_gv_n105td5_4gd_images_1784794559.jpg", 73);
INSERT INTO webshop.images (ImageID, Url, ProductID) VALUES (402, "https://i2.rozetka.ua/goods/1784794/gigabyte_gv_n105td5_4gd_images_1784794692.jpg", 73);
INSERT INTO webshop.images (ImageID, Url, ProductID) VALUES (403, "https://i2.rozetka.ua/goods/1784794/gigabyte_gv_n105td5_4gd_images_1784794811.jpg", 73);
INSERT INTO webshop.images (ImageID, Url, ProductID) VALUES (404, "https://i2.rozetka.ua/goods/1784794/gigabyte_gv_n105td5_4gd_images_1784794916.jpg", 73);
INSERT INTO webshop.comments (CommentID, Nickname, Rating, Message, Date, ProductID) VALUES (192, "Вадим", 5, "Классная видеокарта, вместе с g4560 можно поиграть в FHD. Достоинства: Производительность Недостатки: Цена", "2018-1-4", 73);
INSERT INTO webshop.comments (CommentID, Nickname, Rating, Message, Date, ProductID) VALUES (193, "Lich", 0, "Какая из видюх лучше эта или inno 3d?", "2018-1-5", 73);
INSERT INTO webshop.comments (CommentID, Nickname, Rating, Message, Date, ProductID) VALUES (194, "Матвей", 0, "Пойдёт ли к материнке ASUS M5A78L LE?", "2018-1-3", 73);
-- =====================================================================
INSERT INTO webshop.products (ProductID, ProductTypeID, Title, Description, Price) VALUES (74, 6, "Gigabyte PCI-Ex GeForce GTX 1050 TI Windforce OC 4GB GDDR5 (128bit) (1328/7008) (DVI, 3 x HDMI, DisplayPort) (GV-N105TWF2OC-4GD)", "Видеокарта Gigabyte GTX 1050 TI Windforce OC создана, чтобы удовлетворить требования опытных игроков, основана на решении nVidia, архитектура GPU — Pascal. Будьте готовы к игровым сражениям с Geforce GTX Geforce GTX обеспечивает самую высокую производительность, добавляя продвинутые игровые технологии (NVIDIA GameWorks) и саму продвинутую игровую экосистему (GeForce Experience). Производительность Реализовано с помощью новой архитектуры nVidia Pascal, Geforce GTX 10-я серия — это квантовый скачок в эффективности производительности и энергопотребления. Windforce 2X Cooling System Система охлаждения Windforce 2X оснащена двумя вентиляторами 90 мм с уникальным дизайном лопастей, двумя медными композитными теплотрубками, технологией прямого контакта. Все это позволяет получить эффективный уровень теплорассеивания для высокопроизводительной системы с низкой температурой. Разнонаправленное вращение вентиляторов Воздушный поток оптимизирован с помощью разнонаправленного вращения вентиляторов, которое позволяет уменьшить турбулентность и эффективно отводить тепло. Уникальный дизайн лопастей вентилятора Воздушный поток эффективно отводится от радиатора с помощью вентиляторов, лопасти которых, имеют специальные насечки и форму. Благодаря этим характеристикам удается достичь высокого уровня отвода тепла, при высоких нагрузках и низкой температуре. Тесты показали эффективность выше на 23%. Медные композитные трубки Композитные медные трубки сочетают в себе два важных аспекта теплопереноса и способности забирать тепло из зоны прямого контакта. Таким образом повышается эффективность охлаждения на 29%. Прямой контакт теплоотводящих трубок Медные трубки имеют прямую зону соприкосновения с графическим процессором. Стильная металлическая пластина (Бэкплейт) Металлическая задняя пластина усиливает конструкцию видеокарты, защищает элементную базу от внешнего механического воздействия и повреждений. Разгон в одно нажатие Одним простым действием в программном обеспечении Xtreme Engine, игроки могут легко настроить карту таким образом, чтобы удовлетворить различные игровые требования без специальных знаний. Надежные и долговечные компоненты. При производстве карты используются дроссели и конденсаторы высокого качества, благодаря этому факту графическая карта обеспечивает выдающуюся производительность и долговечность системы. Программное обеспечение Xtreme Engine Настраивайте частоты, напряжение, режим работы вентиляторов, режим работы RGB подсветки, параметры производительности, режимы меню. Все эти настройки могут быть изменены в режиме реального времени, согласно вашим предпочтениям.", 11572);
INSERT INTO webshop.characteristics (CharacteristicID, CharacteristicTypeID, Value, ProductID) VALUES (1425, 1, "PCI-Express x16 3.0", 74);
INSERT INTO webshop.characteristics (CharacteristicID, CharacteristicTypeID, Value, ProductID) VALUES (1426, 2, "Gaming Mode: Базовая частота: 1328 МГц В режиме разгона: 1442 МГц OC Mode: Базовая частота: 1354 МГц В режиме разгона: 1468 МГц", 74);
INSERT INTO webshop.characteristics (CharacteristicID, CharacteristicTypeID, Value, ProductID) VALUES (1427, 16, "7680x4320", 74);
INSERT INTO webshop.characteristics (CharacteristicID, CharacteristicTypeID, Value, ProductID) VALUES (1428, 17, "Активная", 74);
INSERT INTO webshop.characteristics (CharacteristicID, CharacteristicTypeID, Value, ProductID) VALUES (1429, 3, "6 pin", 74);
INSERT INTO webshop.characteristics (CharacteristicID, CharacteristicTypeID, Value, ProductID) VALUES (1430, 4, "DVI DisplayPort HDMI", 74);
INSERT INTO webshop.characteristics (CharacteristicID, CharacteristicTypeID, Value, ProductID) VALUES (1431, 5, "Нет", 74);
INSERT INTO webshop.characteristics (CharacteristicID, CharacteristicTypeID, Value, ProductID) VALUES (1432, 6, "7008 МГц", 74);
INSERT INTO webshop.characteristics (CharacteristicID, CharacteristicTypeID, Value, ProductID) VALUES (1433, 7, "229 x 118 x 40 мм", 74);
INSERT INTO webshop.characteristics (CharacteristicID, CharacteristicTypeID, Value, ProductID) VALUES (1434, 8, "300 Вт", 74);
INSERT INTO webshop.characteristics (CharacteristicID, CharacteristicTypeID, Value, ProductID) VALUES (1435, 9, "GeForce GTX 1050 Ti", 74);
INSERT INTO webshop.characteristics (CharacteristicID, CharacteristicTypeID, Value, ProductID) VALUES (1436, 19, "GDDR5", 74);
INSERT INTO webshop.characteristics (CharacteristicID, CharacteristicTypeID, Value, ProductID) VALUES (1437, 20, "36 месяцев", 74);
INSERT INTO webshop.characteristics (CharacteristicID, CharacteristicTypeID, Value, ProductID) VALUES (1438, 21, "1", 74);
INSERT INTO webshop.characteristics (CharacteristicID, CharacteristicTypeID, Value, ProductID) VALUES (1439, 22, "Стандартная", 74);
INSERT INTO webshop.characteristics (CharacteristicID, CharacteristicTypeID, Value, ProductID) VALUES (1440, 12, "128 бит", 74);
INSERT INTO webshop.characteristics (CharacteristicID, CharacteristicTypeID, Value, ProductID) VALUES (1441, 23, "DirectX 12, OpenGL 4.5", 74);
INSERT INTO webshop.characteristics (CharacteristicID, CharacteristicTypeID, Value, ProductID) VALUES (1442, 13, "Нет", 74);
INSERT INTO webshop.characteristics (CharacteristicID, CharacteristicTypeID, Value, ProductID) VALUES (1443, 25, "4 ГБ", 74);
INSERT INTO webshop.characteristics (CharacteristicID, CharacteristicTypeID, Value, ProductID) VALUES (1444, 26, "Windforce 2X", 74);
INSERT INTO webshop.images (ImageID, Url, ProductID) VALUES (405, "https://i2.rozetka.ua/goods/1784705/gigabyte_gv_n105twf2oc_4gd_images_1784705533.jpg", 74);
INSERT INTO webshop.images (ImageID, Url, ProductID) VALUES (406, "https://i2.rozetka.ua/goods/1784706/gigabyte_gv_n105twf2oc_4gd_images_1784706030.jpg", 74);
INSERT INTO webshop.images (ImageID, Url, ProductID) VALUES (407, "https://i2.rozetka.ua/goods/1784706/gigabyte_gv_n105twf2oc_4gd_images_1784706170.jpg", 74);
INSERT INTO webshop.images (ImageID, Url, ProductID) VALUES (408, "https://i1.rozetka.ua/goods/1784706/gigabyte_gv_n105twf2oc_4gd_images_1784706303.jpg", 74);
INSERT INTO webshop.images (ImageID, Url, ProductID) VALUES (409, "https://i1.rozetka.ua/goods/1784706/gigabyte_gv_n105twf2oc_4gd_images_1784706429.jpg", 74);
INSERT INTO webshop.images (ImageID, Url, ProductID) VALUES (410, "https://i2.rozetka.ua/goods/1784706/gigabyte_gv_n105twf2oc_4gd_images_1784706555.jpg", 74);
INSERT INTO webshop.comments (CommentID, Nickname, Rating, Message, Date, ProductID) VALUES (195, "Алексей Квасницкий", 4, "Отличная карточка,приобрел для апгрейда ”не молодого системника”, на замену GeForce GTX 560 TI 1GB, остановился на Gigabyte, так как последнии карты были этой фирмы, вроде все нормально работает.Из плюсов - потребление, почти в два раза меньше использует электричества, чем моя старая карта. Бонусом... Еще 3 года гарантии, что есть тоже хорошо. #мояраспаковка Достоинства: Мощная, для среднего ПК отлично подойдет, Потребление (около 75 Ватт),3 года гарантии. Недостатки: Из-за бума майнинга цены завышены, хотя понимаю, что это ”Just business” (@)", "2018-1-3", 74);
INSERT INTO webshop.comments (CommentID, Nickname, Rating, Message, Date, ProductID) VALUES (196, "Николай", 0, "Подскажите насколько важно дополнительное питание и на что оно влияет если не планируется разгонять систему? Видеокарты этой же линейки, но без дополнительного питания будут хуже справляться со своими задачами?", "2018-1-2", 74);
INSERT INTO webshop.comments (CommentID, Nickname, Rating, Message, Date, ProductID) VALUES (197, "Станислав Осиков", 0, "рекомендую, цена/качество идеально соотносятся. для домашнего пользования просто класс. исходное железо на которое поставил данную видеокарту intel core i5 - 7500 3,4 Ghz, ssd 512 gb, DDR 16 Gb, Asus Prime B250M-K Достоинства: тихая, производительная. тестировал на battlefield 1 и wot. всё на максимальных настройках. до 100-120 фпс. но не для майнинга, сразу надо говорить :) Недостатки: не выявил", "2018-1-2", 74);
-- =====================================================================
INSERT INTO webshop.products (ProductID, ProductTypeID, Title, Description, Price) VALUES (75, 6, "Gigabyte PCI-Ex GeForce GTX 1060 Aorus 6GB GDDR5 (192bit) (1607/8008) (DVI, HDMI, 3 x Display Port) (GV-N1060AORUS-6GD)", "Безупречное игровое решение Geforce GTX обеспечивает самую высокую производительность, добавляя продвинутые игровые технологии (NVIDIA GameWorks) и самую продвинутую игровую экосистему (GeForce Experience). Производительность Реализовано с помощью новой архитектуры nVidia Pascal, Geforce GTX 10-я серия это квантовый скачок в эффективности производительности и энергопотребления. Технологии Технология nVidia GameWorks поддерживает последние требования современных мониторов, включая VR, мониторы с ультравысоким разрешением, так же обеспечивает плавный игровой процесс, кинематографический опыт, возможность захвата изображения 360 даже в VR. Современное решение для VR Откройте для себя новое поколение VR, с низким показателем задержки, наушниками последнего поколения, благодаря технологии nVidia VRWorks. VR аудио (звуковые эффекты), реалистичная графика и физика предметов, позволяют вам прочувствовать и услышать каждый момент. Производительность AORUS Видеокарты AORUS созданы, что бы удовлетворить требования игровых энтузиастов. Видеокарты AORUS основаны на революционной архитектуре NVIDIA Pascal GPU, обеспечивая невероятный игровой опыт. Всестоороннее охлаждение AORUS AORUS обеспечивает всестороннее охлаждение для всех ключевых компонентов видеокарты. Благодаря этому, обеспечивается стабильная работа и более длительный срок службы. Система охлаждения WINDFORCE 3X Система охлаждения GIGABYTE WINDFORCE 3X обеспечивает эффективную мощность рассеивания тепла для повышения производительности при низких температурах. RGB подсветка Доступно 16.8 млн цветовых оттенков и различные схемы работы подсветки, вы можете установить необходимый режим с помощью программного обеспечения AORUS. Стильная металлическая задняя пластина Черная металлическая пластина надежно защищает карту и придает жесткости. LED индикаторы показывают насколько стабильно питание PCI-E На нестабильную работу и питание шины PCI-E укажет LED индикатор. Индикатор оповещает пользователя миганием, если по какой-то причине работа питания не соответствует норме. Создано для экстремального разгона 6+1 фаз питания Если сравнить с референсным дизайном видеокарты, то можно заметить, что 6+1 фаза питания на карте, позволяют Mosfet работать при температуре ниже, и обеспечивают стабильность напряжения и питания. Защита от перегрева и защита от перегрузки каждого Mosfet могут эффективно продлить время жизни видеокарты. Программное обеспечение AORUS Настраивайте частоты, напряжение, режим работы вентиляторов, режим работы RGB подсветки, параметры производительности, режимы меню. Все эти настройки могут быть изменены в режиме реального времени, согласно вашим предпочтениям.", 4050);
INSERT INTO webshop.characteristics (CharacteristicID, CharacteristicTypeID, Value, ProductID) VALUES (1445, 1, "PCI-Express x16 3.0", 75);
INSERT INTO webshop.characteristics (CharacteristicID, CharacteristicTypeID, Value, ProductID) VALUES (1446, 2, "OC Mode: Базовая частота: 1632 МГц В режимe разгона: 1860 МГц Gaming Mode: Базовая частота: 1607 МГц В режиме разгона: 1835 МГц", 75);
INSERT INTO webshop.characteristics (CharacteristicID, CharacteristicTypeID, Value, ProductID) VALUES (1447, 16, "7680x4320", 75);
INSERT INTO webshop.characteristics (CharacteristicID, CharacteristicTypeID, Value, ProductID) VALUES (1448, 17, "Активная", 75);
INSERT INTO webshop.characteristics (CharacteristicID, CharacteristicTypeID, Value, ProductID) VALUES (1449, 3, "8 pin", 75);
INSERT INTO webshop.characteristics (CharacteristicID, CharacteristicTypeID, Value, ProductID) VALUES (1450, 4, "DVI DisplayPort HDMI", 75);
INSERT INTO webshop.characteristics (CharacteristicID, CharacteristicTypeID, Value, ProductID) VALUES (1451, 5, "Нет", 75);
INSERT INTO webshop.characteristics (CharacteristicID, CharacteristicTypeID, Value, ProductID) VALUES (1452, 6, "8008 МГц", 75);
INSERT INTO webshop.characteristics (CharacteristicID, CharacteristicTypeID, Value, ProductID) VALUES (1453, 7, "280 x 111 x 38 мм", 75);
INSERT INTO webshop.characteristics (CharacteristicID, CharacteristicTypeID, Value, ProductID) VALUES (1454, 8, "400 Вт", 75);
INSERT INTO webshop.characteristics (CharacteristicID, CharacteristicTypeID, Value, ProductID) VALUES (1455, 9, "GeForce GTX 1060", 75);
INSERT INTO webshop.characteristics (CharacteristicID, CharacteristicTypeID, Value, ProductID) VALUES (1456, 19, "GDDR5", 75);
INSERT INTO webshop.characteristics (CharacteristicID, CharacteristicTypeID, Value, ProductID) VALUES (1457, 20, "36 месяцев", 75);
INSERT INTO webshop.characteristics (CharacteristicID, CharacteristicTypeID, Value, ProductID) VALUES (1458, 21, "1", 75);
INSERT INTO webshop.characteristics (CharacteristicID, CharacteristicTypeID, Value, ProductID) VALUES (1459, 22, "Стандартная", 75);
INSERT INTO webshop.characteristics (CharacteristicID, CharacteristicTypeID, Value, ProductID) VALUES (1460, 12, "192 бит", 75);
INSERT INTO webshop.characteristics (CharacteristicID, CharacteristicTypeID, Value, ProductID) VALUES (1461, 23, "DirectX 12, OpenGL 4.5", 75);
INSERT INTO webshop.characteristics (CharacteristicID, CharacteristicTypeID, Value, ProductID) VALUES (1462, 13, "Нет", 75);
INSERT INTO webshop.characteristics (CharacteristicID, CharacteristicTypeID, Value, ProductID) VALUES (1463, 25, "6 ГБ", 75);
INSERT INTO webshop.characteristics (CharacteristicID, CharacteristicTypeID, Value, ProductID) VALUES (1464, 26, "Windforce Stack 3X", 75);
INSERT INTO webshop.images (ImageID, Url, ProductID) VALUES (411, "https://i2.rozetka.ua/goods/1997337/gigabyte_gv_n1060aorus_6gd_images_1997337986.jpg", 75);
INSERT INTO webshop.images (ImageID, Url, ProductID) VALUES (412, "https://i2.rozetka.ua/goods/1997337/gigabyte_gv_n1060aorus_6gd_images_1997337908.jpg", 75);
INSERT INTO webshop.images (ImageID, Url, ProductID) VALUES (413, "https://i1.rozetka.ua/goods/1997338/gigabyte_gv_n1060aorus_6gd_images_1997338142.jpg", 75);
INSERT INTO webshop.images (ImageID, Url, ProductID) VALUES (414, "https://i2.rozetka.ua/goods/1997338/gigabyte_gv_n1060aorus_6gd_images_1997338064.jpg", 75);
INSERT INTO webshop.images (ImageID, Url, ProductID) VALUES (415, "https://i1.rozetka.ua/goods/1997338/gigabyte_gv_n1060aorus_6gd_images_1997338220.jpg", 75);
INSERT INTO webshop.images (ImageID, Url, ProductID) VALUES (416, "https://i1.rozetka.ua/goods/1997337/gigabyte_gv_n1060aorus_6gd_images_1997337830.jpg", 75);
-- =====================================================================
INSERT INTO webshop.products (ProductID, ProductTypeID, Title, Description, Price) VALUES (76, 6, "Gigabyte PCI-Ex GeForce GTX 1060 G1 Gaming 6GB GDDR5 (192bit) (1594/8008) (DVI, HDMI, 3 x DisplayPort) (GV-N1060G1 GAMING-6GD)", "Видеокарта Gigabyte G1 Gaming создана, чтобы удовлетворить все требования опытных игроков, основана на решении nVidia, архитектура GPU — Pascal. Будьте готовы к игровым сражениям с Geforce GTX Geforce GTX обеспечивает самую высокую производительность, добавляя продвинутые игровые технологии (NVIDIA GameWorks) и саму продвинутую игровую экосистему (GeForce Experience). Производительность Реализовано с помощью новой архитектуры nVidia Pascal, Geforce GTX 10-я серия это квантовый скачок в эффективности производительности и энергопотребления. Технологии Технология nVidia GameWorks поддерживает последние требования современных мониторов, включая VR, мониторы с ультравысоким разрешением, так же обеспечивает плавный игровой процесс, кинематографический опыт, возможность захвата изображения 360 даже в VR. Современное решение для VR Откройте для себя новое поколение VR, с низким показателем задержки, наушниками последнего поколения, благодаря технологии nVidia VRWorks. VR аудио (звуковые эффекты), реалистичная графика и физика предметов, позволяют вам прочувствовать и услышать каждый момент. Windforce 2X Cooling System Система охлаждения Windforce 2X оснащена двумя вентиляторами 90 мм с уникальным дизайном лопастей, двумя медными композитными теплотрубками, технологией прямого контакта. Все это позволяет получить эффективный уровень теплорассеивания для высокопроизводительной системы с низкой температурой. Разнонаправленное вращение вентиляторов Воздушный поток оптимизирован с помощью разнонаправленного вращения вентиляторов, которое позволяет уменьшить турбулентность и эффективно отводить тепло. Уникальный дизайн лопастей вентилятора. Воздушный поток эффективно отводится от радиатора с помощью вентиляторов, лопасти которых, имеют специальные насечки и форму. Благодаря этим характеристикам удается достичь высокого уровня отвода тепла, при высоких нагрузках и низкой температуре. Тесты показали эффективность выше на 23%. 3D Active Fan with LED Indicators Используется полупассивный режим работы, вентиляторы останавливают свою работу, если температура чипа не высокая, или нет достаточной нагрузки. На торце видеокарты расположен индикатор работы вентилятора. Медные композитные трубки Композитные медные трубки сочетают в себе два важных аспекта теплопереноса и способности забирать тепло из зоны прямого контакта. Таким образом повышается эффективность охлаждения на 29%. Прямой контакт теплоотводящих трубок Медные трубки имеют прямую зону соприкосновения с графическим процессором. Настраиваемая RGB подсветка логотипа и индикатора работы вентилятора Доступно 16.8 млн цветовых оттенков и различные схемы работы подсветки, вы можете установить необходимый режим с помощью программного обеспечения Xtreme Engine. Стильная металлическая пластина (Бэкплейт) Металлическая задняя пластина усиливает конструкцию видеокарты, защищает элементную базу от внешнего механического воздействия и повреждений. Разгон в одно нажатие Одним простым действием в программном обеспечении Xtreme Engine, игроки могут легко настроить карту таким образом, чтобы удовлетворить различные игровые требования без специальных знаний. Технология отбора чипов. GPU Gauntlet Sorting При производстве серии G1 Gaming используются отобранные и первоклассные графические процессоры, которые позволяют достичь высокий разгонный потенциал, высокие характеристики переключения мощности. Это все обеспечивает высокую производительность без ущерба для надежности системы. Надежные и долговечные компоненты. При производстве карты используются дроссели и конденсаторы высокого качества, благодаря этому факту графическая карта обеспечивает выдающуюся производительность и долговечность системы. Программное обеспечение Xtreme Engine Настраивайте частоты, напряжение, режим работы вентиляторов, режим работы RGB подсветки, параметры производительности, режимы меню. Все эти настройки могут быть изменены в режиме реального времени, согласно вашим предпочтениям.", 8363);
INSERT INTO webshop.characteristics (CharacteristicID, CharacteristicTypeID, Value, ProductID) VALUES (1465, 1, "PCI-Express x16 3.0", 76);
INSERT INTO webshop.characteristics (CharacteristicID, CharacteristicTypeID, Value, ProductID) VALUES (1466, 2, "OC Mode: Базовая частота: 1620 МГц В режиме разгона: 1847 МГц Gaming Mode: Базовая частота: 1594 МГц В режиме разгона: 1809 МГц", 76);
INSERT INTO webshop.characteristics (CharacteristicID, CharacteristicTypeID, Value, ProductID) VALUES (1467, 16, "7680x4320", 76);
INSERT INTO webshop.characteristics (CharacteristicID, CharacteristicTypeID, Value, ProductID) VALUES (1468, 17, "Активная", 76);
INSERT INTO webshop.characteristics (CharacteristicID, CharacteristicTypeID, Value, ProductID) VALUES (1469, 3, "8 pin", 76);
INSERT INTO webshop.characteristics (CharacteristicID, CharacteristicTypeID, Value, ProductID) VALUES (1470, 4, "DVI DisplayPort HDMI", 76);
INSERT INTO webshop.characteristics (CharacteristicID, CharacteristicTypeID, Value, ProductID) VALUES (1471, 5, "Нет", 76);
INSERT INTO webshop.characteristics (CharacteristicID, CharacteristicTypeID, Value, ProductID) VALUES (1472, 6, "8008 МГц", 76);
INSERT INTO webshop.characteristics (CharacteristicID, CharacteristicTypeID, Value, ProductID) VALUES (1473, 7, "278 x 114 x 40 мм", 76);
INSERT INTO webshop.characteristics (CharacteristicID, CharacteristicTypeID, Value, ProductID) VALUES (1474, 8, "400 Вт", 76);
INSERT INTO webshop.characteristics (CharacteristicID, CharacteristicTypeID, Value, ProductID) VALUES (1475, 9, "GeForce GTX 1060", 76);
INSERT INTO webshop.characteristics (CharacteristicID, CharacteristicTypeID, Value, ProductID) VALUES (1476, 19, "GDDR5", 76);
INSERT INTO webshop.characteristics (CharacteristicID, CharacteristicTypeID, Value, ProductID) VALUES (1477, 20, "36 месяцев", 76);
INSERT INTO webshop.characteristics (CharacteristicID, CharacteristicTypeID, Value, ProductID) VALUES (1478, 21, "1", 76);
INSERT INTO webshop.characteristics (CharacteristicID, CharacteristicTypeID, Value, ProductID) VALUES (1479, 22, "Стандартная", 76);
INSERT INTO webshop.characteristics (CharacteristicID, CharacteristicTypeID, Value, ProductID) VALUES (1480, 12, "192 бит", 76);
INSERT INTO webshop.characteristics (CharacteristicID, CharacteristicTypeID, Value, ProductID) VALUES (1481, 23, "DirectX 12, OpenGL 4.5", 76);
INSERT INTO webshop.characteristics (CharacteristicID, CharacteristicTypeID, Value, ProductID) VALUES (1482, 13, "Нет", 76);
INSERT INTO webshop.characteristics (CharacteristicID, CharacteristicTypeID, Value, ProductID) VALUES (1483, 25, "6 ГБ", 76);
INSERT INTO webshop.characteristics (CharacteristicID, CharacteristicTypeID, Value, ProductID) VALUES (1484, 26, "Windforce 2X", 76);
INSERT INTO webshop.images (ImageID, Url, ProductID) VALUES (417, "https://i1.rozetka.ua/goods/1689765/gigabyte_gv_n1060g1_gaming_6gd_images_1689765837.jpg", 76);
INSERT INTO webshop.images (ImageID, Url, ProductID) VALUES (418, "https://i2.rozetka.ua/goods/1689766/gigabyte_gv_n1060g1_gaming_6gd_images_1689766061.jpg", 76);
INSERT INTO webshop.images (ImageID, Url, ProductID) VALUES (419, "https://i1.rozetka.ua/goods/1689766/gigabyte_gv_n1060g1_gaming_6gd_images_1689766313.jpg", 76);
INSERT INTO webshop.images (ImageID, Url, ProductID) VALUES (420, "https://i2.rozetka.ua/goods/1689766/gigabyte_gv_n1060g1_gaming_6gd_images_1689766656.jpg", 76);
INSERT INTO webshop.images (ImageID, Url, ProductID) VALUES (421, "https://i1.rozetka.ua/goods/1689767/gigabyte_gv_n1060g1_gaming_6gd_images_1689767097.jpg", 76);
INSERT INTO webshop.images (ImageID, Url, ProductID) VALUES (422, "https://i1.rozetka.ua/goods/1689767/gigabyte_gv_n1060g1_gaming_6gd_images_1689767363.jpg", 76);
INSERT INTO webshop.comments (CommentID, Nickname, Rating, Message, Date, ProductID) VALUES (198, "Феликс", 0, "Подскажите,с моим i5-8600 и материнкой gigabyte z370p d3, хорошо ли будет сочетаться? Или возможен другой вариант? И еще влезет ли она в корпус zalman z9 neoplus. Спасибо", "2018-0-5", 76);
INSERT INTO webshop.comments (CommentID, Nickname, Rating, Message, Date, ProductID) VALUES (199, "Андрей", 0, "Отличная карта.Хорошо гонится,греется максимум до 70 градусов с разгоном,тихая.В Full HD любую игру с нормальной оптимизацией тащит на ультра с 60 фпс. Достоинства: Хорошая карта для современных игр. Недостатки: Цена, разве что.", "2017-11-0", 76);
INSERT INTO webshop.comments (CommentID, Nickname, Rating, Message, Date, ProductID) VALUES (200, "Віктор", 4, "Чи потрібен для неї вертикальний кронштейн, щоб підтримував і не давав просідати. Чи такий аксесуар потрібен для ”важчих” відеокарт”? Хочеться зберегти її якомога довше, з теперішніми-то цінами Достоинства: Тиха, холодна Недостатки: Вийшов з ладу один кулер, через півроку користування", "2017-11-6", 76);
-- =====================================================================
INSERT INTO webshop.products (ProductID, ProductTypeID, Title, Description, Price) VALUES (77, 6, "Gigabyte PCI-Ex GeForce GTX 1060 Mini ITX OC 6GB GDDR5 (192bit) (1531/8008) (2 x DVI, HDMI, Display Port) (GV-N1060IXOC-6GD)", "Будьте готовы к игровым сражениям с Geforce GTX 1060 в мини-формате! Geforce GTX обеспечивает самую высокую производительность, добавляя продвинутые игровые технологии (NVIDIA GameWorks) и саму продвинутую игровую экосистему (GeForce Experience). Производительность Реализовано с помощью новой архитектуры nVidia Pascal, Geforce GTX 10-я серия это квантовый скачок в эффективности производительности и энергопотребления. Технологии Технология nVidia GameWorks поддерживает последние требования современных мониторов, включая VR, мониторы с ультравысоким разрешением, так же обеспечивает плавный игровой процесс, кинематографический опыт, возможность захвата изображения 360 даже в VR. Современное решение для VR Откройте для себя новое поколение VR, с низким показателем задержки, наушниками последнего поколения, благодаря технологии nVidia VRWorks. VR аудио (звуковые эффекты), реалистичная графика и физика предметов, позволяют вам прочувствовать и услышать каждый момент. Система охлаждения с кастомным дизайном Оснащенная двумя медными теплорассеивающими трубками и 90 мм вентилятором с уникальным дизайном лопастей и функцией 3D Active, а также технологией прямого контакта, кулер позволит более эффективно рассеивать тепло от графического процессора, сохраняя низкую скорость вращения вентилятора с наименьшим шумом. Уникальный дизайн лопастей вентилятора Воздушный поток эффективно отводится от радиатора с помощью вентилятора, лопасти на котором, имеют специальные насечки и форму. Благодаря этим характеристикам удается достичь высокого уровня отвода тепла, при высоких нагрузках и низкой температуре. Тесты показали эффективность выше на 23%. 3D Active Fan Используется полупассивный режим работы, вентилятор останавливает свою работу, если температура чипа не высокая, или нет достаточной нагрузки. Медная композитная трубка Композитная медная трубка сочетает в себе два важных аспекта теплопереноса и способности забирать тепло из зоны прямого контакта. Таким образом повышается эффективность охлаждения на 29%. Прямой контакт теплоотводящих трубок. Медная трубка имеют прямую зону соприкосновения с графическим процессором. Компактные размеры видеокарты Будучи в длину всего 17 см, видеокарта идеально совместима для установки в большинство корпусов ПК, начиная от ATX, заканчивая mini-ITX. Разгон в одно нажатие Одним простым действием в программном обеспечении Xtreme Engine, игроки могут легко настроить карту таким образом, чтобы удовлетворить различные игровые требования без специальных знаний. Надежные и долговечные компоненты. При производстве карты используются дроссели и конденсаторы высокого качества, благодаря этому факту графическая карта обеспечивает выдающуюся производительность и долговечность системы. Программное обеспечение Xtreme Engine Настраивайте частоты, напряжение, режим работы вентиляторов, режим работы RGB подсветки, параметры производительности, режимы меню. Все эти настройки могут быть изменены в режиме реального времени, согласно вашим предпочтениям.", 2838);
INSERT INTO webshop.characteristics (CharacteristicID, CharacteristicTypeID, Value, ProductID) VALUES (1485, 1, "PCI-Express x16 3.0", 77);
INSERT INTO webshop.characteristics (CharacteristicID, CharacteristicTypeID, Value, ProductID) VALUES (1486, 2, "OC Mode: Базовая частота: 1556 МГц В режиме разгона: 1771 МГц Gaming Mode: Базовая частота: 1531 МГц В режиме разгона: 1746 МГц", 77);
INSERT INTO webshop.characteristics (CharacteristicID, CharacteristicTypeID, Value, ProductID) VALUES (1487, 16, "7680x4320", 77);
INSERT INTO webshop.characteristics (CharacteristicID, CharacteristicTypeID, Value, ProductID) VALUES (1488, 17, "Активная", 77);
INSERT INTO webshop.characteristics (CharacteristicID, CharacteristicTypeID, Value, ProductID) VALUES (1489, 3, "6 pin", 77);
INSERT INTO webshop.characteristics (CharacteristicID, CharacteristicTypeID, Value, ProductID) VALUES (1490, 4, "DVI DisplayPort HDMI", 77);
INSERT INTO webshop.characteristics (CharacteristicID, CharacteristicTypeID, Value, ProductID) VALUES (1491, 5, "Нет", 77);
INSERT INTO webshop.characteristics (CharacteristicID, CharacteristicTypeID, Value, ProductID) VALUES (1492, 6, "8008 МГц", 77);
INSERT INTO webshop.characteristics (CharacteristicID, CharacteristicTypeID, Value, ProductID) VALUES (1493, 7, "169 x 131 x 37 мм", 77);
INSERT INTO webshop.characteristics (CharacteristicID, CharacteristicTypeID, Value, ProductID) VALUES (1494, 8, "400 Вт", 77);
INSERT INTO webshop.characteristics (CharacteristicID, CharacteristicTypeID, Value, ProductID) VALUES (1495, 9, "GeForce GTX 1060", 77);
INSERT INTO webshop.characteristics (CharacteristicID, CharacteristicTypeID, Value, ProductID) VALUES (1496, 19, "GDDR5", 77);
INSERT INTO webshop.characteristics (CharacteristicID, CharacteristicTypeID, Value, ProductID) VALUES (1497, 20, "36 месяцев", 77);
INSERT INTO webshop.characteristics (CharacteristicID, CharacteristicTypeID, Value, ProductID) VALUES (1498, 21, "2", 77);
INSERT INTO webshop.characteristics (CharacteristicID, CharacteristicTypeID, Value, ProductID) VALUES (1499, 22, "Мини", 77);
INSERT INTO webshop.characteristics (CharacteristicID, CharacteristicTypeID, Value, ProductID) VALUES (1500, 12, "192 бит", 77);
INSERT INTO webshop.characteristics (CharacteristicID, CharacteristicTypeID, Value, ProductID) VALUES (1501, 23, "DirectX 12, OpenGL 4.5", 77);
INSERT INTO webshop.characteristics (CharacteristicID, CharacteristicTypeID, Value, ProductID) VALUES (1502, 13, "Нет", 77);
INSERT INTO webshop.characteristics (CharacteristicID, CharacteristicTypeID, Value, ProductID) VALUES (1503, 25, "6 ГБ", 77);
INSERT INTO webshop.characteristics (CharacteristicID, CharacteristicTypeID, Value, ProductID) VALUES (1504, 26, "90 мм вентилятор с дизайном Blade Fan", 77);
INSERT INTO webshop.images (ImageID, Url, ProductID) VALUES (423, "https://i2.rozetka.ua/goods/1711495/gigabyte_gv_n1060ixoc_6gd_images_1711495629.jpg", 77);
INSERT INTO webshop.images (ImageID, Url, ProductID) VALUES (424, "https://i2.rozetka.ua/goods/1711496/gigabyte_gv_n1060ixoc_6gd_images_1711496294.jpg", 77);
INSERT INTO webshop.images (ImageID, Url, ProductID) VALUES (425, "https://i1.rozetka.ua/goods/1711496/gigabyte_gv_n1060ixoc_6gd_images_1711496637.jpg", 77);
INSERT INTO webshop.images (ImageID, Url, ProductID) VALUES (426, "https://i2.rozetka.ua/goods/1711497/gigabyte_gv_n1060ixoc_6gd_images_1711497036.jpg", 77);
INSERT INTO webshop.images (ImageID, Url, ProductID) VALUES (427, "https://i2.rozetka.ua/goods/1711497/gigabyte_gv_n1060ixoc_6gd_images_1711497582.jpg", 77);
INSERT INTO webshop.comments (CommentID, Nickname, Rating, Message, Date, ProductID) VALUES (201, "Дмитро Жимовський", 0, "Є сенс брати цю карту під цей проц.phenom x4 960t ( 6 ядер )??? Порадьте яку краще? Дякую", "2018-0-3", 77);
INSERT INTO webshop.comments (CommentID, Nickname, Rating, Message, Date, ProductID) VALUES (202, "svmax31", 0, "Потянет ли видеокарту AMD Athlon II X2 240 2.8GHz", "2018-0-1", 77);
INSERT INTO webshop.comments (CommentID, Nickname, Rating, Message, Date, ProductID) VALUES (203, "zavaho.lori", 0, "Всем привет. Вопрос к знатокам: потянет ли эту видеокарту данная мать - asus p8b75-m lx (s1155 intel b75 pci-ex16). Процессор - i7-3770. Судя по тому, что я нашел, это максимальная карта, которая может подойти. БП не будет проблемой - подберу если что. А вот мать и проц вытянут или нет -... Еще это уже сложнее вопрос. Вроде как в притирку, но хотелось бы услышать мнение знатоков (хоть я и не проверю, знатоки вы или нет :)).", "2018-0-2", 77);
-- =====================================================================
INSERT INTO webshop.products (ProductID, ProductTypeID, Title, Description, Price) VALUES (78, 6, "Gigabyte PCI-Ex GeForce GTX 1060 Windforce OC 3072MB GDDR5 (192bit) (1556/8008) (2 x DVI, HDMI, DisplayPort) (GV-N1060WF2OC-3GD)", "Будьте готовы к игровым сражениям с Geforce GTX 1060 Windforce OC 3G. Geforce GTX обеспечивает самую высокую производительность, добавляя продвинутые игровые технологии (NVIDIA GameWorks) и саму продвинутую игровую экосистему (GeForce Experience). Производительность Реализовано с помощью новой архитектуры nVidia Pascal, Geforce GTX 10-я серия это квантовый скачок в эффективности производительности и энергопотребления. Технологии Технология nVidia GameWorks поддерживает последние требования современных мониторов, включая VR, мониторы с ультравысоким разрешением, так же обеспечивает плавный игровой процесс, кинематографический опыт, возможность захвата изображения 360 даже в VR. Современное решение для VR Откройте для себя новое поколение VR, с низким показателем задержки, наушниками последнего поколения, благодаря технологии nVidia VRWorks. VR аудио (звуковые эффекты), реалистичная графика и физика предметов, позволяют вам прочувствовать и услышать каждый момент. Windforce 2X Cooling System Система охлаждения Windforce 2X оснащена двумя вентиляторами 90 мм с уникальным дизайном лопастей, медной композитной тепловой трубкой, технологией прямого контакта. Все это позволяет получить эффективный уровень теплорассеивания для высокопроизводительной системы с низкой температурой. Разнонаправленное вращение вентиляторов Воздушный поток оптимизирован с помощью разнонаправленного вращения вентиляторов, которое позволяет уменьшить турбулентность и эффективно отводить тепло. Уникальный дизайн лопастей вентилятора Воздушный поток эффективно отводится от радиатора с помощью вентиляторов, лопасти которых, имеют специальные насечки и форму. Благодаря этим характеристикам удается достичь высокого уровня отвода тепла, при высоких нагрузках и низкой температуре. Тесты показали эффективность выше на 23%. 3D Active Fan Используется полупассивный режим работы, вентиляторы останавливают свою работу, если температура чипа не высокая, или нет достаточной нагрузки. Медная композитная трубка Композитная медная трубка сочетает в себе два важных аспекта теплопереноса и способности забирать тепло из зоны прямого контакта. Таким образом повышается эффективность охлаждения на 29%. Прямой контакт теплоотводящих трубок. Медная трубка имеют прямую зону соприкосновения с графическим процессором. Стильная пластина (Бэкплейт) Задняя пластина усиливает конструкцию видеокарты, защищает элементную базу от внешнего механического воздействия и повреждений. Разгон в одно нажатие Одним простым действием в программном обеспечении Xtreme Engine, игроки могут легко настроить карту таким образом, чтобы удовлетворить различные игровые требования без специальных знаний. Надежные и долговечные компоненты. При производстве карты используются дроссели и конденсаторы высокого качества, благодаря этому факту графическая карта обеспечивает выдающуюся производительность и долговечность системы. Программное обеспечение Xtreme Engine Настраивайте частоты, напряжение, режим работы вентиляторов, режим работы RGB подсветки, параметры производительности, режимы меню. Все эти настройки могут быть изменены в режиме реального времени, согласно вашим предпочтениям.", 3951);
INSERT INTO webshop.characteristics (CharacteristicID, CharacteristicTypeID, Value, ProductID) VALUES (1505, 1, "PCI-Express x16 3.0", 78);
INSERT INTO webshop.characteristics (CharacteristicID, CharacteristicTypeID, Value, ProductID) VALUES (1506, 2, "OC Mode: Базовая частота: 1582 МГц В режиме разгона: 1797 МГц Gaming Mode: Базовая частота: 1556 МГц В режиме разгона: 1771 МГц", 78);
INSERT INTO webshop.characteristics (CharacteristicID, CharacteristicTypeID, Value, ProductID) VALUES (1507, 16, "7680x4320", 78);
INSERT INTO webshop.characteristics (CharacteristicID, CharacteristicTypeID, Value, ProductID) VALUES (1508, 17, "Активная", 78);
INSERT INTO webshop.characteristics (CharacteristicID, CharacteristicTypeID, Value, ProductID) VALUES (1509, 3, "6 pin", 78);
INSERT INTO webshop.characteristics (CharacteristicID, CharacteristicTypeID, Value, ProductID) VALUES (1510, 4, "DVI DisplayPort HDMI", 78);
INSERT INTO webshop.characteristics (CharacteristicID, CharacteristicTypeID, Value, ProductID) VALUES (1511, 5, "Нет", 78);
INSERT INTO webshop.characteristics (CharacteristicID, CharacteristicTypeID, Value, ProductID) VALUES (1512, 6, "8008 МГц", 78);
INSERT INTO webshop.characteristics (CharacteristicID, CharacteristicTypeID, Value, ProductID) VALUES (1513, 7, "223 x 121 x 39 мм", 78);
INSERT INTO webshop.characteristics (CharacteristicID, CharacteristicTypeID, Value, ProductID) VALUES (1514, 8, "400 Вт", 78);
INSERT INTO webshop.characteristics (CharacteristicID, CharacteristicTypeID, Value, ProductID) VALUES (1515, 9, "GeForce GTX 1060", 78);
INSERT INTO webshop.characteristics (CharacteristicID, CharacteristicTypeID, Value, ProductID) VALUES (1516, 19, "GDDR5", 78);
INSERT INTO webshop.characteristics (CharacteristicID, CharacteristicTypeID, Value, ProductID) VALUES (1517, 20, "36 месяцев", 78);
INSERT INTO webshop.characteristics (CharacteristicID, CharacteristicTypeID, Value, ProductID) VALUES (1518, 21, "2", 78);
INSERT INTO webshop.characteristics (CharacteristicID, CharacteristicTypeID, Value, ProductID) VALUES (1519, 22, "Стандартная", 78);
INSERT INTO webshop.characteristics (CharacteristicID, CharacteristicTypeID, Value, ProductID) VALUES (1520, 12, "192 бит", 78);
INSERT INTO webshop.characteristics (CharacteristicID, CharacteristicTypeID, Value, ProductID) VALUES (1521, 23, "DirectX 12, OpenGL 4.5", 78);
INSERT INTO webshop.characteristics (CharacteristicID, CharacteristicTypeID, Value, ProductID) VALUES (1522, 13, "Нет", 78);
INSERT INTO webshop.characteristics (CharacteristicID, CharacteristicTypeID, Value, ProductID) VALUES (1523, 25, "3 ГБ", 78);
INSERT INTO webshop.characteristics (CharacteristicID, CharacteristicTypeID, Value, ProductID) VALUES (1524, 26, "Windforce 2X c дизайном Blade Fan", 78);
INSERT INTO webshop.images (ImageID, Url, ProductID) VALUES (428, "https://i2.rozetka.ua/goods/1710913/gigabyte_gv_n1060wf2oc_3gd_images_1710913936.jpg", 78);
INSERT INTO webshop.images (ImageID, Url, ProductID) VALUES (429, "https://i1.rozetka.ua/goods/1710914/gigabyte_gv_n1060wf2oc_3gd_images_1710914426.jpg", 78);
INSERT INTO webshop.images (ImageID, Url, ProductID) VALUES (430, "https://i1.rozetka.ua/goods/1710914/gigabyte_gv_n1060wf2oc_3gd_images_1710914909.jpg", 78);
INSERT INTO webshop.images (ImageID, Url, ProductID) VALUES (431, "https://i1.rozetka.ua/goods/1710915/gigabyte_gv_n1060wf2oc_3gd_images_1710915343.jpg", 78);
INSERT INTO webshop.images (ImageID, Url, ProductID) VALUES (432, "https://i2.rozetka.ua/goods/1710915/gigabyte_gv_n1060wf2oc_3gd_images_1710915882.jpg", 78);
INSERT INTO webshop.images (ImageID, Url, ProductID) VALUES (433, "https://i1.rozetka.ua/goods/1710916/gigabyte_gv_n1060wf2oc_3gd_images_1710916351.jpg", 78);
INSERT INTO webshop.images (ImageID, Url, ProductID) VALUES (434, "https://i1.rozetka.ua/goods/1845229/gigabyte_gv_n1060wf2oc_3gd_images_1845229520.jpg", 78);
INSERT INTO webshop.comments (CommentID, Nickname, Rating, Message, Date, ProductID) VALUES (204, "Сергей Поштар", 0, "Кто брал? Какая память попалась?", "2018-1-4", 78);
INSERT INTO webshop.comments (CommentID, Nickname, Rating, Message, Date, ProductID) VALUES (205, "Гость", 0, "Достаточно ли для этой Карты core i3 7100 или надо что-то по лучше?", "2018-1-4", 78);
INSERT INTO webshop.comments (CommentID, Nickname, Rating, Message, Date, ProductID) VALUES (206, "Егор Калетински", 3, "добрый день, под нагрузкой дребезжит куллер, скажите, это гарантийный случай?", "2018-1-3", 78);
-- =====================================================================
INSERT INTO webshop.products (ProductID, ProductTypeID, Title, Description, Price) VALUES (79, 6, "Gigabyte PCI-Ex GeForce GTX 1060 Windforce OC 6GB GDDR5 (192bit) (1556/8008) (2 x DVI, HDMI, DisplayPort) (GV-N1060WF2OC-6GD)", "Будьте готовы к игровым сражениям с Geforce GTX 1060 Windforce OC 6G. Geforce GTX обеспечивает самую высокую производительность, добавляя продвинутые игровые технологии (NVIDIA GameWorks) и саму продвинутую игровую экосистему (GeForce Experience). Производительность Реализовано с помощью новой архитектуры nVidia Pascal, Geforce GTX 10-я серия это квантовый скачок в эффективности производительности и энергопотребления. Технологии Технология nVidia GameWorks поддерживает последние требования современных мониторов, включая VR, мониторы с ультравысоким разрешением, так же обеспечивает плавный игровой процесс, кинематографический опыт, возможность захвата изображения 360 даже в VR. Современное решение для VR Откройте для себя новое поколение VR, с низким показателем задержки, наушниками последнего поколения, благодаря технологии nVidia VRWorks. VR аудио (звуковые эффекты), реалистичная графика и физика предметов, позволяют вам прочувствовать и услышать каждый момент. Windforce 2X Cooling System Система охлаждения Windforce 2X оснащена двумя вентиляторами 90 мм с уникальным дизайном лопастей, медной композитной тепловой трубкой, технологией прямого контакта. Все это позволяет получить эффективный уровень теплорассеивания для высокопроизводительной системы с низкой температурой. Разнонаправленное вращение вентиляторов Воздушный поток оптимизирован с помощью разнонаправленного вращения вентиляторов, которое позволяет уменьшить турбулентность и эффективно отводить тепло. Уникальный дизайн лопастей вентилятора Воздушный поток эффективно отводится от радиатора с помощью вентиляторов, лопасти которых, имеют специальные насечки и форму. Благодаря этим характеристикам удается достичь высокого уровня отвода тепла, при высоких нагрузках и низкой температуре. Тесты показали эффективность выше на 23%. 3D Active Fan Используется полупассивный режим работы, вентиляторы останавливают свою работу, если температура чипа не высокая, или нет достаточной нагрузки. Медная композитная трубка Композитная медная трубка сочетает в себе два важных аспекта теплопереноса и способности забирать тепло из зоны прямого контакта. Таким образом повышается эффективность охлаждения на 29%. Прямой контакт теплоотводящих трубок. Медная трубка имеют прямую зону соприкосновения с графическим процессором. Стильная металлическая пластина (Бэкплейт) Металлическая задняя пластина усиливает конструкцию видеокарты, защищает элементную базу от внешнего механического воздействия и повреждений. Разгон в одно нажатие Одним простым действием в программном обеспечении Xtreme Engine, игроки могут легко настроить карту таким образом, чтобы удовлетворить различные игровые требования без специальных знаний. Надежные и долговечные компоненты. При производстве карты используются дроссели и конденсаторы высокого качества, благодаря этому факту графическая карта обеспечивает выдающуюся производительность и долговечность системы. Программное обеспечение Xtreme Engine Настраивайте частоты, напряжение, режим работы вентиляторов, режим работы RGB подсветки, параметры производительности, режимы меню. Все эти настройки могут быть изменены в режиме реального времени, согласно вашим предпочтениям.", 19234);
INSERT INTO webshop.characteristics (CharacteristicID, CharacteristicTypeID, Value, ProductID) VALUES (1525, 1, "PCI-Express x16 3.0", 79);
INSERT INTO webshop.characteristics (CharacteristicID, CharacteristicTypeID, Value, ProductID) VALUES (1526, 2, "OC Mode: Базовая частота: 1582 МГц В режиме разгона: 1797 МГц Gaming Mode: Базовая частота: 1556 МГц В режиме разгона: 1771 МГц", 79);
INSERT INTO webshop.characteristics (CharacteristicID, CharacteristicTypeID, Value, ProductID) VALUES (1527, 16, "7680x4320", 79);
INSERT INTO webshop.characteristics (CharacteristicID, CharacteristicTypeID, Value, ProductID) VALUES (1528, 17, "Активная", 79);
INSERT INTO webshop.characteristics (CharacteristicID, CharacteristicTypeID, Value, ProductID) VALUES (1529, 3, "6 pin", 79);
INSERT INTO webshop.characteristics (CharacteristicID, CharacteristicTypeID, Value, ProductID) VALUES (1530, 4, "DVI DisplayPort HDMI", 79);
INSERT INTO webshop.characteristics (CharacteristicID, CharacteristicTypeID, Value, ProductID) VALUES (1531, 5, "Нет", 79);
INSERT INTO webshop.characteristics (CharacteristicID, CharacteristicTypeID, Value, ProductID) VALUES (1532, 6, "8008 МГц", 79);
INSERT INTO webshop.characteristics (CharacteristicID, CharacteristicTypeID, Value, ProductID) VALUES (1533, 7, "223 x 121 x 39 мм", 79);
INSERT INTO webshop.characteristics (CharacteristicID, CharacteristicTypeID, Value, ProductID) VALUES (1534, 8, "400 Вт", 79);
INSERT INTO webshop.characteristics (CharacteristicID, CharacteristicTypeID, Value, ProductID) VALUES (1535, 9, "GeForce GTX 1060", 79);
INSERT INTO webshop.characteristics (CharacteristicID, CharacteristicTypeID, Value, ProductID) VALUES (1536, 19, "GDDR5", 79);
INSERT INTO webshop.characteristics (CharacteristicID, CharacteristicTypeID, Value, ProductID) VALUES (1537, 20, "36 месяцев", 79);
INSERT INTO webshop.characteristics (CharacteristicID, CharacteristicTypeID, Value, ProductID) VALUES (1538, 21, "2", 79);
INSERT INTO webshop.characteristics (CharacteristicID, CharacteristicTypeID, Value, ProductID) VALUES (1539, 22, "Стандартная", 79);
INSERT INTO webshop.characteristics (CharacteristicID, CharacteristicTypeID, Value, ProductID) VALUES (1540, 12, "192 бит", 79);
INSERT INTO webshop.characteristics (CharacteristicID, CharacteristicTypeID, Value, ProductID) VALUES (1541, 23, "DirectX 12, OpenGL 4.5", 79);
INSERT INTO webshop.characteristics (CharacteristicID, CharacteristicTypeID, Value, ProductID) VALUES (1542, 13, "Нет", 79);
INSERT INTO webshop.characteristics (CharacteristicID, CharacteristicTypeID, Value, ProductID) VALUES (1543, 25, "6 ГБ", 79);
INSERT INTO webshop.characteristics (CharacteristicID, CharacteristicTypeID, Value, ProductID) VALUES (1544, 26, "Windforce 2X", 79);
INSERT INTO webshop.images (ImageID, Url, ProductID) VALUES (435, "https://i2.rozetka.ua/goods/1691366/gigabyte_gv_n1060wf2oc_6gd_images_1691366632.jpg", 79);
INSERT INTO webshop.images (ImageID, Url, ProductID) VALUES (436, "https://i1.rozetka.ua/goods/1691366/gigabyte_gv_n1060wf2oc_6gd_images_1691366723.jpg", 79);
INSERT INTO webshop.images (ImageID, Url, ProductID) VALUES (437, "https://i2.rozetka.ua/goods/1691366/gigabyte_gv_n1060wf2oc_6gd_images_1691366814.jpg", 79);
INSERT INTO webshop.images (ImageID, Url, ProductID) VALUES (438, "https://i1.rozetka.ua/goods/1691366/gigabyte_gv_n1060wf2oc_6gd_images_1691366905.jpg", 79);
INSERT INTO webshop.images (ImageID, Url, ProductID) VALUES (439, "https://i1.rozetka.ua/goods/1691366/gigabyte_gv_n1060wf2oc_6gd_images_1691366996.jpg", 79);
INSERT INTO webshop.images (ImageID, Url, ProductID) VALUES (440, "https://i2.rozetka.ua/goods/1691367/gigabyte_gv_n1060wf2oc_6gd_images_1691367087.jpg", 79);
INSERT INTO webshop.images (ImageID, Url, ProductID) VALUES (441, "https://i2.rozetka.ua/goods/1691367/gigabyte_gv_n1060wf2oc_6gd_images_1691367178.jpg", 79);
INSERT INTO webshop.comments (CommentID, Nickname, Rating, Message, Date, ProductID) VALUES (207, "Денис Рыбак", 0, "Купил данную видаху чуть больше месяца назад. Играю только в пубг и там она греется до 72 градусов без разгона при оборотах кулеров на 70%. Еще тестил гта 5 на ультра грелась вплоть до 75 градусов при таких же оборотах... по производительности проблем нету, в гта фпс 70-120 и в пубг на минималках с... Еще высоким сглаживанием 144+ с просадками до 100 (144 гц моник, так надо=)). Но меня заботят температуры... я даже не знаю можно ли это назвать нормой... Как прекращаю играть со временем падает до 45+ градусов и все ок... то есть сомневаюсь что у меня какой то ”Вирус майнер” =)) Может кто подскажет что то или есть какой то опыт с гигабайтами? Достоинства: производительная Недостатки: греется", "2018-1-4", 79);
INSERT INTO webshop.comments (CommentID, Nickname, Rating, Message, Date, ProductID) VALUES (208, "Андрей", 0, "Здравствуйте подойдёт ли эта видеокарта для материнской платы Asus B150M-K?", "2018-1-0", 79);
INSERT INTO webshop.comments (CommentID, Nickname, Rating, Message, Date, ProductID) VALUES (209, "Danil", 0, "Норм??", "2018-1-4", 79);
-- =====================================================================
INSERT INTO webshop.products (ProductID, ProductTypeID, Title, Description, Price) VALUES (80, 6, "Gigabyte PCI-Ex GeForce GTX 1070 Aorus Gaming Box 8GB GDDR5 (256bit) (1531/8008) (2 x DVI, HDMI, Display Port) (GV-N1070IXEB-8GD)", "Особенности: Внешняя видеокарта Встроенный БП на 450 Вт Подключения через Thunderbolt 3 Дополнительные USB-порты для периферии Будьте готовы к игровым сражениям с Geforce GTX Geforce GTX обеспечивает самую высокую производительность, добавляя продвинутые игровые технологии (NVIDIA GameWorks) и саму продвинутую игровую экосистему (GeForce Experience). Производительность Реализовано с помощью новой архитектуры nVidia Pascal, Geforce GTX 10-я серия квантовый скачок в эффективности производительности и энергопотребления. Технологии Технология nVidia GameWorks поддерживает последние требования современных мониторов, включая VR, мониторы с ультравысоким разрешением, так же обеспечивает плавный игровой процесс, кинематографический опыт, возможность захвата изображения 360 даже в VR. Современное решение для VR Откройте для себя новое поколение VR, с низким показателем задержки, наушниками последнего поколения, благодаря технологии nVidia VRWorks. VR аудио (звуковые эффекты), реалистичная графика и физика предметов, позволяют вам прочувствовать и услышать каждый момент. Уникальный дизайн лопастей вентилятора. Воздушный поток эффективно отводится от радиатора с помощью вентиляторов, лопасти которых, имеют специальные насечки и форму. Благодаря чему эффективность вентиляторов на 23% выше по сравнению с традиционными вентиляторами. 3D активный вентилятор Полупассивные вентиляторы не будут работать при слабых загрузках графического процессора. Это позволит игрокам наслаждаться играми без шума. Медные композитные трубки Композитные медные трубки сочетают в себе два важных аспекта теплопереноса и способности забирать тепло из зоны прямого контакта. Таким образом повышается эффективность охлаждения на 29%. Прямой контакт тепловых трубок и графического процессора Медные трубки имеют прямую зону соприкосновения с графическим процессором. Разгон в одно нажатие Одним простым действием в программном обеспечении XTREME Engine, игроки могут легко настроить карту таким образом, чтобы удовлетворить различные игровые требования без специальных знаний. Ultra Durable Graphic Components При производстве карты используются дроссели и конденсаторы высокого качества, благодаря этому факту графическая карта обеспечивает выдающуюся производительность и долговечность системы. Xtreme Engine Настраивайте частоты, напряжение, режим работы вентиляторов, параметры производительности, режимы меню. Все эти настройки могут быть изменены в режиме реального времени, согласно вашим предпочтениям. Комплектация: Aorus GTX 1070 Gaming Box Кабель 500 мм Thunderbolt 3 (USB Type-C) Кабель питания Сумка Инструкция Диск с драйверами", 19204);
INSERT INTO webshop.characteristics (CharacteristicID, CharacteristicTypeID, Value, ProductID) VALUES (1545, 2, "OC Mode: Базовая частота: 1556 МГц В режиме разгона: 1746 МГц Gaming Mode: Базовая частота: 1531 МГц В режиме разгона: 1721 МГц", 80);
INSERT INTO webshop.characteristics (CharacteristicID, CharacteristicTypeID, Value, ProductID) VALUES (1546, 16, "7680x4320", 80);
INSERT INTO webshop.characteristics (CharacteristicID, CharacteristicTypeID, Value, ProductID) VALUES (1547, 17, "Активная", 80);
INSERT INTO webshop.characteristics (CharacteristicID, CharacteristicTypeID, Value, ProductID) VALUES (1548, 4, "DVI DisplayPort HDMI", 80);
INSERT INTO webshop.characteristics (CharacteristicID, CharacteristicTypeID, Value, ProductID) VALUES (1549, 6, "8008 МГц", 80);
INSERT INTO webshop.characteristics (CharacteristicID, CharacteristicTypeID, Value, ProductID) VALUES (1550, 7, "212 x 96 x 162 мм", 80);
INSERT INTO webshop.characteristics (CharacteristicID, CharacteristicTypeID, Value, ProductID) VALUES (1551, 9, "GeForce GTX 1070", 80);
INSERT INTO webshop.characteristics (CharacteristicID, CharacteristicTypeID, Value, ProductID) VALUES (1552, 19, "GDDR5", 80);
INSERT INTO webshop.characteristics (CharacteristicID, CharacteristicTypeID, Value, ProductID) VALUES (1553, 20, "36 месяцев", 80);
INSERT INTO webshop.characteristics (CharacteristicID, CharacteristicTypeID, Value, ProductID) VALUES (1554, 21, "2", 80);
INSERT INTO webshop.characteristics (CharacteristicID, CharacteristicTypeID, Value, ProductID) VALUES (1555, 12, "256 бит", 80);
INSERT INTO webshop.characteristics (CharacteristicID, CharacteristicTypeID, Value, ProductID) VALUES (1556, 23, "DirectX 12, OpenGL 4.5", 80);
INSERT INTO webshop.characteristics (CharacteristicID, CharacteristicTypeID, Value, ProductID) VALUES (1557, 13, "Нет", 80);
INSERT INTO webshop.characteristics (CharacteristicID, CharacteristicTypeID, Value, ProductID) VALUES (1558, 25, "8 ГБ", 80);
INSERT INTO webshop.characteristics (CharacteristicID, CharacteristicTypeID, Value, ProductID) VALUES (1559, 26, "Радиатор + Вентилятор", 80);
INSERT INTO webshop.characteristics (CharacteristicID, CharacteristicTypeID, Value, ProductID) VALUES (1560, 15, "Внешняя видеокарта", 80);
INSERT INTO webshop.images (ImageID, Url, ProductID) VALUES (442, "https://i2.rozetka.ua/goods/2305648/gigabyte_gv_n1070ixeb_8gd_images_2305648209.jpg", 80);
INSERT INTO webshop.images (ImageID, Url, ProductID) VALUES (443, "https://i2.rozetka.ua/goods/2305648/gigabyte_gv_n1070ixeb_8gd_images_2305648313.jpg", 80);
INSERT INTO webshop.images (ImageID, Url, ProductID) VALUES (444, "https://i2.rozetka.ua/goods/2305648/gigabyte_gv_n1070ixeb_8gd_images_2305648417.jpg", 80);
INSERT INTO webshop.images (ImageID, Url, ProductID) VALUES (445, "https://i2.rozetka.ua/goods/2305648/gigabyte_gv_n1070ixeb_8gd_images_2305648521.jpg", 80);
INSERT INTO webshop.images (ImageID, Url, ProductID) VALUES (446, "https://i1.rozetka.ua/goods/2305648/gigabyte_gv_n1070ixeb_8gd_images_2305648625.jpg", 80);
INSERT INTO webshop.images (ImageID, Url, ProductID) VALUES (447, "https://i2.rozetka.ua/goods/2305648/gigabyte_gv_n1070ixeb_8gd_images_2305648729.jpg", 80);
INSERT INTO webshop.images (ImageID, Url, ProductID) VALUES (448, "https://i2.rozetka.ua/goods/2305745/gigabyte_gv_n1070ixeb_8gd_images_2305745961.jpg", 80);
INSERT INTO webshop.comments (CommentID, Nickname, Rating, Message, Date, ProductID) VALUES (210, "Виктор Каланча", 0, "Доброго дня . Підскажіть якщо відсутній порт тандерболт 3 , чи є можливість підлючення ще наприклад переходнікі", "2018-1-4", 80);
INSERT INTO webshop.comments (CommentID, Nickname, Rating, Message, Date, ProductID) VALUES (211, "Петро", 0, "до dell inspiron 7577 підійде?", "2018-1-6", 80);
INSERT INTO webshop.comments (CommentID, Nickname, Rating, Message, Date, ProductID) VALUES (212, "Максим", 0, "А данная видеокарта будет работать с 1 или 2 поколением thunderbolt'a?", "2017-11-6", 80);
-- =====================================================================
INSERT INTO webshop.products (ProductID, ProductTypeID, Title, Description, Price) VALUES (81, 6, "Gigabyte PCI-Ex GeForce GTX 1070 Ti Gaming 8192MB GDDR5 (256bit) (1607/8008) (DVI, HDMI, 3 x Display Port) (GV-N107TGAMING-8GD)", "Серия видеокарт Gigabyte Gaming созданы, чтобы удовлетворить все требования опытных игроков. Безупречное игровое решение Будьте готовы к игровым сражениям с Geforce GTX. Geforce GTX обеспечивает самую высокую производительность, добавляя продвинутые игровые технологии (NVIDIA GameWorks) и саму продвинутую игровую экосистему (GeForce Experience). Cinematic Game Experience GameWorks раздвигает границы игровой реальности, предоставляя более интерактивный и кинематографический игровой опыт. NVIDIA G-Sync Эта революционная технология для мониторов, которая обеспечивает самый быстрый и плавный игровой процесс в истории. Революционная производительность G-SYNC достигается за счет синхронизации скорости регенерации изображения дисплея с GeForce GTX GPU, установленным в вашем ПК или ноутбуке. Это устраняет разрывы и минимизирует дрожание и задержки изображения. В результате сцены появляются мгновенно, объекты выглядят четче, а геймплей становится суперплавным, обеспечивая потрясающие визуальные впечатления и серьезное преимущество над соперниками. Завораживающая виртуальная реальность (VR) Будьте готовы и наслаждайтесь Виртуальной Реальностью (VR) с самой высокой производительностью и минимальными показателями задержки отображения. Система охлаждения Windforce 3X Система охлаждения Windforce 3X состоящая из трех медных композитных трубок, которые напрямую отводят тепло от GPU, специальной архитектуры пластинок радиатора, уникального дизайна лопастей вентилятора. Благодаря этим характеристикам удается достичь высокого уровня отвода тепла, при высоких нагрузках и низкой температуре. 3D Active Fan with LED Indicators Используется полу-пассивный режим работы, вентиляторы останавливают свою работу,если температура чипа не высокая, или нет достаточной нагрузки.На торце видеокарты расположен индикатор работы вентилятора. Медные композитные трубки Композитные медные трубки сочетают в себе два важных аспекта теплопереноса и способности забирать тепло из зоны прямого контакта. Таким образом повышается эффективность охлаждения на 29%. Прямой контакт теплоотводящих трубок. Медные трубки имеют прямую зону соприкосновения с графическим процессором. Технология Triangle Cool Благодаря запатентованной технологии ”Triangle Cool”, которая состоит из пластинок радиатора и специальный алюминиевых вставок, удается достичь высокого уровня эффективного рассеивания тепла. Стильная металлическая пластина (Бэкплейт) Металлическая задняя пластина усиливает конструкцию видеокарты, защищает элементную базу от внешнего механического воздействия и повреждений. Разгон в одно нажатие Одним простым действием в программном обеспечении XTREME Engine, игроки могут легко настроить карту таким образом, чтобы удовлетворить различные игровые требования без специальных знаний. Технология отбора чипов. GPU Gauntlet Sorting При производстве серии G1 Gaming используются отобранные и первоклассные графические процессоры, которые позволяют достичь высокий разгонный потенциал, высокие характеристики переключения мощности. Это все обеспечивает высокую производительность без ущерба для надежности системы. Программное обеспечение Xtreme Engine Настраивайте частоты, напряжение, режим работы вентиляторов, режим работы RGB подсветки, параметры производительности, режимы меню. Все эти настройки могут быть изменены в режиме реального времени, согласно вашим предпочтениям.", 4887);
INSERT INTO webshop.characteristics (CharacteristicID, CharacteristicTypeID, Value, ProductID) VALUES (1561, 1, "PCI-Express x16 3.0", 81);
INSERT INTO webshop.characteristics (CharacteristicID, CharacteristicTypeID, Value, ProductID) VALUES (1562, 2, "Gaming: 1607 МГц (Boost: 1684 МГц) ОС: 1632 МГц (Boost: 1721 МГц)", 81);
INSERT INTO webshop.characteristics (CharacteristicID, CharacteristicTypeID, Value, ProductID) VALUES (1563, 16, "7680x4320", 81);
INSERT INTO webshop.characteristics (CharacteristicID, CharacteristicTypeID, Value, ProductID) VALUES (1564, 17, "Активная", 81);
INSERT INTO webshop.characteristics (CharacteristicID, CharacteristicTypeID, Value, ProductID) VALUES (1565, 3, "8 pin", 81);
INSERT INTO webshop.characteristics (CharacteristicID, CharacteristicTypeID, Value, ProductID) VALUES (1566, 4, "DVI DisplayPort HDMI", 81);
INSERT INTO webshop.characteristics (CharacteristicID, CharacteristicTypeID, Value, ProductID) VALUES (1567, 5, "Есть", 81);
INSERT INTO webshop.characteristics (CharacteristicID, CharacteristicTypeID, Value, ProductID) VALUES (1568, 6, "8008 МГц", 81);
INSERT INTO webshop.characteristics (CharacteristicID, CharacteristicTypeID, Value, ProductID) VALUES (1569, 7, "41 x 280 x 114 мм", 81);
INSERT INTO webshop.characteristics (CharacteristicID, CharacteristicTypeID, Value, ProductID) VALUES (1570, 8, "500 Вт", 81);
INSERT INTO webshop.characteristics (CharacteristicID, CharacteristicTypeID, Value, ProductID) VALUES (1571, 9, "GeForce GTX 1070 Ti", 81);
INSERT INTO webshop.characteristics (CharacteristicID, CharacteristicTypeID, Value, ProductID) VALUES (1572, 10, "256 ГБ/с", 81);
INSERT INTO webshop.characteristics (CharacteristicID, CharacteristicTypeID, Value, ProductID) VALUES (1573, 19, "GDDR5", 81);
INSERT INTO webshop.characteristics (CharacteristicID, CharacteristicTypeID, Value, ProductID) VALUES (1574, 20, "36 месяцев", 81);
INSERT INTO webshop.characteristics (CharacteristicID, CharacteristicTypeID, Value, ProductID) VALUES (1575, 21, "1", 81);
INSERT INTO webshop.characteristics (CharacteristicID, CharacteristicTypeID, Value, ProductID) VALUES (1576, 22, "Стандартная", 81);
INSERT INTO webshop.characteristics (CharacteristicID, CharacteristicTypeID, Value, ProductID) VALUES (1577, 12, "256 бит", 81);
INSERT INTO webshop.characteristics (CharacteristicID, CharacteristicTypeID, Value, ProductID) VALUES (1578, 23, "DirectX 12, OpenGL 4.5", 81);
INSERT INTO webshop.characteristics (CharacteristicID, CharacteristicTypeID, Value, ProductID) VALUES (1579, 13, "Нет", 81);
INSERT INTO webshop.characteristics (CharacteristicID, CharacteristicTypeID, Value, ProductID) VALUES (1580, 25, "8 ГБ", 81);
INSERT INTO webshop.characteristics (CharacteristicID, CharacteristicTypeID, Value, ProductID) VALUES (1581, 26, "Windforce 3X Blade Fan Design", 81);
INSERT INTO webshop.images (ImageID, Url, ProductID) VALUES (449, "https://i2.rozetka.ua/goods/2307989/gigabyte_gv_n107tgaming_8gd_images_2307989337.jpg", 81);
INSERT INTO webshop.images (ImageID, Url, ProductID) VALUES (450, "https://i1.rozetka.ua/goods/2307990/gigabyte_gv_n107tgaming_8gd_images_2307990273.jpg", 81);
INSERT INTO webshop.images (ImageID, Url, ProductID) VALUES (451, "https://i2.rozetka.ua/goods/2307989/gigabyte_gv_n107tgaming_8gd_images_2307989801.jpg", 81);
INSERT INTO webshop.images (ImageID, Url, ProductID) VALUES (452, "https://i2.rozetka.ua/goods/2307989/gigabyte_gv_n107tgaming_8gd_images_2307989057.jpg", 81);
INSERT INTO webshop.images (ImageID, Url, ProductID) VALUES (453, "https://i1.rozetka.ua/goods/2307988/gigabyte_gv_n107tgaming_8gd_images_2307988753.jpg", 81);
INSERT INTO webshop.images (ImageID, Url, ProductID) VALUES (454, "https://i1.rozetka.ua/goods/2307990/gigabyte_gv_n107tgaming_8gd_images_2307990505.jpg", 81);
INSERT INTO webshop.comments (CommentID, Nickname, Rating, Message, Date, ProductID) VALUES (213, "Матвей Шкурупий", 5, "Прошу оповестить когда появится в наличии! Спасибо!", "2018-0-6", 81);
INSERT INTO webshop.comments (CommentID, Nickname, Rating, Message, Date, ProductID) VALUES (214, "Дмитрий Солодовников", 0, "Можно данную видеокарту с Gigabyte PCI-Ex GeForce GTX 1070 g1 gaming - использовать в sli ? Спасибо за ответ.", "2018-0-1", 81);
INSERT INTO webshop.comments (CommentID, Nickname, Rating, Message, Date, ProductID) VALUES (215, "Дмитрий", 0, "Кто уже купил? Как вам видяха? Какие частоты соответствую описанию на Розетке?", "2017-10-0", 81);
-- =====================================================================
INSERT INTO webshop.products (ProductID, ProductTypeID, Title, Description, Price) VALUES (82, 6, "Gigabyte PCI-Ex GeForce GTX 1080 Aorus Gaming Box 8GB GDDR5X (256bit) (1607/10010) (DVI, HDMI, 3 x Display Port) (GV-N1080IXEB-8GD)", "Особенности: Внешняя видеокарта Встроенный БП на 450 Вт Подключения через Thunderbolt 3 Дополнительные USB-порты для периферии Безупречное игровое решение Geforce GTX обеспечивает самую высокую производительность, добавляя продвинутые игровые технологии (NVIDIA GameWorks) и самую продвинутую игровую экосистему (GeForce Experience). Производительность Реализовано с помощью новой архитектуры nVidia Pascal, Geforce GTX 10-я серия это квантовый скачок в эффективности производительности и энергопотребления. Технологии Технология nVidia GameWorks поддерживает последние требования современных мониторов, включая VR, мониторы с ультравысоким разрешением, так же обеспечивает плавный игровой процесс, кинематографический опыт, возможность захвата изображения 360 даже в VR. Современное решение для VR Откройте для себя новое поколение VR, с низким показателем задержки, наушниками последнего поколения, благодаря технологии nVidia VRWorks. VR аудио (звуковые эффекты), реалистичная графика и физика предметов, позволяют вам прочувствовать и услышать каждый момент. Производительность AORUS Видеокарты AORUS созданы, что бы удовлетворить требования игровых энтузиастов. Видеокарты AORUS основаны на революционной архитектуре NVIDIA Pascal GPU, обеспечивая невероятный игровой опыт. Всестоороннее охлаждение AORUS AORUS обеспечивает всестороннее охлаждение для всех ключевых компонентов видеокарты. Благодаря этому, обеспечивается стабильная работа и более длительный срок службы. Специальное покрытие PCB обеспечивает надежную защиту Пыленепроницаемое покрытие защищает плату от пыли, насекомых, падающих винтиков, стружки, и истирания. Влагозащитное покрытие защищает карту от протекшей жидкости. Коррозионностойкое покрытие защищает карту от активных разъедающих растворов, таких как, соляные растворы, влажность, и коррозия. Полностью автоматизированный производственный процесс Полностью автоматизированный производственный процесс гарантирует высокое качество печатных плат и устраняет возможность возникновения острых выступов разъемов для пайки, которые находятся на поверхности печатной платы. Продуманная конструкция предотвращает ваши руки от порезов или непреднамеренных повреждений компонентов при создании системы. Программное обеспечение AORUS Настраивайте частоты, напряжение, режим работы вентиляторов, режим работы RGB подсветки, параметры производительности, режимы меню. Все эти настройки могут быть изменены в режиме реального времени, согласно вашим предпочтениям. Комплектация: Aorus GTX 1080 Gaming Box Кабель 500 мм Thunderbolt 3 (USB Type-C) Кабель питания Сумка Инструкция Диск с драйверами", 12994);
INSERT INTO webshop.characteristics (CharacteristicID, CharacteristicTypeID, Value, ProductID) VALUES (1582, 2, "OC Mode: Базовая частота: 1632 МГц В режимe разгона: 1771 МГц Gaming Mode: Базовая частота: 1607 МГц В режиме разгона: 1733 МГц", 82);
INSERT INTO webshop.characteristics (CharacteristicID, CharacteristicTypeID, Value, ProductID) VALUES (1583, 16, "7680x4320", 82);
INSERT INTO webshop.characteristics (CharacteristicID, CharacteristicTypeID, Value, ProductID) VALUES (1584, 17, "Активная", 82);
INSERT INTO webshop.characteristics (CharacteristicID, CharacteristicTypeID, Value, ProductID) VALUES (1585, 4, "DVI DisplayPort HDMI", 82);
INSERT INTO webshop.characteristics (CharacteristicID, CharacteristicTypeID, Value, ProductID) VALUES (1586, 5, "Есть", 82);
INSERT INTO webshop.characteristics (CharacteristicID, CharacteristicTypeID, Value, ProductID) VALUES (1587, 6, "10010 МГц", 82);
INSERT INTO webshop.characteristics (CharacteristicID, CharacteristicTypeID, Value, ProductID) VALUES (1588, 7, "212 x 96 x 162 мм", 82);
INSERT INTO webshop.characteristics (CharacteristicID, CharacteristicTypeID, Value, ProductID) VALUES (1589, 9, "GeForce GTX 1080", 82);
INSERT INTO webshop.characteristics (CharacteristicID, CharacteristicTypeID, Value, ProductID) VALUES (1590, 19, "GDDR5X", 82);
INSERT INTO webshop.characteristics (CharacteristicID, CharacteristicTypeID, Value, ProductID) VALUES (1591, 20, "36 месяцев", 82);
INSERT INTO webshop.characteristics (CharacteristicID, CharacteristicTypeID, Value, ProductID) VALUES (1592, 21, "1", 82);
INSERT INTO webshop.characteristics (CharacteristicID, CharacteristicTypeID, Value, ProductID) VALUES (1593, 12, "256 бит", 82);
INSERT INTO webshop.characteristics (CharacteristicID, CharacteristicTypeID, Value, ProductID) VALUES (1594, 23, "DirectX 12, OpenGL 4.5", 82);
INSERT INTO webshop.characteristics (CharacteristicID, CharacteristicTypeID, Value, ProductID) VALUES (1595, 13, "Нет", 82);
INSERT INTO webshop.characteristics (CharacteristicID, CharacteristicTypeID, Value, ProductID) VALUES (1596, 25, "8 ГБ", 82);
INSERT INTO webshop.characteristics (CharacteristicID, CharacteristicTypeID, Value, ProductID) VALUES (1597, 26, "Вентилятор + Радиатор", 82);
INSERT INTO webshop.characteristics (CharacteristicID, CharacteristicTypeID, Value, ProductID) VALUES (1598, 15, "Внешняя видеокарта", 82);
INSERT INTO webshop.images (ImageID, Url, ProductID) VALUES (455, "https://i1.rozetka.ua/goods/2305666/gigabyte_gv_n1080ixeb_8gd_images_2305666721.jpg", 82);
INSERT INTO webshop.images (ImageID, Url, ProductID) VALUES (456, "https://i2.rozetka.ua/goods/2305666/gigabyte_gv_n1080ixeb_8gd_images_2305666825.jpg", 82);
INSERT INTO webshop.images (ImageID, Url, ProductID) VALUES (457, "https://i1.rozetka.ua/goods/2305666/gigabyte_gv_n1080ixeb_8gd_images_2305666929.jpg", 82);
INSERT INTO webshop.images (ImageID, Url, ProductID) VALUES (458, "https://i1.rozetka.ua/goods/2305667/gigabyte_gv_n1080ixeb_8gd_images_2305667033.jpg", 82);
INSERT INTO webshop.images (ImageID, Url, ProductID) VALUES (459, "https://i1.rozetka.ua/goods/2305667/gigabyte_gv_n1080ixeb_8gd_images_2305667137.jpg", 82);
INSERT INTO webshop.images (ImageID, Url, ProductID) VALUES (460, "https://i2.rozetka.ua/goods/2305667/gigabyte_gv_n1080ixeb_8gd_images_2305667241.jpg", 82);
INSERT INTO webshop.images (ImageID, Url, ProductID) VALUES (461, "https://i2.rozetka.ua/goods/2305667/gigabyte_gv_n1080ixeb_8gd_images_2305667345.jpg", 82);
INSERT INTO webshop.images (ImageID, Url, ProductID) VALUES (462, "https://i1.rozetka.ua/goods/2305667/gigabyte_gv_n1080ixeb_8gd_images_2305667449.jpg", 82);
INSERT INTO webshop.images (ImageID, Url, ProductID) VALUES (463, "https://i1.rozetka.ua/goods/2305667/gigabyte_gv_n1080ixeb_8gd_images_2305667553.jpg", 82);
INSERT INTO webshop.images (ImageID, Url, ProductID) VALUES (464, "https://i2.rozetka.ua/goods/2305746/gigabyte_gv_n1080ixeb_8gd_images_2305746073.jpg", 82);
INSERT INTO webshop.comments (CommentID, Nickname, Rating, Message, Date, ProductID) VALUES (216, "Владислав", 0, "Acer Predator 17 G9 792 - пишет что поддерживает Thunderbolt 3 Данная видеокарта будет вместе с ним работать?", "2018-0-3", 82);
INSERT INTO webshop.comments (CommentID, Nickname, Rating, Message, Date, ProductID) VALUES (217, "Максим", 5, "А данная видеокарта будет работать с 1 или 2 поколением thunderbolt'a?", "2017-11-6", 82);
INSERT INTO webshop.comments (CommentID, Nickname, Rating, Message, Date, ProductID) VALUES (218, "Илья", 0, "Acer Aspire Z3-715 (DQ.B86ME.002) пойдет ли. Я незнаю есть или нет Тандерболта 3.", "2017-11-1", 82);
-- =====================================================================
INSERT INTO webshop.products (ProductID, ProductTypeID, Title, Description, Price) VALUES (83, 6, "Gigabyte PCI-Ex GeForce GTX 1080 Mini ITX OC 8GB GDDR5X (256bit) (1607/10010) (DVI, HDMI, 3 x Display Port) (GV-N1080IX-8GD)", "Будьте готовы к игровым сражениям с Geforce GTX Geforce GTX обеспечивает самую высокую производительность, добавляя продвинутые игровые технологии (NVIDIA GameWorks) и саму продвинутую игровую экосистему (GeForce Experience). Производительность Реализовано с помощью новой архитектуры nVidia Pascal, Geforce GTX 10-я серия квантовый скачок в эффективности производительности и энергопотребления. Технологии Технология nVidia GameWorks поддерживает последние требования современных мониторов, включая VR, мониторы с ультравысоким разрешением, так же обеспечивает плавный игровой процесс, кинематографический опыт, возможность захвата изображения 360 даже в VR. Современное решение для VR Откройте для себя новое поколение VR, с низким показателем задержки, наушниками последнего поколения, благодаря технологии nVidia VRWorks. VR аудио (звуковые эффекты), реалистичная графика и физика предметов, позволяют вам прочувствовать и услышать каждый момент. Специально разработанная система охлаждения Система охлаждения реализована с помощью вентилятора 90 мм, 3 медных композитных теплоотводящих трубок, вентилятора с уникальным дизайном лопастей, технологии прямого контакта. Все это позволяет эффективно увеличить уровень теплоотвода, для достижения высокой производительности при низких температурах. Уникальный дизайн лопастей вентилятора. Воздушный поток эффективно отводится от радиатора с помощью вентиляторов, лопасти которых, имеют специальные насечки и форму. Благодаря чему эффективность вентиляторов на 23% выше по сравнению с традиционными вентиляторами. 3D активный вентилятор Полупассивные вентиляторы не будут работать при слабых загрузках графического процессора. Это позволит игрокам наслаждаться играми без шума. Медные композитные трубки Композитные медные трубки сочетают в себе два важных аспекта теплопереноса и способности забирать тепло из зоны прямого контакта. Таким образом повышается эффективность охлаждения на 29%. Прямой контакт тепловых трубок и графического процессора Медные трубки имеют прямую зону соприкосновения с графическим процессором. Разгон в одно нажатие Одним простым действием в программном обеспечении XTREME Engine, игроки могут легко настроить карту таким образом, чтобы удовлетворить различные игровые требования без специальных знаний. Ultra Durable Graphic Components При производстве карты используются дроссели и конденсаторы высокого качества, благодаря этому факту графическая карта обеспечивает выдающуюся производительность и долговечность системы. Xtreme Engine Настраивайте частоты, напряжение, режим работы вентиляторов, параметры производительности, режимы меню. Все эти настройки могут быть изменены в режиме реального времени, согласно вашим предпочтениям.", 13569);
INSERT INTO webshop.characteristics (CharacteristicID, CharacteristicTypeID, Value, ProductID) VALUES (1599, 1, "PCI-Express x16 3.0", 83);
INSERT INTO webshop.characteristics (CharacteristicID, CharacteristicTypeID, Value, ProductID) VALUES (1600, 2, "OC Mode: Базовая частота: 1632 МГц В режиме разгона: 1771 МГц Gaming Mode: Базовая частота: 1607 МГц В режиме разгона: 1733 МГц", 83);
INSERT INTO webshop.characteristics (CharacteristicID, CharacteristicTypeID, Value, ProductID) VALUES (1601, 16, "7680x4320", 83);
INSERT INTO webshop.characteristics (CharacteristicID, CharacteristicTypeID, Value, ProductID) VALUES (1602, 17, "Активная", 83);
INSERT INTO webshop.characteristics (CharacteristicID, CharacteristicTypeID, Value, ProductID) VALUES (1603, 3, "8 pin", 83);
INSERT INTO webshop.characteristics (CharacteristicID, CharacteristicTypeID, Value, ProductID) VALUES (1604, 4, "DVI DisplayPort HDMI", 83);
INSERT INTO webshop.characteristics (CharacteristicID, CharacteristicTypeID, Value, ProductID) VALUES (1605, 5, "Есть", 83);
INSERT INTO webshop.characteristics (CharacteristicID, CharacteristicTypeID, Value, ProductID) VALUES (1606, 6, "10010 МГц", 83);
INSERT INTO webshop.characteristics (CharacteristicID, CharacteristicTypeID, Value, ProductID) VALUES (1607, 7, "169 x 131 x 37 мм", 83);
INSERT INTO webshop.characteristics (CharacteristicID, CharacteristicTypeID, Value, ProductID) VALUES (1608, 8, "500 Вт", 83);
INSERT INTO webshop.characteristics (CharacteristicID, CharacteristicTypeID, Value, ProductID) VALUES (1609, 9, "GeForce GTX 1080", 83);
INSERT INTO webshop.characteristics (CharacteristicID, CharacteristicTypeID, Value, ProductID) VALUES (1610, 19, "GDDR5X", 83);
INSERT INTO webshop.characteristics (CharacteristicID, CharacteristicTypeID, Value, ProductID) VALUES (1611, 20, "36 месяцев", 83);
INSERT INTO webshop.characteristics (CharacteristicID, CharacteristicTypeID, Value, ProductID) VALUES (1612, 21, "1", 83);
INSERT INTO webshop.characteristics (CharacteristicID, CharacteristicTypeID, Value, ProductID) VALUES (1613, 22, "Мини", 83);
INSERT INTO webshop.characteristics (CharacteristicID, CharacteristicTypeID, Value, ProductID) VALUES (1614, 12, "256 бит", 83);
INSERT INTO webshop.characteristics (CharacteristicID, CharacteristicTypeID, Value, ProductID) VALUES (1615, 23, "DirectX 12, OpenGL 4.5", 83);
INSERT INTO webshop.characteristics (CharacteristicID, CharacteristicTypeID, Value, ProductID) VALUES (1616, 13, "Нет", 83);
INSERT INTO webshop.characteristics (CharacteristicID, CharacteristicTypeID, Value, ProductID) VALUES (1617, 25, "8 ГБ", 83);
INSERT INTO webshop.characteristics (CharacteristicID, CharacteristicTypeID, Value, ProductID) VALUES (1618, 26, "Радиатор + Вентилятор", 83);
INSERT INTO webshop.images (ImageID, Url, ProductID) VALUES (465, "https://i2.rozetka.ua/goods/2415991/copy_gigabyte_gv_n1070ixoc_8gd_5a32441ba3cfc_images_2415991497.jpg", 83);
INSERT INTO webshop.images (ImageID, Url, ProductID) VALUES (466, "https://i1.rozetka.ua/goods/2415991/copy_gigabyte_gv_n1070ixoc_8gd_5a32441ba3cfc_images_2415991601.jpg", 83);
INSERT INTO webshop.images (ImageID, Url, ProductID) VALUES (467, "https://i2.rozetka.ua/goods/2415991/copy_gigabyte_gv_n1070ixoc_8gd_5a32441ba3cfc_images_2415991713.jpg", 83);
INSERT INTO webshop.images (ImageID, Url, ProductID) VALUES (468, "https://i1.rozetka.ua/goods/2415991/gigabyte_gv_n1080ix_8gd_images_2415991865.jpg", 83);
INSERT INTO webshop.images (ImageID, Url, ProductID) VALUES (469, "https://i1.rozetka.ua/goods/2415992/gigabyte_gv_n1080ix_8gd_images_2415992001.jpg", 83);
-- =====================================================================
INSERT INTO webshop.products (ProductID, ProductTypeID, Title, Description, Price) VALUES (84, 6, "Gigabyte PCI-Ex GeForce GTX 1080 Turbo OC 8GB GDDR5X (256bit) (1632/10010) (DVI, HDMI, 3 x DisplayPort) (GV-N1080TTOC-8GD)", "Будьте готовы к игровым сражениям с Geforce GTX 1080 Turbo OC Geforce GTX обеспечивает самую высокую производительность, добавляя продвинутые игровые технологии (NVIDIA GameWorks) и саму продвинутую игровую экосистему (GeForce Experience). Производительность Реализовано с помощью новой архитектуры nVidia Pascal, Geforce GTX 10-я серия это квантовый скачок в эффективности производительности и энергопотребления. Технологии Технология nVidia GameWorks поддерживает последние требования современных мониторов, включая VR, мониторы с ультравысоким разрешением, так же обеспечивает плавный игровой процесс, кинематографический опыт, возможность захвата изображения 360 даже в VR. Современное решение для VR Откройте для себя новое поколение VR, с низким показателем задержки, наушниками последнего поколения, благодаря технологии nVidia VRWorks. VR аудио (звуковые эффекты), реалистичная графика и физика предметов, позволяют вам прочувствовать и услышать каждый момент. Turbo Fan Cooling System Система охлаждения Turbo Fan оснащена мощным вентиляторами с радиатором, медными композитными теплотрубками, технологией прямого контакта. Все это позволяет получить эффективный уровень теплорассеивания для высокопроизводительной системы с низкой температурой. Медные композитные трубки Композитные медные трубки сочетают в себе два важных аспекта теплопереноса и способности забирать тепло из зоны прямого контакта. Таким образом повышается эффективность охлаждения на 29%. Прямой контакт теплоотводящих трубок Медные трубки имеют прямую зону соприкосновения с графическим процессором. Разгон в одно нажатие Одним простым действием в программном обеспечении Xtreme Engine, игроки могут легко настроить карту таким образом, чтобы удовлетворить различные игровые требования без специальных знаний. Надежные и долговечные компоненты. При производстве карты используются дроссели и конденсаторы высокого качества, благодаря этому факту графическая карта обеспечивает выдающуюся производительность и долговечность системы. Программное обеспечение Xtreme Engine Настраивайте частоты, напряжение, режим работы вентиляторов, режим работы RGB подсветки, параметры производительности, режимы меню. Все эти настройки могут быть изменены в режиме реального времени, согласно вашим предпочтениям.", 17342);
INSERT INTO webshop.characteristics (CharacteristicID, CharacteristicTypeID, Value, ProductID) VALUES (1619, 1, "PCI-Express x16 3.0", 84);
INSERT INTO webshop.characteristics (CharacteristicID, CharacteristicTypeID, Value, ProductID) VALUES (1620, 2, "Gaming Mode: Базовая частота: 1632 МГц В режиме разгона: 1771 МГц OC Mode: Базовая частота: 1657 МГц В режиме разгона: 1797 МГц", 84);
INSERT INTO webshop.characteristics (CharacteristicID, CharacteristicTypeID, Value, ProductID) VALUES (1621, 16, "7680x4320", 84);
INSERT INTO webshop.characteristics (CharacteristicID, CharacteristicTypeID, Value, ProductID) VALUES (1622, 17, "Активная", 84);
INSERT INTO webshop.characteristics (CharacteristicID, CharacteristicTypeID, Value, ProductID) VALUES (1623, 3, "8 pin", 84);
INSERT INTO webshop.characteristics (CharacteristicID, CharacteristicTypeID, Value, ProductID) VALUES (1624, 4, "DVI DisplayPort HDMI", 84);
INSERT INTO webshop.characteristics (CharacteristicID, CharacteristicTypeID, Value, ProductID) VALUES (1625, 5, "Есть", 84);
INSERT INTO webshop.characteristics (CharacteristicID, CharacteristicTypeID, Value, ProductID) VALUES (1626, 6, "10010 МГц", 84);
INSERT INTO webshop.characteristics (CharacteristicID, CharacteristicTypeID, Value, ProductID) VALUES (1627, 7, "280 x 118 x 41 мм", 84);
INSERT INTO webshop.characteristics (CharacteristicID, CharacteristicTypeID, Value, ProductID) VALUES (1628, 8, "500 Вт", 84);
INSERT INTO webshop.characteristics (CharacteristicID, CharacteristicTypeID, Value, ProductID) VALUES (1629, 9, "GeForce GTX 1080", 84);
INSERT INTO webshop.characteristics (CharacteristicID, CharacteristicTypeID, Value, ProductID) VALUES (1630, 19, "GDDR5X", 84);
INSERT INTO webshop.characteristics (CharacteristicID, CharacteristicTypeID, Value, ProductID) VALUES (1631, 20, "36 месяцев", 84);
INSERT INTO webshop.characteristics (CharacteristicID, CharacteristicTypeID, Value, ProductID) VALUES (1632, 21, "1", 84);
INSERT INTO webshop.characteristics (CharacteristicID, CharacteristicTypeID, Value, ProductID) VALUES (1633, 22, "Стандартная", 84);
INSERT INTO webshop.characteristics (CharacteristicID, CharacteristicTypeID, Value, ProductID) VALUES (1634, 12, "256 бит", 84);
INSERT INTO webshop.characteristics (CharacteristicID, CharacteristicTypeID, Value, ProductID) VALUES (1635, 23, "DirectX 12, OpenGL 4.5", 84);
INSERT INTO webshop.characteristics (CharacteristicID, CharacteristicTypeID, Value, ProductID) VALUES (1636, 13, "Нет", 84);
INSERT INTO webshop.characteristics (CharacteristicID, CharacteristicTypeID, Value, ProductID) VALUES (1637, 25, "8 ГБ", 84);
INSERT INTO webshop.characteristics (CharacteristicID, CharacteristicTypeID, Value, ProductID) VALUES (1638, 26, "Турбина", 84);
INSERT INTO webshop.images (ImageID, Url, ProductID) VALUES (470, "https://i2.rozetka.ua/goods/1774409/gigabyte_gv_n1080ttoc_8gd_images_1774409505.jpg", 84);
INSERT INTO webshop.images (ImageID, Url, ProductID) VALUES (471, "https://i2.rozetka.ua/goods/1774409/gigabyte_gv_n1080ttoc_8gd_images_1774409596.jpg", 84);
INSERT INTO webshop.images (ImageID, Url, ProductID) VALUES (472, "https://i2.rozetka.ua/goods/1774409/gigabyte_gv_n1080ttoc_8gd_images_1774409687.jpg", 84);
INSERT INTO webshop.images (ImageID, Url, ProductID) VALUES (473, "https://i1.rozetka.ua/goods/1774409/gigabyte_gv_n1080ttoc_8gd_images_1774409855.jpg", 84);
INSERT INTO webshop.images (ImageID, Url, ProductID) VALUES (474, "https://i1.rozetka.ua/goods/1774409/gigabyte_gv_n1080ttoc_8gd_images_1774409960.jpg", 84);
INSERT INTO webshop.comments (CommentID, Nickname, Rating, Message, Date, ProductID) VALUES (219, "Андрей", 5, "доволен покупкой Достоинства: не греится,шустрая,тихая,тёплый воздух выходит наружу Недостатки: пока не заметил", "2018-0-6", 84);
INSERT INTO webshop.comments (CommentID, Nickname, Rating, Message, Date, ProductID) VALUES (220, "sergey", 0, "Отличная карта, стали как родные, температура 65-68 (рядом горячие карты) но окружающая температура 12-14... Обороты 55-65... Шум выше чем работа например, но оно и ясно. З.Ы. давно хотел спросить, а G3930 раскроет две таких в sli? Достоинства: 1*8pin , потребление ниже. партия микрон Недостатки: референс, турбина...", "2018-0-6", 84);
INSERT INTO webshop.comments (CommentID, Nickname, Rating, Message, Date, ProductID) VALUES (221, "Денис Кузьменко", 0, "Ребят как пойдёт с процессором i7-7800k и какой будет фпс в тягучих играх Достоинства: - Недостатки: -", "2017-11-4", 84);
-- =====================================================================
INSERT INTO webshop.products (ProductID, ProductTypeID, Title, Description, Price) VALUES (85, 6, "Gigabyte PCI-Ex GeForce GTX 1080 Windforce OC 8GB GDDR5X (256bit) (1632/10010) (DVI, HDMI, 3 x DisplayPort) (GV-N1080WF3OC-8GD)", "Будьте готовы к игровым сражениям с Geforce GTX 1080 Windforce OC Geforce GTX обеспечивает самую высокую производительность, добавляя продвинутые игровые технологии (NVIDIA GameWorks) и саму продвинутую игровую экосистему (GeForce Experience). Производительность Реализовано с помощью новой архитектуры nVidia Pascal, Geforce GTX 10-я серия это квантовый скачок в эффективности производительности и энергопотребления. Технологии Технология nVidia GameWorks поддерживает последние требования современных мониторов, включая VR, мониторы с ультравысоким разрешением, так же обеспечивает плавный игровой процесс, кинематографический опыт, возможность захвата изображения 360 даже в VR. Современное решение для VR Откройте для себя новое поколение VR, с низким показателем задержки, наушниками последнего поколения, благодаря технологии nVidia VRWorks. VR аудио (звуковые эффекты), реалистичная графика и физика предметов, позволяют вам прочувствовать и услышать каждый момент. Windforce 3X Cooling System Система охлаждения Windforce 3X оснащена тремя вентиляторами 90 мм с уникальным дизайном лопастей, тремяя медными композитными теплотрубками, технологией прямого контакта. Все это позволяет получить эффективный уровень теплорассеивания для высокопроизводительной системы с низкой температурой. Уникальный дизайн лопастей вентилятора. Воздушный поток эффективно отводится от радиатора с помощью вентиляторов, лопасти которых, имеют специальные насечки и форму. Благодаря этим характеристикам удается достичь высокого уровня отвода тепла, при высоких нагрузках и низкой температуре. Тесты показали эффективность выше на 23%. 3D Active Fan Используется полупассивный режим работы, вентиляторы останавливают свою работу, если температура чипа не высокая, или нет достаточной нагрузки. Медные композитные трубки Композитные медные трубки сочетают в себе два важных аспекта теплопереноса и способности забирать тепло из зоны прямого контакта. Таким образом повышается эффективность охлаждения на 29%. Стильная металлическая пластина (Бэкплейт) Металлическая задняя пластина усиливает конструкцию видеокарты, защищает элементную базу от внешнего механического воздействия и повреждений. Разгон в одно нажатие Одним простым действием в программном обеспечении Xtreme Engine, игроки могут легко настроить карту таким образом, чтобы удовлетворить различные игровые требования без специальных знаний. Надежные и долговечные компоненты. При производстве карты используются дроссели и конденсаторы высокого качества, благодаря этому факту графическая карта обеспечивает выдающуюся производительность и долговечность системы. Программное обеспечение Xtreme Engine Настраивайте частоты, напряжение, режим работы вентиляторов, режим работы RGB подсветки, параметры производительности, режимы меню. Все эти настройки могут быть изменены в режиме реального времени, согласно вашим предпочтениям.", 13511);
INSERT INTO webshop.characteristics (CharacteristicID, CharacteristicTypeID, Value, ProductID) VALUES (1639, 1, "PCI-Express x16 3.0", 85);
INSERT INTO webshop.characteristics (CharacteristicID, CharacteristicTypeID, Value, ProductID) VALUES (1640, 2, "Gaming Mode: Базовая частота: 1632 МГц В режиме разгона: 1771 МГц OC Mode: Базовая частота: 1657 МГц В режиме разгона: 1797 МГц", 85);
INSERT INTO webshop.characteristics (CharacteristicID, CharacteristicTypeID, Value, ProductID) VALUES (1641, 16, "7680x4320", 85);
INSERT INTO webshop.characteristics (CharacteristicID, CharacteristicTypeID, Value, ProductID) VALUES (1642, 17, "Активная", 85);
INSERT INTO webshop.characteristics (CharacteristicID, CharacteristicTypeID, Value, ProductID) VALUES (1643, 3, "8 pin", 85);
INSERT INTO webshop.characteristics (CharacteristicID, CharacteristicTypeID, Value, ProductID) VALUES (1644, 4, "DVI DisplayPort HDMI", 85);
INSERT INTO webshop.characteristics (CharacteristicID, CharacteristicTypeID, Value, ProductID) VALUES (1645, 5, "Есть", 85);
INSERT INTO webshop.characteristics (CharacteristicID, CharacteristicTypeID, Value, ProductID) VALUES (1646, 6, "10010 МГц", 85);
INSERT INTO webshop.characteristics (CharacteristicID, CharacteristicTypeID, Value, ProductID) VALUES (1647, 7, "280 x 114 x 41 мм", 85);
INSERT INTO webshop.characteristics (CharacteristicID, CharacteristicTypeID, Value, ProductID) VALUES (1648, 8, "500 Вт", 85);
INSERT INTO webshop.characteristics (CharacteristicID, CharacteristicTypeID, Value, ProductID) VALUES (1649, 9, "GeForce GTX 1080", 85);
INSERT INTO webshop.characteristics (CharacteristicID, CharacteristicTypeID, Value, ProductID) VALUES (1650, 19, "GDDR5X", 85);
INSERT INTO webshop.characteristics (CharacteristicID, CharacteristicTypeID, Value, ProductID) VALUES (1651, 20, "36 месяцев", 85);
INSERT INTO webshop.characteristics (CharacteristicID, CharacteristicTypeID, Value, ProductID) VALUES (1652, 21, "1", 85);
INSERT INTO webshop.characteristics (CharacteristicID, CharacteristicTypeID, Value, ProductID) VALUES (1653, 22, "Стандартная", 85);
INSERT INTO webshop.characteristics (CharacteristicID, CharacteristicTypeID, Value, ProductID) VALUES (1654, 12, "256 бит", 85);
INSERT INTO webshop.characteristics (CharacteristicID, CharacteristicTypeID, Value, ProductID) VALUES (1655, 23, "DirectX 12, OpenGL 4.5", 85);
INSERT INTO webshop.characteristics (CharacteristicID, CharacteristicTypeID, Value, ProductID) VALUES (1656, 13, "Нет", 85);
INSERT INTO webshop.characteristics (CharacteristicID, CharacteristicTypeID, Value, ProductID) VALUES (1657, 25, "8 ГБ", 85);
INSERT INTO webshop.characteristics (CharacteristicID, CharacteristicTypeID, Value, ProductID) VALUES (1658, 26, "Windforce 3X", 85);
INSERT INTO webshop.images (ImageID, Url, ProductID) VALUES (475, "https://i2.rozetka.ua/goods/1691553/gigabyte_gv_n1080wf3oc_8gd_images_1691553819.jpg", 85);
INSERT INTO webshop.images (ImageID, Url, ProductID) VALUES (476, "https://i1.rozetka.ua/goods/1691553/gigabyte_gv_n1080wf3oc_8gd_images_1691553910.jpg", 85);
INSERT INTO webshop.images (ImageID, Url, ProductID) VALUES (477, "https://i1.rozetka.ua/goods/1691554/gigabyte_gv_n1080wf3oc_8gd_images_1691554043.jpg", 85);
INSERT INTO webshop.images (ImageID, Url, ProductID) VALUES (478, "https://i2.rozetka.ua/goods/1691554/gigabyte_gv_n1080wf3oc_8gd_images_1691554183.jpg", 85);
INSERT INTO webshop.images (ImageID, Url, ProductID) VALUES (479, "https://i2.rozetka.ua/goods/1691554/gigabyte_gv_n1080wf3oc_8gd_images_1691554358.jpg", 85);
INSERT INTO webshop.images (ImageID, Url, ProductID) VALUES (480, "https://i2.rozetka.ua/goods/1691555/gigabyte_gv_n1080wf3oc_8gd_images_1691555821.jpg", 85);
INSERT INTO webshop.comments (CommentID, Nickname, Rating, Message, Date, ProductID) VALUES (222, "RoxXyy7212", 0, "А к Pentium(R) Dual-Core E5500 подойдет?", "2017-11-6", 85);
INSERT INTO webshop.comments (CommentID, Nickname, Rating, Message, Date, ProductID) VALUES (223, "Алексей", 0, "Кто производитель внутренней памяти?", "2017-11-5", 85);
INSERT INTO webshop.comments (CommentID, Nickname, Rating, Message, Date, ProductID) VALUES (224, "Богдан", 0, "подойдет к материнке Asus B85M-G (s1150, Intel B85, PCI-Ex16) и бп Chieftec Nitro II 85+ BPS-750C2 ?", "2017-9-2", 85);
-- =====================================================================
INSERT INTO webshop.products (ProductID, ProductTypeID, Title, Description, Price) VALUES (86, 6, "Gigabyte PCI-Ex GeForce GTX 1080 Ti Aorus Waterforce WB Xtreme Edition 11GB GDDR5X (352bit) (1607/11232) (DVI, 3 x HDMI, 3 x Display Port) (GV-N108TAORUSX WB-11GD)", "Xtreme Мощность Видеокарты Gigabyte серии Xtreme Gaming созданы, чтобы удовлетворить требования игровых энтузиастов. Видеокарты Xtreme Gaming основаны на революционной архитектуре nVidia Pascal GPU, обеспечивая невероятный игровой опыт. Производительность Реализовано с помощью новой архитектуры nVidia Pascal, Geforce GTX 10-я серия это квантовый скачок в эффективности производительности и энергопотребления. Технологии Технология nVidia GameWorks поддерживает последние требования современных мониторов, включая VR, мониторы с ультравысоким разрешением, так же обеспечивает плавный игровой процесс, кинематографический опыт, возможность захвата изображения 360 даже в VR. Современное решение для VR Откройте для себя новое поколение VR, с низким показателем задержки, наушниками последнего поколения, благодаря технологии nVidia VRWorks. VR аудио (звуковые эффекты), реалистичная графика и физика предметов, позволяют вам прочувствовать и услышать каждый момент. Система охлаждения Waterforce Используемый водоблок включает в себя медное никелированное основание, акриловую крышку, фронтальную декоративную и тыльную усилительную пластины с вырезами в виде логотипа Aorus, а также акриловый терминал. На внутренней стороне основания, напротив GPU, имеется массив микропластин для лучшего рассеивания тепла. Структура двухрядных подшипников Двухрядные шариковые подшипники обладают лучшими параметрами теплостойкости и более эффективны, чем обычные. Следовательно, это обеспечивает более длительный срок службы вентилятора. Xtreme VR Link Xtreme VR Link обеспечивает наилучшее решение, как для устройств виртуальной реальности (VR) c тремя коннекторами HDMI, так и для систем из трех 4K мониторов, которым необходимы три DP коннектора. Подключенные разъемы автоматически определяются при перезагрузке ПК. RGB Fusion Работой системы подсветки RGB Fusion пользователь может управлять самостоятельно с помощью утилиты Aorus Graphics Engine. Поддерживается отображение 16.7 млн оттенков с различными эффектами: циклическая смена цвета, «вспышка», «двойная вспышка» и «дыхание». Стильная металлическая пластина (бэкплейт) Черная металлическая пластина надежно защищает карту и придает жесткости. Создано для Xtreme Overclocking 12+2 фазы питания Если сравнить с референсным дизайном видеокарты, то можно заметить, что 12+2 фазы питания на карте, позволяют Mosfet работать при температуре ниже, и обеспечивают стабильность напряжения и питания. Защита от перегрева и защита от перегрузки каждого Mosfet могут эффективно продлить время жизни видеокарты. Полностью автоматизированный производственный процесс Полностью автоматизированный производственный процесс гарантирует высокое качество печатных плат и устраняет возможность возникновения острых выступов разъемов для пайки, которые находятся на поверхности печатной платы. Продуманная конструкция предотвращает ваши руки от порезов или непреднамеренных повреждений компонентов при создании системы.", 9670);
INSERT INTO webshop.characteristics (CharacteristicID, CharacteristicTypeID, Value, ProductID) VALUES (1659, 1, "PCI-Express x16 3.0", 86);
INSERT INTO webshop.characteristics (CharacteristicID, CharacteristicTypeID, Value, ProductID) VALUES (1660, 2, "OC Mode: Базовая частота: 1632 МГц В режимe разгона: 1746 МГц Gaming Mode: Базовая частота: 1607 МГц В режиме разгона: 1721 МГц", 86);
INSERT INTO webshop.characteristics (CharacteristicID, CharacteristicTypeID, Value, ProductID) VALUES (1661, 16, "7680x4320", 86);
INSERT INTO webshop.characteristics (CharacteristicID, CharacteristicTypeID, Value, ProductID) VALUES (1662, 17, "Активная", 86);
INSERT INTO webshop.characteristics (CharacteristicID, CharacteristicTypeID, Value, ProductID) VALUES (1663, 3, "8 + 8 pin", 86);
INSERT INTO webshop.characteristics (CharacteristicID, CharacteristicTypeID, Value, ProductID) VALUES (1664, 4, "DVI DisplayPort HDMI", 86);
INSERT INTO webshop.characteristics (CharacteristicID, CharacteristicTypeID, Value, ProductID) VALUES (1665, 5, "Есть", 86);
INSERT INTO webshop.characteristics (CharacteristicID, CharacteristicTypeID, Value, ProductID) VALUES (1666, 6, "OC Mode: 11448 МГц Gaming Mode: 11232 МГц", 86);
INSERT INTO webshop.characteristics (CharacteristicID, CharacteristicTypeID, Value, ProductID) VALUES (1667, 7, "266.7 x 149.27 x 28.25 мм", 86);
INSERT INTO webshop.characteristics (CharacteristicID, CharacteristicTypeID, Value, ProductID) VALUES (1668, 8, "600 Вт", 86);
INSERT INTO webshop.characteristics (CharacteristicID, CharacteristicTypeID, Value, ProductID) VALUES (1669, 9, "GeForce GTX 1080 Ti", 86);
INSERT INTO webshop.characteristics (CharacteristicID, CharacteristicTypeID, Value, ProductID) VALUES (1670, 19, "GDDR5X", 86);
INSERT INTO webshop.characteristics (CharacteristicID, CharacteristicTypeID, Value, ProductID) VALUES (1671, 20, "36 месяцев", 86);
INSERT INTO webshop.characteristics (CharacteristicID, CharacteristicTypeID, Value, ProductID) VALUES (1672, 21, "1", 86);
INSERT INTO webshop.characteristics (CharacteristicID, CharacteristicTypeID, Value, ProductID) VALUES (1673, 22, "Стандартная", 86);
INSERT INTO webshop.characteristics (CharacteristicID, CharacteristicTypeID, Value, ProductID) VALUES (1674, 12, "352 бит", 86);
INSERT INTO webshop.characteristics (CharacteristicID, CharacteristicTypeID, Value, ProductID) VALUES (1675, 23, "DirectX 12, OpenGL 4.5", 86);
INSERT INTO webshop.characteristics (CharacteristicID, CharacteristicTypeID, Value, ProductID) VALUES (1676, 13, "Нет", 86);
INSERT INTO webshop.characteristics (CharacteristicID, CharacteristicTypeID, Value, ProductID) VALUES (1677, 25, "11 ГБ", 86);
INSERT INTO webshop.characteristics (CharacteristicID, CharacteristicTypeID, Value, ProductID) VALUES (1678, 26, "Waterforce", 86);
INSERT INTO webshop.characteristics (CharacteristicID, CharacteristicTypeID, Value, ProductID) VALUES (1679, 15, "Водяное охлаждение", 86);
INSERT INTO webshop.images (ImageID, Url, ProductID) VALUES (481, "https://i2.rozetka.ua/goods/2160798/gigabyte_gv_n108taorusx_wb_11gd_images_2160798641.jpg", 86);
INSERT INTO webshop.images (ImageID, Url, ProductID) VALUES (482, "https://i2.rozetka.ua/goods/2160798/gigabyte_gv_n108taorusx_wb_11gd_images_2160798732.jpg", 86);
INSERT INTO webshop.images (ImageID, Url, ProductID) VALUES (483, "https://i2.rozetka.ua/goods/2160798/gigabyte_gv_n108taorusx_wb_11gd_images_2160798823.jpg", 86);
INSERT INTO webshop.images (ImageID, Url, ProductID) VALUES (484, "https://i2.rozetka.ua/goods/2160798/gigabyte_gv_n108taorusx_wb_11gd_images_2160798914.jpg", 86);
INSERT INTO webshop.images (ImageID, Url, ProductID) VALUES (485, "https://i2.rozetka.ua/goods/2160799/gigabyte_gv_n108taorusx_wb_11gd_images_2160799005.jpg", 86);
INSERT INTO webshop.images (ImageID, Url, ProductID) VALUES (486, "https://i2.rozetka.ua/goods/2160799/gigabyte_gv_n108taorusx_wb_11gd_images_2160799096.jpg", 86);
INSERT INTO webshop.images (ImageID, Url, ProductID) VALUES (487, "https://i1.rozetka.ua/goods/2160799/gigabyte_gv_n108taorusx_wb_11gd_images_2160799187.jpg", 86);
INSERT INTO webshop.images (ImageID, Url, ProductID) VALUES (488, "https://i2.rozetka.ua/goods/2160799/gigabyte_gv_n108taorusx_wb_11gd_images_2160799278.jpg", 86);
INSERT INTO webshop.images (ImageID, Url, ProductID) VALUES (489, "https://i1.rozetka.ua/goods/2160799/gigabyte_gv_n108taorusx_wb_11gd_images_2160799369.jpg", 86);
INSERT INTO webshop.comments (CommentID, Nickname, Rating, Message, Date, ProductID) VALUES (225, "Александр", 0, "Водоблок есть в комплекте или нет?", "2018-1-4", 86);
INSERT INTO webshop.comments (CommentID, Nickname, Rating, Message, Date, ProductID) VALUES (226, "Дмитрий", 0, "Подойдёт ли к этой видеокарте система жидкостного охлаждения Arctic Cooling Accelero Hybrid III - 140? Подробнее: https://hard.rozetka.com.ua/arctic_accelero_hybrid_3_140/p7612692/", "2018-0-0", 86);
INSERT INTO webshop.comments (CommentID, Nickname, Rating, Message, Date, ProductID) VALUES (227, "Дєня Рейх", 5, "Які тут розміри шланга якого можна установити?", "2017-9-5", 86);
-- =====================================================================
INSERT INTO webshop.products (ProductID, ProductTypeID, Title, Description, Price) VALUES (87, 6, "Gigabyte PCI-Ex GeForce GTX 1080 Ti Aorus Xtreme Edition 11GB GDDR5X (352bit) (1607/11232) (DVI, 3 x HDMI, 3 x Display Port) (GV-N108TAORUS X-11GD)", "Xtreme Мощность Видеокарты Gigabyte серии Xtreme Gaming созданы, чтобы удовлетворить требования игровых энтузиастов. Видеокарты Xtreme Gaming основаны на революционной архитектуре nVidia Pascal GPU, обеспечивая невероятный игровой опыт. Производительность Реализовано с помощью новой архитектуры nVidia Pascal, Geforce GTX 10-я серия это квантовый скачок в эффективности производительности и энергопотребления. Технологии Технология nVidia GameWorks поддерживает последние требования современных мониторов, включая VR, мониторы с ультравысоким разрешением, так же обеспечивает плавный игровой процесс, кинематографический опыт, возможность захвата изображения 360 даже в VR. Современное решение для VR Откройте для себя новое поколение VR, с низким показателем задержки, наушниками последнего поколения, благодаря технологии nVidia VRWorks. VR аудио (звуковые эффекты), реалистичная графика и физика предметов, позволяют вам прочувствовать и услышать каждый момент. Система охлаждения Windforce Stack 3X Cистема охлаждения Gigabyte Windforce stack 3X (патент) реализована и состоит из 3X 100 мм stack вентиляторов, с уникальным дизайном лопастей, с двойным шарикоподшипником. Ребра радиатора имеют угол наклона, 6 композитных теплоотводящих трубок напрямую отводят тепло от графического процессора. Все это обеспечивает эффективную мощность рассеивания тепла для повышения производительности при низких температурах. Stack Fan дизайн Система охлаждения состоит из 3x 100мм вентиляторов, это обеспечивает больший по объему и более плавный воздушный поток. В сравнении с системой из 3x 80 мм вентиляторов, новая система Windforce Stack Fan имеет на 10% более эффективную систему охлаждения. Инновационный дизайн Stack Fan Система из 3x 100мм вентиляторов занимает меньше, чем 300 мм пространства. Все это позволяет сконцентрировать и увеличить поток воздуха на весь радиатор для наиболее эффективного рассеивания тепла. Альтернативное вращение вентилятора Средний вентилятор вращается в обратном направлении, таким образом оптимизируется воздушный поток. Тепло рассеивается наиболее эффективно и достигается более высокая производительность при более низкой температуре. Уникальный дизайн лопастей вентилятора. Воздушный поток эффективно отводится от радиатора с помощью вентиляторов, лопасти которых, имеют специальные насечки и форму. Благодаря этим характеристикам удается достичь высокого уровня отвода тепла, при высоких нагрузках и низкой температуре. Тесты показали эффективность выше на 23%. Структура двухрядных подшипников Двухрядные шариковые подшипники обладают лучшими параметрами теплостойкости и более эффективны, чем обычные. Следовательно, это обеспечивает более длительный срок службы вентилятора. Дизайн радиатора Ребра радиатора под углом. Разные по высоте и находящиеся под углом ребра радиатора не только оптимизируют канал прохода воздуха и увеличивают поверхность контакта, но и значительно снижают уровень шума и увеличивают эффективность охлаждения. Композитные теплоотводящие трубки Композитные медные трубки сочетают в себе два важных аспекта теплопереноса и способности забирать тепло из зоны прямого контакта. Таким образом повышается эффективность охлаждения на 29%. Большое медное базовое основание При непосредственном контакте с GPU и VRAM, большое медное основания сочетает в себе композитные тепловые трубки для эффективной передачи тепла от внутренних ядер к радиатору, сохраняя графическую карту прохладной и стабильной при разгоне для повышения производительности. Вентиляторы с RGB LED подсветкой Видеокарты серии Xtreme Gaming оснащены полупассивными 0 дб 3D-Active вентиляторами, которые были впервые произведены и представлены компанией Gigabyte в 2007 году. Используется полупассивный режим работы, вентиляторы останавливают свою работу, если температура чипа не высокая, или нет достаточной нагрузки. На торце видеокарты расположен индикатор работы вентилятора. Xtreme VR Link Xtreme VR Link обеспечивает наилучшее решение, как для устройств виртуальной реальности (VR) c тремя коннекторами HDMI, так и для систем из трех 4K мониторов, которым необходимы три DP коннектора. Подключенные разъемы автоматически определяются при перезагрузке ПК. Настраиваемая RGB подсветка логотипа и индикатора работы вентилятора Доступно 16.8 млн цветовых оттенков и различные схемы работы подсветки, вы можете установить необходимый режим с помощью программного обеспечения Xtreme Engine. Специальное покрытие PCB обеспечивает надежную защиту Пыленепроницаемое покрытие защищает плату от пыли, насекомых, падающих винтиков, стружки, и истирания Влагозащитное покрытие защищает карту от протекшей жидкости Коррозионностойкое покрытие защищает карту от активных разъедающих растворов, таких как, соляные растворы, влажность, и коррозия Стильная металлическая пластина (бэкплейт) Черная металлическая пластина надежно защищает карту и придает жесткости. Создано для Xtreme Overclocking 12+2 фаз питания Если сравнить с референсным дизайном видеокарты, то можно заметить, что 12+2 фазы питания на карте, позволяют Mosfet работать при температуре ниже, и обеспечивают стабильность напряжения и питания. Защита от перегрева и защита от перегрузки каждого Mosfet могут эффективно продлить время жизни видеокарты. Полностью автоматизированный производственный процесс Полностью автоматизированный производственный процесс гарантирует высокое качество печатных плат и устраняет возможность возникновения острых выступов разъемов для пайки, которые находятся на поверхности печатной платы. Продуманная конструкция предотвращает ваши руки от порезов или непреднамеренных повреждений компонентов при создании системы.", 13920);
INSERT INTO webshop.characteristics (CharacteristicID, CharacteristicTypeID, Value, ProductID) VALUES (1680, 1, "PCI-Express x16 3.0", 87);
INSERT INTO webshop.characteristics (CharacteristicID, CharacteristicTypeID, Value, ProductID) VALUES (1681, 2, "OC Mode: Базовая частота: 1632 МГц В режимe разгона: 1746 МГц Gaming Mode: Базовая частота: 1607 МГц В режиме разгона: 1721 МГц", 87);
INSERT INTO webshop.characteristics (CharacteristicID, CharacteristicTypeID, Value, ProductID) VALUES (1682, 16, "7680x4320", 87);
INSERT INTO webshop.characteristics (CharacteristicID, CharacteristicTypeID, Value, ProductID) VALUES (1683, 17, "Активная", 87);
INSERT INTO webshop.characteristics (CharacteristicID, CharacteristicTypeID, Value, ProductID) VALUES (1684, 3, "8 + 8 pin", 87);
INSERT INTO webshop.characteristics (CharacteristicID, CharacteristicTypeID, Value, ProductID) VALUES (1685, 4, "DVI DisplayPort HDMI", 87);
INSERT INTO webshop.characteristics (CharacteristicID, CharacteristicTypeID, Value, ProductID) VALUES (1686, 5, "Есть", 87);
INSERT INTO webshop.characteristics (CharacteristicID, CharacteristicTypeID, Value, ProductID) VALUES (1687, 6, "OC Mode: 11448 МГц Gaming Mode: 11232 МГц", 87);
INSERT INTO webshop.characteristics (CharacteristicID, CharacteristicTypeID, Value, ProductID) VALUES (1688, 7, "293 x 142 x 55 мм", 87);
INSERT INTO webshop.characteristics (CharacteristicID, CharacteristicTypeID, Value, ProductID) VALUES (1689, 8, "600 Вт", 87);
INSERT INTO webshop.characteristics (CharacteristicID, CharacteristicTypeID, Value, ProductID) VALUES (1690, 9, "GeForce GTX 1080 Ti", 87);
INSERT INTO webshop.characteristics (CharacteristicID, CharacteristicTypeID, Value, ProductID) VALUES (1691, 19, "GDDR5X", 87);
INSERT INTO webshop.characteristics (CharacteristicID, CharacteristicTypeID, Value, ProductID) VALUES (1692, 20, "36 месяцев", 87);
INSERT INTO webshop.characteristics (CharacteristicID, CharacteristicTypeID, Value, ProductID) VALUES (1693, 21, "1", 87);
INSERT INTO webshop.characteristics (CharacteristicID, CharacteristicTypeID, Value, ProductID) VALUES (1694, 22, "Стандартная", 87);
INSERT INTO webshop.characteristics (CharacteristicID, CharacteristicTypeID, Value, ProductID) VALUES (1695, 12, "352 бит", 87);
INSERT INTO webshop.characteristics (CharacteristicID, CharacteristicTypeID, Value, ProductID) VALUES (1696, 23, "DirectX 12, OpenGL 4.5", 87);
INSERT INTO webshop.characteristics (CharacteristicID, CharacteristicTypeID, Value, ProductID) VALUES (1697, 13, "Нет", 87);
INSERT INTO webshop.characteristics (CharacteristicID, CharacteristicTypeID, Value, ProductID) VALUES (1698, 25, "11 ГБ", 87);
INSERT INTO webshop.characteristics (CharacteristicID, CharacteristicTypeID, Value, ProductID) VALUES (1699, 26, "Windforce Stack 3X", 87);
INSERT INTO webshop.images (ImageID, Url, ProductID) VALUES (490, "https://i1.rozetka.ua/goods/1923038/copy_gigabyte_gv_n108taorus_11gd_58e390068a86c_images_1923038617.jpg", 87);
INSERT INTO webshop.images (ImageID, Url, ProductID) VALUES (491, "https://i2.rozetka.ua/goods/1923038/copy_gigabyte_gv_n108taorus_11gd_58e390068a86c_images_1923038743.jpg", 87);
INSERT INTO webshop.images (ImageID, Url, ProductID) VALUES (492, "https://i1.rozetka.ua/goods/1923038/copy_gigabyte_gv_n108taorus_11gd_58e390068a86c_images_1923038876.jpg", 87);
INSERT INTO webshop.images (ImageID, Url, ProductID) VALUES (493, "https://i2.rozetka.ua/goods/2026481/gigabyte_gv_n108taorus_x_11gd_images_2026481803.jpg", 87);
INSERT INTO webshop.images (ImageID, Url, ProductID) VALUES (494, "https://i1.rozetka.ua/goods/1923039/copy_gigabyte_gv_n108taorus_11gd_58e390068a86c_images_1923039107.jpg", 87);
INSERT INTO webshop.images (ImageID, Url, ProductID) VALUES (495, "https://i1.rozetka.ua/goods/1923123/gigabyte_gv_n108taorus_x_11gd_images_1923123772.jpg", 87);
INSERT INTO webshop.comments (CommentID, Nickname, Rating, Message, Date, ProductID) VALUES (228, "Илья Лещенко", 5, "Картой очень доволен! Если покупаете для игр, особенно для эктрана 1080 или 1440 то все будет работать без проблем на ультра настройках и FPS не ниже 60. При 4к то 60FPS на высоких настройках обеспечено, если нужны ультра то SLI в помощь. :) В майнинге тоже очень хорошо себя показывает в... Еще зависимости от цены битка то от 5-10$ в день на найс хеше. Достоинства: Хорошее охлажнение, высокая мощьность, ВСЕ игры на максималках, в майнинге от 5-10$ в день Недостатки: Размер охлажнения на 2.5 слота, что чуть больше чем стандарт и закрывает дополнительный слот PCI", "2018-0-2", 87);
INSERT INTO webshop.comments (CommentID, Nickname, Rating, Message, Date, ProductID) VALUES (229, "Дмитрий", 0, "скажите пожалуйста, когда эта карта будет в наличии? или можно ее как-то заказать?", "2017-11-2", 87);
INSERT INTO webshop.comments (CommentID, Nickname, Rating, Message, Date, ProductID) VALUES (230, "Гость", 0, "Скажите пожалуйста, блок питания Thermaltake Smart SE 630W подойдет для данной видеокарты в связке с i7 8700k?", "2017-10-1", 87);
-- =====================================================================
INSERT INTO webshop.products (ProductID, ProductTypeID, Title, Description, Price) VALUES (88, 6, "Gigabyte PCI-Ex GeForce GTX 1080 Ti Gaming OC 11GB GDDR5X (352bit) (1518/11010) (DVI, HDMI, 3 x Display Port) (GV-N108TGAMING OC-11GD)", "Xtreme Мощность Видеокарты Gigabyte серии Xtreme Gaming созданы, чтобы удовлетворить требования игровых энтузиастов. Видеокарты Xtreme Gaming основаны на революционной архитектуре nVidia Pascal GPU, обеспечивая невероятный игровой опыт. Производительность Реализовано с помощью новой архитектуры nVidia Pascal, Geforce GTX 10-я серия это квантовый скачок в эффективности производительности и энергопотребления. Технологии Технология nVidia GameWorks поддерживает последние требования современных мониторов, включая VR, мониторы с ультравысоким разрешением, так же обеспечивает плавный игровой процесс, кинематографический опыт, возможность захвата изображения 360 даже в VR. Современное решение для VR Откройте для себя новое поколение VR, с низким показателем задержки, наушниками последнего поколения, благодаря технологии nVidia VRWorks. VR аудио (звуковые эффекты), реалистичная графика и физика предметов, позволяют вам прочувствовать и услышать каждый момент. Система охлаждения Windforce 3X Cистема охлаждения Gigabyte Windforce 3X реализована и состоит из 3X 100 мм stack вентиляторов, с уникальным дизайном лопастей, с двойным шарикоподшипником. Ребра радиатора имеют угол наклона, 5 композитных теплоотводящих трубок напрямую отводят тепло от графического процессора. Все это обеспечивает эффективную мощность рассеивания тепла для повышения производительности при низких температурах. Альтернативное вращение вентилятора Средний вентилятор вращается в обратном направлении, таким образом оптимизируется воздушный поток. Тепло рассеивается наиболее эффективно и достигается более высокая производительность при более низкой температуре. Уникальный дизайн лопастей вентилятора. Воздушный поток эффективно отводится от радиатора с помощью вентиляторов, лопасти которых, имеют специальные насечки и форму. Благодаря этим характеристикам удается достичь высокого уровня отвода тепла, при высоких нагрузках и низкой температуре. Тесты показали эффективность выше на 23%. Структура двухрядных подшипников Двухрядные шариковые подшипники обладают лучшими параметрами теплостойкости и более эффективны, чем обычные. Следовательно, это обеспечивает более длительный срок службы вентилятора. Дизайн радиатора Ребра радиатора под углом. Разные по высоте и находящиеся под углом ребра радиатора не только оптимизируют канал прохода воздуха и увеличивают поверхность контакта, но и значительно снижают уровень шума и увеличивают эффективность охлаждения. Композитные теплоотводящие трубки Композитные медные трубки сочетают в себе два важных аспекта теплопереноса и способности забирать тепло из зоны прямого контакта. Таким образом повышается эффективность охлаждения на 29%. Большое медное базовое основание При непосредственном контакте с GPU и VRAM, большое медное основания сочетает в себе композитные тепловые трубки для эффективной передачи тепла от внутренних ядер к радиатору, сохраняя графическую карту прохладной и стабильной при разгоне для повышения производительности. Специальное покрытие PCB обеспечивает надежную защиту Пыленепроницаемое покрытие защищает плату от пыли, насекомых, падающих винтиков, стружки, и истирания Влагозащитное покрытие защищает карту от протекшей жидкости Коррозионностойкое покрытие защищает карту от активных разъедающих растворов, таких как, соляные растворы, влажность, и коррозия Стильная металлическая пластина (бэкплейт) Черная металлическая пластина надежно защищает карту и придает жесткости. Создано для Xtreme Overclocking 12+2 фаз питания Если сравнить с референсным дизайном видеокарты, то можно заметить, что 12+2 фазы питания на карте, позволяют Mosfet работать при температуре ниже, и обеспечивают стабильность напряжения и питания. Защита от перегрева и защита от перегрузки каждого Mosfet могут эффективно продлить время жизни видеокарты. Полностью автоматизированный производственный процесс Полностью автоматизированный производственный процесс гарантирует высокое качество печатных плат и устраняет возможность возникновения острых выступов разъемов для пайки, которые находятся на поверхности печатной платы. Продуманная конструкция предотвращает ваши руки от порезов или непреднамеренных повреждений компонентов при создании системы.", 9309);
INSERT INTO webshop.characteristics (CharacteristicID, CharacteristicTypeID, Value, ProductID) VALUES (1700, 1, "PCI-Express x16 3.0", 88);
INSERT INTO webshop.characteristics (CharacteristicID, CharacteristicTypeID, Value, ProductID) VALUES (1701, 2, "OC Mode: Базовая частота: 1518 МГц В режимe разгона: 1632 МГц Gaming Mode: Базовая частота: 1544 МГц В режиме разгона: 1657 МГц", 88);
INSERT INTO webshop.characteristics (CharacteristicID, CharacteristicTypeID, Value, ProductID) VALUES (1702, 16, "7680x4320", 88);
INSERT INTO webshop.characteristics (CharacteristicID, CharacteristicTypeID, Value, ProductID) VALUES (1703, 17, "Активная", 88);
INSERT INTO webshop.characteristics (CharacteristicID, CharacteristicTypeID, Value, ProductID) VALUES (1704, 3, "6 + 8 pin", 88);
INSERT INTO webshop.characteristics (CharacteristicID, CharacteristicTypeID, Value, ProductID) VALUES (1705, 4, "DVI DisplayPort HDMI", 88);
INSERT INTO webshop.characteristics (CharacteristicID, CharacteristicTypeID, Value, ProductID) VALUES (1706, 5, "Есть", 88);
INSERT INTO webshop.characteristics (CharacteristicID, CharacteristicTypeID, Value, ProductID) VALUES (1707, 6, "11010 МГц", 88);
INSERT INTO webshop.characteristics (CharacteristicID, CharacteristicTypeID, Value, ProductID) VALUES (1708, 7, "280 x 114 x 41 мм", 88);
INSERT INTO webshop.characteristics (CharacteristicID, CharacteristicTypeID, Value, ProductID) VALUES (1709, 8, "600 Вт", 88);
INSERT INTO webshop.characteristics (CharacteristicID, CharacteristicTypeID, Value, ProductID) VALUES (1710, 9, "GeForce GTX 1080 Ti", 88);
INSERT INTO webshop.characteristics (CharacteristicID, CharacteristicTypeID, Value, ProductID) VALUES (1711, 19, "GDDR5X", 88);
INSERT INTO webshop.characteristics (CharacteristicID, CharacteristicTypeID, Value, ProductID) VALUES (1712, 20, "36 месяцев", 88);
INSERT INTO webshop.characteristics (CharacteristicID, CharacteristicTypeID, Value, ProductID) VALUES (1713, 21, "1", 88);
INSERT INTO webshop.characteristics (CharacteristicID, CharacteristicTypeID, Value, ProductID) VALUES (1714, 22, "Стандартная", 88);
INSERT INTO webshop.characteristics (CharacteristicID, CharacteristicTypeID, Value, ProductID) VALUES (1715, 12, "352 бит", 88);
INSERT INTO webshop.characteristics (CharacteristicID, CharacteristicTypeID, Value, ProductID) VALUES (1716, 23, "DirectX 12, OpenGL 4.5", 88);
INSERT INTO webshop.characteristics (CharacteristicID, CharacteristicTypeID, Value, ProductID) VALUES (1717, 13, "Нет", 88);
INSERT INTO webshop.characteristics (CharacteristicID, CharacteristicTypeID, Value, ProductID) VALUES (1718, 25, "11 ГБ", 88);
INSERT INTO webshop.characteristics (CharacteristicID, CharacteristicTypeID, Value, ProductID) VALUES (1719, 26, "Windforce Stack 3X", 88);
INSERT INTO webshop.images (ImageID, Url, ProductID) VALUES (496, "https://i2.rozetka.ua/goods/1930029/gigabyte_gv_n108tgaming_oc_11gd_images_1930029524.jpg", 88);
INSERT INTO webshop.images (ImageID, Url, ProductID) VALUES (497, "https://i1.rozetka.ua/goods/1930033/gigabyte_gv_n108tgaming_oc_11gd_images_1930033878.jpg", 88);
INSERT INTO webshop.images (ImageID, Url, ProductID) VALUES (498, "https://i1.rozetka.ua/goods/1930034/gigabyte_gv_n108tgaming_oc_11gd_images_1930034081.jpg", 88);
INSERT INTO webshop.images (ImageID, Url, ProductID) VALUES (499, "https://i2.rozetka.ua/goods/1930034/gigabyte_gv_n108tgaming_oc_11gd_images_1930034284.jpg", 88);
INSERT INTO webshop.images (ImageID, Url, ProductID) VALUES (500, "https://i2.rozetka.ua/goods/1930034/gigabyte_gv_n108tgaming_oc_11gd_images_1930034487.jpg", 88);
INSERT INTO webshop.comments (CommentID, Nickname, Rating, Message, Date, ProductID) VALUES (231, "Андрей Иванец", 0, "Операционка стоит на SSD Kingston HyperX 3K 120GB 2.5” SATAIII MLC (SH103S3/120G OEM) Игры на Kingston HyperX Savage 240GB 2.5” SATAIII MLC (SHSS37A/240G) Процессор Intel Core i5-3550 3.3GHz/5GT/s/6MB (BX80637I53550) s1155 BOX Память Kingston DDR3-1600 8192MB PC3-12800... Еще (KVR16N11/8_KVR16N11H/8) и Память Kingston DDR3-1333 4096MB PC3-10600 (KVR13N9/4-SEBK) Материнская плата Asus P8Z77-V Deluxe (s1155, Intel Z77, PCI-Ex16) Блок питания Chieftec APS-800C 800W Эта видеокарта будет нормально работать или вообще не запуститься??", "2018-1-3", 88);
INSERT INTO webshop.comments (CommentID, Nickname, Rating, Message, Date, ProductID) VALUES (232, "Гость", 5, "Купил 2 такие карты, БП на 750w справляется без проблем. Корпус не большой, поэтому карты стоят прямо одна над другой, во время рендера верхняя карта 66градусов, нижняя 71 (пришлось открыть боковую крышку корпуса). Кулеры крутятся где-то на 40 %, при этом карты относительно тихие, я даже сплю во... Еще время рендера и звук не мешает даже ночью ;) Заметил что после установки второй карты в корпусе иногда появляется звук, похожий на звук жесткого диска, не пойму что это такое, карта может издавать такой звук? В корпусе только ssd стоит, а такой звук появился именно после установки второй карточки...", "2018-1-2", 88);
INSERT INTO webshop.comments (CommentID, Nickname, Rating, Message, Date, ProductID) VALUES (233, "Виталий Гриценко", 0, "Когда будут в наличии?", "2018-0-3", 88);
-- =====================================================================
INSERT INTO webshop.products (ProductID, ProductTypeID, Title, Description, Price) VALUES (89, 6, "Gigabyte PCI-Ex GeForce GT 710 1024MB DDR3 (64bit) (954/1800) (HDMI, DVI, VGA) (GV-N710D3-1GL)", "Открой для себя производительность, превосходящую встроенное графическое решение во всех мультимедийных приложениях: в 2 раза более быстрый просмотр веб, в 5 раз более быстрое редактирование видео и в 8 раз – редактирование фото. Видеокарта Gigabyte GT 710 также обеспечивает до 70% более высокую производительность в играх по сравнению со встроенной графикой, обеспечивая надежность и стабильность благодаря приложению GeForce Experience. PCI Express 2.0 Эта карта разработана для нового интерфейса PCI Express 2.0, обеспечивающего высочайшую скорость передачи данных для игр завтрашнего дня, которым требуется высокая производительность и 3D-приложений. В то же время она сохраняет обратную совместимость с материнскими платами PCI Express. HDMI Прочные позолоченные контакты гарантируют оптимальное качество передачи сигнала с помощью данного интерфейса. OC GURU ll Интуитивно понятный интерфейс помогает пользователю изменять основные параметры и получать прямой доступ к обновлениям драйверов и БИОСа. Настройки и параметры, частота GPU, режим работы вентиляторов, напряжение, и другие настройки могут быть отображены и настроены в режиме реального времени. Adaptive Vertical Sync Ничто не отвлекает так, как дрожание кадров и разрывы изображения. Первое происходит, когда частота смены кадров низкая, второе – когда она слишком высокая. Технология Adaptive V-Sync – прекрасный способ обработки кадров. При высокой частоте смены кадров V- Sync включается для устранения разрывов изображения, при низкой – отключается, чтобы свести дрожание до минимума. Это позволяет не отвлекаться, поэтому ты можешь продолжить игру. nVidia PhysX Полная поддержка технологии nVidia PhysX позволяет вывести на новый уровень физические эффекты в играх для более динамичной и реалистичной игры с GeForce.", 4723);
INSERT INTO webshop.characteristics (CharacteristicID, CharacteristicTypeID, Value, ProductID) VALUES (1720, 1, "PCI-Express x16 2.х", 89);
INSERT INTO webshop.characteristics (CharacteristicID, CharacteristicTypeID, Value, ProductID) VALUES (1721, 2, "954 МГц", 89);
INSERT INTO webshop.characteristics (CharacteristicID, CharacteristicTypeID, Value, ProductID) VALUES (1722, 16, "4096x2160", 89);
INSERT INTO webshop.characteristics (CharacteristicID, CharacteristicTypeID, Value, ProductID) VALUES (1723, 17, "Активная", 89);
INSERT INTO webshop.characteristics (CharacteristicID, CharacteristicTypeID, Value, ProductID) VALUES (1724, 3, "Нет", 89);
INSERT INTO webshop.characteristics (CharacteristicID, CharacteristicTypeID, Value, ProductID) VALUES (1725, 4, "VGA DVI HDMI", 89);
INSERT INTO webshop.characteristics (CharacteristicID, CharacteristicTypeID, Value, ProductID) VALUES (1726, 5, "Нет", 89);
INSERT INTO webshop.characteristics (CharacteristicID, CharacteristicTypeID, Value, ProductID) VALUES (1727, 6, "1800 МГц", 89);
INSERT INTO webshop.characteristics (CharacteristicID, CharacteristicTypeID, Value, ProductID) VALUES (1728, 7, "144 х 68 х 21 мм", 89);
INSERT INTO webshop.characteristics (CharacteristicID, CharacteristicTypeID, Value, ProductID) VALUES (1729, 8, "300 Вт", 89);
INSERT INTO webshop.characteristics (CharacteristicID, CharacteristicTypeID, Value, ProductID) VALUES (1730, 9, "GeForce GT710", 89);
INSERT INTO webshop.characteristics (CharacteristicID, CharacteristicTypeID, Value, ProductID) VALUES (1731, 19, "DDR3", 89);
INSERT INTO webshop.characteristics (CharacteristicID, CharacteristicTypeID, Value, ProductID) VALUES (1732, 20, "36 месяцев", 89);
INSERT INTO webshop.characteristics (CharacteristicID, CharacteristicTypeID, Value, ProductID) VALUES (1733, 21, "1", 89);
INSERT INTO webshop.characteristics (CharacteristicID, CharacteristicTypeID, Value, ProductID) VALUES (1734, 22, "Низкопрофильная", 89);
INSERT INTO webshop.characteristics (CharacteristicID, CharacteristicTypeID, Value, ProductID) VALUES (1735, 12, "64 бит", 89);
INSERT INTO webshop.characteristics (CharacteristicID, CharacteristicTypeID, Value, ProductID) VALUES (1736, 24, "1", 89);
INSERT INTO webshop.characteristics (CharacteristicID, CharacteristicTypeID, Value, ProductID) VALUES (1737, 23, "DirectX 12, OpenGL 4.5", 89);
INSERT INTO webshop.characteristics (CharacteristicID, CharacteristicTypeID, Value, ProductID) VALUES (1738, 13, "Нет", 89);
INSERT INTO webshop.characteristics (CharacteristicID, CharacteristicTypeID, Value, ProductID) VALUES (1739, 25, "1 ГБ", 89);
INSERT INTO webshop.characteristics (CharacteristicID, CharacteristicTypeID, Value, ProductID) VALUES (1740, 26, "Вентилятор + Радиатор", 89);
INSERT INTO webshop.images (ImageID, Url, ProductID) VALUES (501, "https://i2.rozetka.ua/goods/1483152/zotac_gv_n710d3_1gl_images_1483152898.jpg", 89);
INSERT INTO webshop.images (ImageID, Url, ProductID) VALUES (502, "https://i1.rozetka.ua/goods/1483152/zotac_gv_n710d3_1gl_images_1483152989.jpg", 89);
INSERT INTO webshop.images (ImageID, Url, ProductID) VALUES (503, "https://i2.rozetka.ua/goods/1483153/zotac_gv_n710d3_1gl_images_1483153080.jpg", 89);
INSERT INTO webshop.images (ImageID, Url, ProductID) VALUES (504, "https://i1.rozetka.ua/goods/1483153/zotac_gv_n710d3_1gl_images_1483153171.jpg", 89);
INSERT INTO webshop.images (ImageID, Url, ProductID) VALUES (505, "https://i1.rozetka.ua/goods/1483153/zotac_gv_n710d3_1gl_images_1483153262.jpg", 89);
INSERT INTO webshop.comments (CommentID, Nickname, Rating, Message, Date, ProductID) VALUES (234, "Роман", 0, "Здравствуйте, вчера купил эту видеокарту, вставил в материнку ,всё как пологается, но компьютер не включается, в чем проблема? Он включается со 2 раза, а когда включается, все куллеры работают, но на экране нечего. Подскажите пожалуйста в чем проблема??? П. С. Блок на 400 ватт, со старой... Еще видеокартой gts 250 все работает.", "2018-1-4", 89);
INSERT INTO webshop.comments (CommentID, Nickname, Rating, Message, Date, ProductID) VALUES (235, "Максим Зоров", 0, "чи піде на материнську плату MA77OT-UD3 ?", "2018-1-4", 89);
INSERT INTO webshop.comments (CommentID, Nickname, Rating, Message, Date, ProductID) VALUES (236, "Стас", 0, "Запитання чи піде ця відеокарта на материнську плату (ASRock N68C-GS FX) ?", "2018-1-3", 89);
-- =====================================================================
INSERT INTO webshop.products (ProductID, ProductTypeID, Title, Description, Price) VALUES (90, 6, "Gigabyte PCI-Ex GeForce GT 710 1024MB GDDR5 (64bit) (954/5010) (DVI, HDMI, D-Sub) (GV-N710D5-1GI)", "Обновите свое графическое решение до новой дискретной видеокарты GeForce GT 710 и получите супербыструю работу в веб, а также невероятные возможности редактирования фото и видео. Видеокарта GT 710 также обеспечивает более высокую производительность в играх, чем встроенная графика, при этом гарантируя надежность и стабильность работы благодаря GeForce Experience. Режим сглаживания NVIDIA FXAA Сглаживание выравнивает зубчатые границы изображения, но может быть очень требовательным к частоте смены кадров. FXAA — это новая технология сглаживания, которая обеспечивает прекрасные плавные линии при минимальном влиянии на производительность. Благодаря GPU на базе архитектуры Kepler ты можешь включить FXAA в сотнях играх через Панель управления Nvidia. PureVideo HD Сочетание ускорения декодирования HD видео и постобработки, обеспечивает проигрывание видео без помех, потрясающую чистоту изображения, четкость цвета и точное масштабирование изображения в фильмах и видео. Все это с невероятной эффективностью энергопотребления. Потоковое аудио форматов TrueHD и DTS-HD Полная поддержка TrueHD и продвинутых кодеков для многоканального HD аудио без сжатия DTS-HD дарит вам невероятное наслаждение звуком прямо у вас дома. Adaptive Vertical Sync Ничто не отвлекает так, как дрожание кадров и разрывы изображения. Первое происходит, когда частота смены кадров низкая, второе – когда она слишком высокая. Технология Adaptive V-Sync – прекрасный способ обработки кадров. При высокой частоте смены кадров V-sync включается для устранения разрывов изображения, при низкой – отключается, чтобы свести дрожание до минимума. Это позволяет не отвлекаться, поэтому ты можешь продолжить игру.", 19704);
INSERT INTO webshop.characteristics (CharacteristicID, CharacteristicTypeID, Value, ProductID) VALUES (1741, 1, "PCI-Express x8 2.0", 90);
INSERT INTO webshop.characteristics (CharacteristicID, CharacteristicTypeID, Value, ProductID) VALUES (1742, 2, "954 МГц", 90);
INSERT INTO webshop.characteristics (CharacteristicID, CharacteristicTypeID, Value, ProductID) VALUES (1743, 16, "4096x2160", 90);
INSERT INTO webshop.characteristics (CharacteristicID, CharacteristicTypeID, Value, ProductID) VALUES (1744, 17, "Активная", 90);
INSERT INTO webshop.characteristics (CharacteristicID, CharacteristicTypeID, Value, ProductID) VALUES (1745, 3, "Нет", 90);
INSERT INTO webshop.characteristics (CharacteristicID, CharacteristicTypeID, Value, ProductID) VALUES (1746, 4, "VGA DVI HDMI", 90);
INSERT INTO webshop.characteristics (CharacteristicID, CharacteristicTypeID, Value, ProductID) VALUES (1747, 5, "Нет", 90);
INSERT INTO webshop.characteristics (CharacteristicID, CharacteristicTypeID, Value, ProductID) VALUES (1748, 6, "5010 МГц", 90);
INSERT INTO webshop.characteristics (CharacteristicID, CharacteristicTypeID, Value, ProductID) VALUES (1749, 7, "164 x 111 x 25 мм", 90);
INSERT INTO webshop.characteristics (CharacteristicID, CharacteristicTypeID, Value, ProductID) VALUES (1750, 8, "300 Вт", 90);
INSERT INTO webshop.characteristics (CharacteristicID, CharacteristicTypeID, Value, ProductID) VALUES (1751, 9, "GeForce GT710", 90);
INSERT INTO webshop.characteristics (CharacteristicID, CharacteristicTypeID, Value, ProductID) VALUES (1752, 19, "GDDR5", 90);
INSERT INTO webshop.characteristics (CharacteristicID, CharacteristicTypeID, Value, ProductID) VALUES (1753, 20, "24 месяца", 90);
INSERT INTO webshop.characteristics (CharacteristicID, CharacteristicTypeID, Value, ProductID) VALUES (1754, 21, "1", 90);
INSERT INTO webshop.characteristics (CharacteristicID, CharacteristicTypeID, Value, ProductID) VALUES (1755, 22, "Стандартная", 90);
INSERT INTO webshop.characteristics (CharacteristicID, CharacteristicTypeID, Value, ProductID) VALUES (1756, 12, "64 бит", 90);
INSERT INTO webshop.characteristics (CharacteristicID, CharacteristicTypeID, Value, ProductID) VALUES (1757, 24, "1", 90);
INSERT INTO webshop.characteristics (CharacteristicID, CharacteristicTypeID, Value, ProductID) VALUES (1758, 23, "DirectX 12, OpenGL 4.4", 90);
INSERT INTO webshop.characteristics (CharacteristicID, CharacteristicTypeID, Value, ProductID) VALUES (1759, 13, "Нет", 90);
INSERT INTO webshop.characteristics (CharacteristicID, CharacteristicTypeID, Value, ProductID) VALUES (1760, 25, "1 ГБ", 90);
INSERT INTO webshop.characteristics (CharacteristicID, CharacteristicTypeID, Value, ProductID) VALUES (1761, 26, "Радиатор + Вентилятор", 90);
INSERT INTO webshop.images (ImageID, Url, ProductID) VALUES (506, "https://i1.rozetka.ua/goods/2025061/gigabyte_gv_n710d5_1gi_images_2025061559.jpg", 90);
INSERT INTO webshop.images (ImageID, Url, ProductID) VALUES (507, "https://i1.rozetka.ua/goods/2025064/gigabyte_gv_n710d5_1gi_images_2025064275.jpg", 90);
INSERT INTO webshop.images (ImageID, Url, ProductID) VALUES (508, "https://i2.rozetka.ua/goods/2025064/gigabyte_gv_n710d5_1gi_images_2025064513.jpg", 90);
INSERT INTO webshop.images (ImageID, Url, ProductID) VALUES (509, "https://i1.rozetka.ua/goods/2025064/gigabyte_gv_n710d5_1gi_images_2025064709.jpg", 90);
INSERT INTO webshop.comments (CommentID, Nickname, Rating, Message, Date, ProductID) VALUES (237, "dmynester", 5, "Для стареньких игр ( 2009-2015 ) бюджет/производительность- 100% Достоинства: Отличная видеокарта ! Недостатки: Даже и в помине их нет !", "2018-1-1", 90);
INSERT INTO webshop.comments (CommentID, Nickname, Rating, Message, Date, ProductID) VALUES (238, "Александр Василенко", 5, "Достойная карта для своего класса. Нет набора (не слышно) оборотов кулера при нагрузках. Обеспечивает работу ряда игр в 1920х1080 разрешении с максимальными настройками (нетребовательные продукты). Рекомендую. Достоинства: Компактность, бесшумный кулер", "2018-1-4", 90);
INSERT INTO webshop.comments (CommentID, Nickname, Rating, Message, Date, ProductID) VALUES (239, "Дмитрий Юрьевич", 0, "Подойдет ли для системной платы Asus P5KPL-VM", "2018-1-3", 90);
-- =====================================================================
INSERT INTO webshop.products (ProductID, ProductTypeID, Title, Description, Price) VALUES (91, 6, "Gigabyte PCI-Ex GeForce GT 710 2048MB GDDR5 (64bit) (954/5010) (DVI, HDMI) (GV-N710D5-2GL)", "Обновите свое графическое решение до новой дискретной видеокарты GeForce GT 710 и получите супербыструю работу в веб, а также невероятные возможности редактирования фото и видео. Видеокарта GT 710 также обеспечивает более высокую производительность в играх, чем встроенная графика, при этом гарантируя надежность и стабильность работы благодаря GeForce Experience. Режим сглаживания NVIDIA FXAA Сглаживание выравнивает зубчатые границы изображения, но может быть очень требовательным к частоте смены кадров. FXAA — это новая технология сглаживания, которая обеспечивает прекрасные плавные линии при минимальном влиянии на производительность. Благодаря GPU на базе архитектуры Kepler ты можешь включить FXAA в сотнях играх через Панель управления Nvidia. PureVideo HD Сочетание ускорения декодирования HD видео и постобработки, обеспечивает проигрывание видео без помех, потрясающую чистоту изображения, четкость цвета и точное масштабирование изображения в фильмах и видео. Все это с невероятной эффективностью энергопотребления. Потоковое аудио форматов TrueHD и DTS-HD Полная поддержка TrueHD и продвинутых кодеков для многоканального HD аудио без сжатия DTS-HD дарит вам невероятное наслаждение звуком прямо у вас дома. Adaptive Vertical Sync Ничто не отвлекает так, как дрожание кадров и разрывы изображения. Первое происходит, когда частота смены кадров низкая, второе – когда она слишком высокая. Технология Adaptive V-Sync – прекрасный способ обработки кадров. При высокой частоте смены кадров V-sync включается для устранения разрывов изображения, при низкой – отключается, чтобы свести дрожание до минимума. Это позволяет не отвлекаться, поэтому ты можешь продолжить игру.", 3217);
INSERT INTO webshop.characteristics (CharacteristicID, CharacteristicTypeID, Value, ProductID) VALUES (1762, 1, "PCI-Express x16 3.0", 91);
INSERT INTO webshop.characteristics (CharacteristicID, CharacteristicTypeID, Value, ProductID) VALUES (1763, 2, "954 МГц", 91);
INSERT INTO webshop.characteristics (CharacteristicID, CharacteristicTypeID, Value, ProductID) VALUES (1764, 16, "4096x2160", 91);
INSERT INTO webshop.characteristics (CharacteristicID, CharacteristicTypeID, Value, ProductID) VALUES (1765, 17, "Активная", 91);
INSERT INTO webshop.characteristics (CharacteristicID, CharacteristicTypeID, Value, ProductID) VALUES (1766, 3, "Нет", 91);
INSERT INTO webshop.characteristics (CharacteristicID, CharacteristicTypeID, Value, ProductID) VALUES (1767, 4, "DVI HDMI", 91);
INSERT INTO webshop.characteristics (CharacteristicID, CharacteristicTypeID, Value, ProductID) VALUES (1768, 5, "Нет", 91);
INSERT INTO webshop.characteristics (CharacteristicID, CharacteristicTypeID, Value, ProductID) VALUES (1769, 6, "5010 МГц", 91);
INSERT INTO webshop.characteristics (CharacteristicID, CharacteristicTypeID, Value, ProductID) VALUES (1770, 7, "164 x 68 x 21 мм", 91);
INSERT INTO webshop.characteristics (CharacteristicID, CharacteristicTypeID, Value, ProductID) VALUES (1771, 8, "300 Вт", 91);
INSERT INTO webshop.characteristics (CharacteristicID, CharacteristicTypeID, Value, ProductID) VALUES (1772, 9, "GeForce GT710", 91);
INSERT INTO webshop.characteristics (CharacteristicID, CharacteristicTypeID, Value, ProductID) VALUES (1773, 19, "GDDR5", 91);
INSERT INTO webshop.characteristics (CharacteristicID, CharacteristicTypeID, Value, ProductID) VALUES (1774, 20, "24 месяца", 91);
INSERT INTO webshop.characteristics (CharacteristicID, CharacteristicTypeID, Value, ProductID) VALUES (1775, 21, "1", 91);
INSERT INTO webshop.characteristics (CharacteristicID, CharacteristicTypeID, Value, ProductID) VALUES (1776, 22, "Низкопрофильная", 91);
INSERT INTO webshop.characteristics (CharacteristicID, CharacteristicTypeID, Value, ProductID) VALUES (1777, 12, "64 бит", 91);
INSERT INTO webshop.characteristics (CharacteristicID, CharacteristicTypeID, Value, ProductID) VALUES (1778, 24, "1", 91);
INSERT INTO webshop.characteristics (CharacteristicID, CharacteristicTypeID, Value, ProductID) VALUES (1779, 23, "DirectX 12, OpenGL 4.4", 91);
INSERT INTO webshop.characteristics (CharacteristicID, CharacteristicTypeID, Value, ProductID) VALUES (1780, 13, "Нет", 91);
INSERT INTO webshop.characteristics (CharacteristicID, CharacteristicTypeID, Value, ProductID) VALUES (1781, 25, "2 ГБ", 91);
INSERT INTO webshop.characteristics (CharacteristicID, CharacteristicTypeID, Value, ProductID) VALUES (1782, 26, "Радиатор + Вентилятор", 91);
INSERT INTO webshop.images (ImageID, Url, ProductID) VALUES (510, "https://i2.rozetka.ua/goods/2025085/gigabyte_gv_n710d5_2gl_images_2025085366.jpg", 91);
INSERT INTO webshop.images (ImageID, Url, ProductID) VALUES (511, "https://i1.rozetka.ua/goods/2025085/gigabyte_gv_n710d5_2gl_images_2025085751.jpg", 91);
INSERT INTO webshop.images (ImageID, Url, ProductID) VALUES (512, "https://i1.rozetka.ua/goods/2025086/gigabyte_gv_n710d5_2gl_images_2025086122.jpg", 91);
INSERT INTO webshop.images (ImageID, Url, ProductID) VALUES (513, "https://i2.rozetka.ua/goods/2025086/gigabyte_gv_n710d5_2gl_images_2025086353.jpg", 91);
INSERT INTO webshop.comments (CommentID, Nickname, Rating, Message, Date, ProductID) VALUES (240, "Гость", 0, "Материнская плата Asus H110M-K (s1151, Intel H110, PCI-Ex16) Подойдёт ли видюха к этой материнке))??? Заранее спасибо )", "2018-1-3", 91);
INSERT INTO webshop.comments (CommentID, Nickname, Rating, Message, Date, ProductID) VALUES (241, "Гость", 0, "Подойдет ли к процессору Intel i5-750 2.67ghz?", "2018-1-1", 91);
INSERT INTO webshop.comments (CommentID, Nickname, Rating, Message, Date, ProductID) VALUES (242, "Aleksandr", 0, "Подскажите пожалуйста, подойдет на ASUS P5L 1394?", "2018-1-0", 91);
-- =====================================================================
INSERT INTO webshop.products (ProductID, ProductTypeID, Title, Description, Price) VALUES (92, 6, "Gigabyte PCI-Ex GeForce GT 730 1024MB GDDR5 (64bit) (1006/5000) (DVI, HDMI, D-Sub) (GV-N730D5OC-1GI)", "Компактная видеокарта Видеокарта Gigabyte построена на основе чипсета GT730, и 1 ГБ скоростной видеопамяти GDDR5, обеспечит высокую производительность. Современная система охлаждения поддерживать стабильную температуру, что обеспечит долговечность карты. Видеокарта полностью удовлетворит как офисные нужды, так и позволит поиграть в нетребовательные игры. Ultra Durable 2 Только технология Ultra Durable 2 обеспечивает эффективное охлаждение и увеличивает срок службы всех компонентов системной платы. Системные платы серии Ultra Durable 2 отличаются повышенной надежностью, низкой температурой при работе, долговечностью и отличными возможностями разгона. HDMI-разъем с позолоченными контактами Прочные позолоченные контакты гарантируют оптимальное качество передачи сигнала с помощью данного интерфейса. OC GURU ll OC GURU ll — это совершенно новый пользовательский интерфейс, легкий контроль и корректировка всех важных параметров. Пользователи могут настроить мониторинг, частоту чипа, частоту памяти, вентилятор, напряжение GPU, напряжение питания памяти, OSD, онлайн-поддержку и обновление драйверов, BIOS.", 16686);
INSERT INTO webshop.characteristics (CharacteristicID, CharacteristicTypeID, Value, ProductID) VALUES (1783, 1, "PCI-Express x8 2.0", 92);
INSERT INTO webshop.characteristics (CharacteristicID, CharacteristicTypeID, Value, ProductID) VALUES (1784, 2, "1006 МГц", 92);
INSERT INTO webshop.characteristics (CharacteristicID, CharacteristicTypeID, Value, ProductID) VALUES (1785, 16, "4096x2160", 92);
INSERT INTO webshop.characteristics (CharacteristicID, CharacteristicTypeID, Value, ProductID) VALUES (1786, 17, "Активная", 92);
INSERT INTO webshop.characteristics (CharacteristicID, CharacteristicTypeID, Value, ProductID) VALUES (1787, 4, "VGA DVI HDMI", 92);
INSERT INTO webshop.characteristics (CharacteristicID, CharacteristicTypeID, Value, ProductID) VALUES (1788, 5, "Нет", 92);
INSERT INTO webshop.characteristics (CharacteristicID, CharacteristicTypeID, Value, ProductID) VALUES (1789, 6, "5000 МГц", 92);
INSERT INTO webshop.characteristics (CharacteristicID, CharacteristicTypeID, Value, ProductID) VALUES (1790, 7, "29 х 177 х 126 мм", 92);
INSERT INTO webshop.characteristics (CharacteristicID, CharacteristicTypeID, Value, ProductID) VALUES (1791, 8, "300 Вт", 92);
INSERT INTO webshop.characteristics (CharacteristicID, CharacteristicTypeID, Value, ProductID) VALUES (1792, 9, "GeForce GT730", 92);
INSERT INTO webshop.characteristics (CharacteristicID, CharacteristicTypeID, Value, ProductID) VALUES (1793, 19, "GDDR5", 92);
INSERT INTO webshop.characteristics (CharacteristicID, CharacteristicTypeID, Value, ProductID) VALUES (1794, 20, "36 месяцев", 92);
INSERT INTO webshop.characteristics (CharacteristicID, CharacteristicTypeID, Value, ProductID) VALUES (1795, 21, "1", 92);
INSERT INTO webshop.characteristics (CharacteristicID, CharacteristicTypeID, Value, ProductID) VALUES (1796, 22, "Мини", 92);
INSERT INTO webshop.characteristics (CharacteristicID, CharacteristicTypeID, Value, ProductID) VALUES (1797, 12, "64 бит", 92);
INSERT INTO webshop.characteristics (CharacteristicID, CharacteristicTypeID, Value, ProductID) VALUES (1798, 24, "1", 92);
INSERT INTO webshop.characteristics (CharacteristicID, CharacteristicTypeID, Value, ProductID) VALUES (1799, 23, "DirectX 12, OpenGL 4.4", 92);
INSERT INTO webshop.characteristics (CharacteristicID, CharacteristicTypeID, Value, ProductID) VALUES (1800, 13, "Нет", 92);
INSERT INTO webshop.characteristics (CharacteristicID, CharacteristicTypeID, Value, ProductID) VALUES (1801, 25, "1 ГБ", 92);
INSERT INTO webshop.characteristics (CharacteristicID, CharacteristicTypeID, Value, ProductID) VALUES (1802, 26, "Вентилятор + радиатор", 92);
INSERT INTO webshop.images (ImageID, Url, ProductID) VALUES (514, "https://i1.rozetka.ua/goods/1214030/gigabyte_gv_n730d50c_1gi_images_1214030012.jpg", 92);
INSERT INTO webshop.images (ImageID, Url, ProductID) VALUES (515, "https://i1.rozetka.ua/goods/1214029/gigabyte_gv_n730d50c_1gi_images_1214029347.jpg", 92);
INSERT INTO webshop.images (ImageID, Url, ProductID) VALUES (516, "https://i2.rozetka.ua/goods/1214030/gigabyte_gv_n730d50c_1gi_images_1214030411.jpg", 92);
INSERT INTO webshop.images (ImageID, Url, ProductID) VALUES (517, "https://i2.rozetka.ua/goods/1214029/gigabyte_gv_n730d50c_1gi_images_1214029697.jpg", 92);
INSERT INTO webshop.comments (CommentID, Nickname, Rating, Message, Date, ProductID) VALUES (243, "Alexandr Yaroshenko", 0, "Пойдёт ли для двух мониторов , и по каким разьёмам если да ?", "2018-1-2", 92);
INSERT INTO webshop.comments (CommentID, Nickname, Rating, Message, Date, ProductID) VALUES (244, "Юрий Палёный", 4, "Знающие, подскажите, как будет работать эта видеокарта с процессором AMD Atlhon X4 880K, в плане игр? Достоинства: Хочу узнать Недостатки: Ещё не купил", "2018-1-0", 92);
INSERT INTO webshop.comments (CommentID, Nickname, Rating, Message, Date, ProductID) VALUES (245, "DealexG", 5, "Хорошая игровая видеокарта, правда брали не для игр. Достоинства: холодная, ОЧЕНЬ мощная!!! Недостатки: не обнаружили", "2018-1-2", 92);
-- =====================================================================
INSERT INTO webshop.products (ProductID, ProductTypeID, Title, Description, Price) VALUES (93, 6, "Gigabyte PCI-Ex GeForce GT 730 2048MB GDDR5 (64bit) (902/5000) (DVI, HDMI) (GV-N730D5-2GL)", "Обновите свое графическое решение до новой дискретной видеокарты GeForce GT 730 и получите супербыструю работу в веб, а также невероятные возможности редактирования фото и видео. Видеокарта GT 730 также обеспечивает в 3 раза более высокую производительность в играх, чем встроенная графика, при этом гарантируя надежность и стабильность работы благодаря GeForce Experience. Режим сглаживания NVIDIA FXAA Сглаживание выравнивает зубчатые границы изображения, но может быть очень требовательным к частоте смены кадров. FXAA — это новая технология сглаживания, которая обеспечивает прекрасные плавные линии при минимальном влиянии на производительность. Благодаря GPU на базе архитектуры Kepler вы можете включить FXAA в сотнях играх через Панель управления Nvidia. PureVideo HD Сочетание ускорения декодирования HD видео и постобработки, обеспечивает проигрывание видео без помех, потрясающую чистоту изображения, четкость цвета и точное масштабирование изображения в фильмах и видео. Все это с невероятной эффективностью энергопотребления. Потоковое аудио форматов TrueHD и DTS-HD Полная поддержка TrueHD и продвинутых кодеков для многоканального HD аудио без сжатия DTS-HD дарит вам невероятное наслаждение звуком прямо у вас дома. Adaptive Vertical Sync Ничто не отвлекает так, как дрожание кадров и разрывы изображения. Первое происходит, когда частота смены кадров низкая, второе – когда она слишком высокая. Технология Adaptive V-Sync – прекрасный способ обработки кадров. При высокой частоте смены кадров V-sync включается для устранения разрывов изображения, при низкой – отключается, чтобы свести дрожание до минимума. Это позволяет не отвлекаться, поэтому вы можете продолжить игру.", 14747);
INSERT INTO webshop.characteristics (CharacteristicID, CharacteristicTypeID, Value, ProductID) VALUES (1803, 1, "PCI-Express x16 2.х", 93);
INSERT INTO webshop.characteristics (CharacteristicID, CharacteristicTypeID, Value, ProductID) VALUES (1804, 2, "902 МГц", 93);
INSERT INTO webshop.characteristics (CharacteristicID, CharacteristicTypeID, Value, ProductID) VALUES (1805, 16, "4096x2160", 93);
INSERT INTO webshop.characteristics (CharacteristicID, CharacteristicTypeID, Value, ProductID) VALUES (1806, 17, "Активная", 93);
INSERT INTO webshop.characteristics (CharacteristicID, CharacteristicTypeID, Value, ProductID) VALUES (1807, 3, "Нет", 93);
INSERT INTO webshop.characteristics (CharacteristicID, CharacteristicTypeID, Value, ProductID) VALUES (1808, 4, "DVI HDMI", 93);
INSERT INTO webshop.characteristics (CharacteristicID, CharacteristicTypeID, Value, ProductID) VALUES (1809, 5, "Нет", 93);
INSERT INTO webshop.characteristics (CharacteristicID, CharacteristicTypeID, Value, ProductID) VALUES (1810, 6, "5000 МГц", 93);
INSERT INTO webshop.characteristics (CharacteristicID, CharacteristicTypeID, Value, ProductID) VALUES (1811, 7, "14.67 x 149.88 x 68.9 мм", 93);
INSERT INTO webshop.characteristics (CharacteristicID, CharacteristicTypeID, Value, ProductID) VALUES (1812, 8, "300 Вт", 93);
INSERT INTO webshop.characteristics (CharacteristicID, CharacteristicTypeID, Value, ProductID) VALUES (1813, 9, "GeForce GT730", 93);
INSERT INTO webshop.characteristics (CharacteristicID, CharacteristicTypeID, Value, ProductID) VALUES (1814, 19, "GDDR5", 93);
INSERT INTO webshop.characteristics (CharacteristicID, CharacteristicTypeID, Value, ProductID) VALUES (1815, 20, "36 месяцев", 93);
INSERT INTO webshop.characteristics (CharacteristicID, CharacteristicTypeID, Value, ProductID) VALUES (1816, 21, "1", 93);
INSERT INTO webshop.characteristics (CharacteristicID, CharacteristicTypeID, Value, ProductID) VALUES (1817, 22, "Низкопрофильная", 93);
INSERT INTO webshop.characteristics (CharacteristicID, CharacteristicTypeID, Value, ProductID) VALUES (1818, 12, "64 бит", 93);
INSERT INTO webshop.characteristics (CharacteristicID, CharacteristicTypeID, Value, ProductID) VALUES (1819, 23, "DirectX 12, OpenGL 4.4", 93);
INSERT INTO webshop.characteristics (CharacteristicID, CharacteristicTypeID, Value, ProductID) VALUES (1820, 13, "Нет", 93);
INSERT INTO webshop.characteristics (CharacteristicID, CharacteristicTypeID, Value, ProductID) VALUES (1821, 25, "2 ГБ", 93);
INSERT INTO webshop.characteristics (CharacteristicID, CharacteristicTypeID, Value, ProductID) VALUES (1822, 26, "Радиатор + Вентилятор", 93);
INSERT INTO webshop.images (ImageID, Url, ProductID) VALUES (518, "https://i1.rozetka.ua/goods/2636160/gigabyte_gv_n730d5_2gl_images_2636160335.jpg", 93);
INSERT INTO webshop.images (ImageID, Url, ProductID) VALUES (519, "https://i1.rozetka.ua/goods/2636160/gigabyte_gv_n730d5_2gl_images_2636160231.jpg", 93);
INSERT INTO webshop.images (ImageID, Url, ProductID) VALUES (520, "https://i1.rozetka.ua/goods/2636160/gigabyte_gv_n730d5_2gl_images_2636160023.jpg", 93);
INSERT INTO webshop.images (ImageID, Url, ProductID) VALUES (521, "https://i1.rozetka.ua/goods/2636160/gigabyte_gv_n730d5_2gl_images_2636160127.jpg", 93);
INSERT INTO webshop.comments (CommentID, Nickname, Rating, Message, Date, ProductID) VALUES (246, "Саша Терещенко", 0, "Уже получил)Приехала быстро-за два дня. Нареканий нет(дествительно безшумная). Тянет War Thunder на минималках в стабильных 60 фпс. Вот только из драйверами сначала не понял(нужно переходить на сайт инвидии и скачивать драйвер, или программу которая подбирает и устанавливает драйвера). Все отлично... Еще работает, рекомендую))) Достоинства: Безшумная, соотношение цена-качество. Недостатки: Нету)", "2018-1-5", 93);
INSERT INTO webshop.comments (CommentID, Nickname, Rating, Message, Date, ProductID) VALUES (247, "Саша Терещенко", 0, "Потянет War Thunder на средних?", "2018-1-3", 93);
INSERT INTO webshop.comments (CommentID, Nickname, Rating, Message, Date, ProductID) VALUES (248, "Александр", 0, "А тут точно 2 гига памяти? На сайте производителя указано что 1... Встанет ли она на мать ASUS P8H61-M LX", "2018-1-0", 93);
-- =====================================================================
INSERT INTO webshop.products (ProductID, ProductTypeID, Title, Description, Price) VALUES (94, 6, "Gigabyte PCI-Ex Radeon R5 230 1024MB DDR3 (64bit) (625/1066) (DVI, HDMI, VGA) (GV-R523D3-1GL Rev 2.0)", "Видеокарта Gigabyte Radeon R5 230 — это идеальное решение для обычных пользователей ПК, желающих получить графическую производительность уровня дискретных видеокарт. Наряду с невероятно низким потреблением энергии, вы также получите улучшенную производительность мультимедиа, расширенный рабочий стол и ускоренную работу с приложениями. Расширьте границы просматриваемых изображений, используя технологию AMD Eyefinity. Получите удовольствие от возможности соединить два или три монитора для создания многоэкранного рабочего стола, что позволит значительно увеличить продуктивность вашей работы. Потрясающая скорость. Полная функциональность. Насыщенное HD-видео. Технология AMD App Acceleration обеспечивает повышенную скорость работы повседневных приложений и улучшенное качество воспроизведения HD-видео. Играйте в 3D-игры, смотрите 3D-фильмы в формате Blu-ray и редактируйте 3D-фотографии на 3D-мониторе, телевизоре или проекторе. Получайте удовольствие от возможностей и технических преимуществ компьютерных игр нового поколения благодаря встроенной поддержке DirectX 11.", 418);
INSERT INTO webshop.characteristics (CharacteristicID, CharacteristicTypeID, Value, ProductID) VALUES (1823, 1, "PCI-Express x16 2.х", 94);
INSERT INTO webshop.characteristics (CharacteristicID, CharacteristicTypeID, Value, ProductID) VALUES (1824, 2, "625 МГц", 94);
INSERT INTO webshop.characteristics (CharacteristicID, CharacteristicTypeID, Value, ProductID) VALUES (1825, 16, "2560x1600", 94);
INSERT INTO webshop.characteristics (CharacteristicID, CharacteristicTypeID, Value, ProductID) VALUES (1826, 17, "Активная", 94);
INSERT INTO webshop.characteristics (CharacteristicID, CharacteristicTypeID, Value, ProductID) VALUES (1827, 3, "Нет", 94);
INSERT INTO webshop.characteristics (CharacteristicID, CharacteristicTypeID, Value, ProductID) VALUES (1828, 4, "VGA DVI HDMI", 94);
INSERT INTO webshop.characteristics (CharacteristicID, CharacteristicTypeID, Value, ProductID) VALUES (1829, 5, "Нет", 94);
INSERT INTO webshop.characteristics (CharacteristicID, CharacteristicTypeID, Value, ProductID) VALUES (1830, 6, "1066 МГц", 94);
INSERT INTO webshop.characteristics (CharacteristicID, CharacteristicTypeID, Value, ProductID) VALUES (1831, 7, "166 х 69 х 13 мм", 94);
INSERT INTO webshop.characteristics (CharacteristicID, CharacteristicTypeID, Value, ProductID) VALUES (1832, 8, "400 Вт", 94);
INSERT INTO webshop.characteristics (CharacteristicID, CharacteristicTypeID, Value, ProductID) VALUES (1833, 9, "R5 230", 94);
INSERT INTO webshop.characteristics (CharacteristicID, CharacteristicTypeID, Value, ProductID) VALUES (1834, 19, "DDR3", 94);
INSERT INTO webshop.characteristics (CharacteristicID, CharacteristicTypeID, Value, ProductID) VALUES (1835, 20, "24 месяца", 94);
INSERT INTO webshop.characteristics (CharacteristicID, CharacteristicTypeID, Value, ProductID) VALUES (1836, 21, "1", 94);
INSERT INTO webshop.characteristics (CharacteristicID, CharacteristicTypeID, Value, ProductID) VALUES (1837, 22, "Низкопрофильная", 94);
INSERT INTO webshop.characteristics (CharacteristicID, CharacteristicTypeID, Value, ProductID) VALUES (1838, 12, "64 бит", 94);
INSERT INTO webshop.characteristics (CharacteristicID, CharacteristicTypeID, Value, ProductID) VALUES (1839, 24, "1", 94);
INSERT INTO webshop.characteristics (CharacteristicID, CharacteristicTypeID, Value, ProductID) VALUES (1840, 23, "DirectX 11, OpenGL 4.1", 94);
INSERT INTO webshop.characteristics (CharacteristicID, CharacteristicTypeID, Value, ProductID) VALUES (1841, 13, "Нет", 94);
INSERT INTO webshop.characteristics (CharacteristicID, CharacteristicTypeID, Value, ProductID) VALUES (1842, 25, "1 ГБ", 94);
INSERT INTO webshop.characteristics (CharacteristicID, CharacteristicTypeID, Value, ProductID) VALUES (1843, 26, "Радиатор + Вентилятор", 94);
INSERT INTO webshop.images (ImageID, Url, ProductID) VALUES (522, "https://i2.rozetka.ua/goods/2449291/gigabyte_gv_r523d3_1gl_rev2_images_2449291129.jpg", 94);
INSERT INTO webshop.images (ImageID, Url, ProductID) VALUES (523, "https://i1.rozetka.ua/goods/2449291/gigabyte_gv_r523d3_1gl_rev2_images_2449291025.jpg", 94);
INSERT INTO webshop.images (ImageID, Url, ProductID) VALUES (524, "https://i1.rozetka.ua/goods/2449291/gigabyte_gv_r523d3_1gl_rev2_images_2449291233.jpg", 94);
INSERT INTO webshop.images (ImageID, Url, ProductID) VALUES (525, "https://i1.rozetka.ua/goods/2449291/gigabyte_gv_r523d3_1gl_rev2_images_2449291337.jpg", 94);
INSERT INTO webshop.images (ImageID, Url, ProductID) VALUES (526, "https://i1.rozetka.ua/goods/2449290/gigabyte_gv_r523d3_1gl_rev2_images_2449290921.jpg", 94);
INSERT INTO webshop.comments (CommentID, Nickname, Rating, Message, Date, ProductID) VALUES (249, "Богдан Лесняк", 0, "підійде до Asus H110M-K???", "2018-0-3", 94);
INSERT INTO webshop.comments (CommentID, Nickname, Rating, Message, Date, ProductID) VALUES (250, "Гость", 0, "Пойдёт дня неё мамка GIGABYTE GA-P31-S3G?", "2018-0-5", 94);
-- =====================================================================
INSERT INTO webshop.products (ProductID, ProductTypeID, Title, Description, Price) VALUES (95, 6, "Gigabyte PCI-Ex Radeon RX 560 Gaming OC 4GB GDDR5 (128bit) (1224/7000) (DVI, HDMI, Display Port) (GV-RX560GAMING OC-4GD)", "Видеокарта Gigabyte Gaming создана, чтобы удовлетворить все требования опытных игроков, основана на решении AMD Radeon. Windforce 2X Cooling System Система охлаждения Windforce 2X оснащена двумя вентиляторами 80 мм с уникальным дизайном лопастей и технологией прямого контакта. Это позволяет получить эффективный уровень теплорассеивания для высокопроизводительной системы с низкой температурой. Уникальный дизайн лопастей вентилятора Воздушный поток эффективно отводится от радиатора с помощью вентиляторов, лопасти которых, имеют специальные насечки и форму. Благодаря этим характеристикам удается достичь высокого уровня отвода тепла, при высоких нагрузках и низкой температуре. Тесты показали эффективность выше на 23%. 3D Active Fan Используется полупассивный режим работы, вентиляторы останавливают свою работу, если температура чипа не высокая, или нет достаточной нагрузки. Надежные и долговечные компоненты При производстве карты используются дроссели и конденсаторы высокого качества, благодаря этому факту графическая карта обеспечивает выдающуюся производительность и долговечность системы.", 3048);
INSERT INTO webshop.characteristics (CharacteristicID, CharacteristicTypeID, Value, ProductID) VALUES (1844, 1, "PCI-Express x16 3.0", 95);
INSERT INTO webshop.characteristics (CharacteristicID, CharacteristicTypeID, Value, ProductID) VALUES (1845, 2, "Gaming mode: 1224 МГц OC mode: 1234 МГц Reference clock: 1176 MHz", 95);
INSERT INTO webshop.characteristics (CharacteristicID, CharacteristicTypeID, Value, ProductID) VALUES (1846, 16, "7680x4320", 95);
INSERT INTO webshop.characteristics (CharacteristicID, CharacteristicTypeID, Value, ProductID) VALUES (1847, 17, "Активная", 95);
INSERT INTO webshop.characteristics (CharacteristicID, CharacteristicTypeID, Value, ProductID) VALUES (1848, 3, "Нет", 95);
INSERT INTO webshop.characteristics (CharacteristicID, CharacteristicTypeID, Value, ProductID) VALUES (1849, 4, "DVI DisplayPort HDMI", 95);
INSERT INTO webshop.characteristics (CharacteristicID, CharacteristicTypeID, Value, ProductID) VALUES (1850, 5, "Нет", 95);
INSERT INTO webshop.characteristics (CharacteristicID, CharacteristicTypeID, Value, ProductID) VALUES (1851, 6, "7000 МГц", 95);
INSERT INTO webshop.characteristics (CharacteristicID, CharacteristicTypeID, Value, ProductID) VALUES (1852, 7, "190 x 111 x 37 мм", 95);
INSERT INTO webshop.characteristics (CharacteristicID, CharacteristicTypeID, Value, ProductID) VALUES (1853, 8, "400 Вт", 95);
INSERT INTO webshop.characteristics (CharacteristicID, CharacteristicTypeID, Value, ProductID) VALUES (1854, 9, "RX 560", 95);
INSERT INTO webshop.characteristics (CharacteristicID, CharacteristicTypeID, Value, ProductID) VALUES (1855, 19, "GDDR5", 95);
INSERT INTO webshop.characteristics (CharacteristicID, CharacteristicTypeID, Value, ProductID) VALUES (1856, 20, "36 месяцев", 95);
INSERT INTO webshop.characteristics (CharacteristicID, CharacteristicTypeID, Value, ProductID) VALUES (1857, 22, "Стандартная", 95);
INSERT INTO webshop.characteristics (CharacteristicID, CharacteristicTypeID, Value, ProductID) VALUES (1858, 12, "128 бит", 95);
INSERT INTO webshop.characteristics (CharacteristicID, CharacteristicTypeID, Value, ProductID) VALUES (1859, 23, "DirectX 12, OpenGL 4.5", 95);
INSERT INTO webshop.characteristics (CharacteristicID, CharacteristicTypeID, Value, ProductID) VALUES (1860, 13, "Есть", 95);
INSERT INTO webshop.characteristics (CharacteristicID, CharacteristicTypeID, Value, ProductID) VALUES (1861, 25, "4 ГБ", 95);
INSERT INTO webshop.characteristics (CharacteristicID, CharacteristicTypeID, Value, ProductID) VALUES (1862, 26, "Windforce 2X", 95);
INSERT INTO webshop.images (ImageID, Url, ProductID) VALUES (527, "https://i2.rozetka.ua/goods/2409347/gigabyte_gv_rx560gaming_oc_4gd_images_2409347737.jpg", 95);
INSERT INTO webshop.images (ImageID, Url, ProductID) VALUES (528, "https://i1.rozetka.ua/goods/2409349/gigabyte_gv_rx560gaming_oc_4gd_images_2409349161.jpg", 95);
INSERT INTO webshop.images (ImageID, Url, ProductID) VALUES (529, "https://i2.rozetka.ua/goods/2409348/gigabyte_gv_rx560gaming_oc_4gd_images_2409348225.jpg", 95);
INSERT INTO webshop.images (ImageID, Url, ProductID) VALUES (530, "https://i2.rozetka.ua/goods/2409348/gigabyte_gv_rx560gaming_oc_4gd_images_2409348689.jpg", 95);
INSERT INTO webshop.images (ImageID, Url, ProductID) VALUES (531, "https://i1.rozetka.ua/goods/2409349/gigabyte_gv_rx560gaming_oc_4gd_images_2409349657.jpg", 95);
INSERT INTO webshop.comments (CommentID, Nickname, Rating, Message, Date, ProductID) VALUES (251, "Ирина Цехмистер", 0, "Вопрос к представителю, кто производитель памяти на данной карте?", "2018-1-2", 95);
INSERT INTO webshop.comments (CommentID, Nickname, Rating, Message, Date, ProductID) VALUES (252, "Влад", 0, "Здравствуйте после установки видеокарты переодически выключается и бывают мурашки на белом фоне монитор проц fx-8300 мать Asus M5A78L-M PLUS/USB3 блок питания Aerocool VX-600 600W", "2018-1-6", 95);
INSERT INTO webshop.comments (CommentID, Nickname, Rating, Message, Date, ProductID) VALUES (253, "Serhii Horelskyi", 5, "Хорошая карта на момент покупки была. Устраивает всем. С официальными дровами от АМД могут быть глюки, по этому нужно сразу ставить дрова с оф. сайта, что бы карточка хорошо работала и работала гигабайтовская утилита разгона. Увы и ах, до 1400 МГц ядро не разогнать, хотя запах по охлаждению... Еще позволяет... ГТА виснет в течении минуты, только Fallout 4 каким-то образом не вис. Достоинства: Тянет популярные игры GTA V, Fallout 4, Ведьмака... Недостатки: Слабовата для ультра максимальных настроек, ОС возможен только с дровами от гигабайт", "2018-1-6", 95);
-- =====================================================================
INSERT INTO webshop.products (ProductID, ProductTypeID, Title, Description, Price) VALUES (96, 6, "Gigabyte PCI-Ex Radeon RX 560 OC 4GB GDDR5 (128bit) (1189/7000) (DVI, HDMI, Display Port) (GV-RX560OC-4GD)", "Видеокарта Gigabyte Gaming создана, чтобы удовлетворить все требования опытных игроков, основана на решении AMD Radeon, архитектура GPU — Polaris. Уникальный дизайн лопастей вентилятора Воздушный поток эффективно отводится от радиатора с помощью вентиляторов, лопасти которых, имеют специальные насечки и форму. Благодаря этим характеристикам удается достичь высокого уровня отвода тепла, при высоких нагрузках и низкой температуре. Тесты показали эффективность выше на 23%. 3D Active Fan Используется полупассивный режим работы, вентиляторы останавливают свою работу, если температура чипа не высокая, или нет достаточной нагрузки. Разгон в одно нажатие Одним простым действием в программном обеспечении Xtreme Engine, игроки могут легко настроить карту таким образом, чтобы удовлетворить различные игровые требования без специальных знаний. Надежные и долговечные компоненты При производстве карты используются дроссели и конденсаторы высокого качества, благодаря этому факту графическая карта обеспечивает выдающуюся производительность и долговечность системы.", 5507);
INSERT INTO webshop.characteristics (CharacteristicID, CharacteristicTypeID, Value, ProductID) VALUES (1863, 1, "PCI-Express x16 3.0", 96);
INSERT INTO webshop.characteristics (CharacteristicID, CharacteristicTypeID, Value, ProductID) VALUES (1864, 2, "Gaming mode: 1189 МГц OC mode: 1199 МГц", 96);
INSERT INTO webshop.characteristics (CharacteristicID, CharacteristicTypeID, Value, ProductID) VALUES (1865, 16, "7680x4320", 96);
INSERT INTO webshop.characteristics (CharacteristicID, CharacteristicTypeID, Value, ProductID) VALUES (1866, 17, "Активная", 96);
INSERT INTO webshop.characteristics (CharacteristicID, CharacteristicTypeID, Value, ProductID) VALUES (1867, 3, "Нет", 96);
INSERT INTO webshop.characteristics (CharacteristicID, CharacteristicTypeID, Value, ProductID) VALUES (1868, 4, "DVI DisplayPort HDMI", 96);
INSERT INTO webshop.characteristics (CharacteristicID, CharacteristicTypeID, Value, ProductID) VALUES (1869, 5, "Нет", 96);
INSERT INTO webshop.characteristics (CharacteristicID, CharacteristicTypeID, Value, ProductID) VALUES (1870, 6, "7000 МГц", 96);
INSERT INTO webshop.characteristics (CharacteristicID, CharacteristicTypeID, Value, ProductID) VALUES (1871, 7, "170 x 114.6 x 29.2 мм", 96);
INSERT INTO webshop.characteristics (CharacteristicID, CharacteristicTypeID, Value, ProductID) VALUES (1872, 8, "400 Вт", 96);
INSERT INTO webshop.characteristics (CharacteristicID, CharacteristicTypeID, Value, ProductID) VALUES (1873, 9, "RX 560", 96);
INSERT INTO webshop.characteristics (CharacteristicID, CharacteristicTypeID, Value, ProductID) VALUES (1874, 19, "GDDR5", 96);
INSERT INTO webshop.characteristics (CharacteristicID, CharacteristicTypeID, Value, ProductID) VALUES (1875, 20, "36 месяцев", 96);
INSERT INTO webshop.characteristics (CharacteristicID, CharacteristicTypeID, Value, ProductID) VALUES (1876, 22, "Мини", 96);
INSERT INTO webshop.characteristics (CharacteristicID, CharacteristicTypeID, Value, ProductID) VALUES (1877, 12, "128 бит", 96);
INSERT INTO webshop.characteristics (CharacteristicID, CharacteristicTypeID, Value, ProductID) VALUES (1878, 23, "DirectX 12, OpenGL 4.5", 96);
INSERT INTO webshop.characteristics (CharacteristicID, CharacteristicTypeID, Value, ProductID) VALUES (1879, 13, "Нет", 96);
INSERT INTO webshop.characteristics (CharacteristicID, CharacteristicTypeID, Value, ProductID) VALUES (1880, 25, "4 ГБ", 96);
INSERT INTO webshop.characteristics (CharacteristicID, CharacteristicTypeID, Value, ProductID) VALUES (1881, 26, "Вентилятор + радиатор", 96);
INSERT INTO webshop.images (ImageID, Url, ProductID) VALUES (532, "https://i2.rozetka.ua/goods/2416270/copy_gigabyte_gv_rx550d5_2gd_5a324d466e5b8_images_2416270401.jpg", 96);
INSERT INTO webshop.images (ImageID, Url, ProductID) VALUES (533, "https://i2.rozetka.ua/goods/2416270/copy_gigabyte_gv_rx550d5_2gd_5a324d466e5b8_images_2416270761.jpg", 96);
INSERT INTO webshop.images (ImageID, Url, ProductID) VALUES (534, "https://i1.rozetka.ua/goods/2416271/copy_gigabyte_gv_rx550d5_2gd_5a324d466e5b8_images_2416271121.jpg", 96);
INSERT INTO webshop.images (ImageID, Url, ProductID) VALUES (535, "https://i1.rozetka.ua/goods/2416713/gigabyte_gv_rx560oc_4gd_images_2416713233.jpg", 96);
INSERT INTO webshop.images (ImageID, Url, ProductID) VALUES (536, "https://i2.rozetka.ua/goods/2416271/gigabyte_gv_rx560oc_4gd_images_2416271441.jpg", 96);
INSERT INTO webshop.comments (CommentID, Nickname, Rating, Message, Date, ProductID) VALUES (254, "Игорь", 5, "Gigabyte как всегда на высоте. Достоинства: Карта отличная. Практически бесшумная. Оптимальное сочетание цены и качества. В режиме простоя вентилятор автоматически снижает обороты, а это реальное увеличение срока службы карты. Поддержка ... Еще разрешения 2К и 4К, включал в играх. Бомба. В паре с процом AMD Athlon - идеальная связка. За десять дней работы ни одного глюка. Недостатки: Пока не обнаружил.", "2018-0-1", 96);
INSERT INTO webshop.comments (CommentID, Nickname, Rating, Message, Date, ProductID) VALUES (255, "Геннадий Вышкварка", 0, "Что лучше приобрести, GeForce GTX 1050 или же эту карту?", "2018-0-6", 96);
INSERT INTO webshop.comments (CommentID, Nickname, Rating, Message, Date, ProductID) VALUES (256, "Владимир", 0, "будет ли она работать на Материнская плата Asus M5A78L-M LX3 (sAM3+, AMD 760G, PCI-Ex16) с процессором AMD FX-8350 4GHz/5200MHz/8MB (FD8350FRHKBOX) sAM3?", "2018-0-6", 96);
-- =====================================================================
INSERT INTO webshop.products (ProductID, ProductTypeID, Title, Description, Price) VALUES (97, 6, "Gigabyte PCI-Ex Radeon RX Vega 56 OC 8192MB HBM2 (2048-bit) (1170/1600) (3 x DisplayPort, 3 x HDMI) (GV-RXVEGA56GAMING OC-8GD)", "Принесите игры в жизнь Radeon RX Vega Graphics предназначена для экстремальных геймеров, которые хотят запускать свои игры с наивысшими разрешениями, самыми высокими кадрами, максимальными настройками и теми, кто хочет использовать самые современные функции для переноса их в будущее. Опыт погружения VR Испытайте следующий уровень погружения в мир игр и развлечений VR с видеокартой Radeon RX на базе революционной архитектуры Polaris. Технология AMD FreeSync Настанет конец прерывистому геймплею, без артефактов при практически любой частоте кадров. Совместимость с HDR Усиленный контраст и цвета создают поразительно резкий, красочный и яркий визуальный эффект.", 10061);
INSERT INTO webshop.characteristics (CharacteristicID, CharacteristicTypeID, Value, ProductID) VALUES (1882, 1, "PCI-Express x16 3.0", 97);
INSERT INTO webshop.characteristics (CharacteristicID, CharacteristicTypeID, Value, ProductID) VALUES (1883, 2, "Базовая: 1170 МГц Boost: 1501 МГц", 97);
INSERT INTO webshop.characteristics (CharacteristicID, CharacteristicTypeID, Value, ProductID) VALUES (1884, 16, "7680x4320", 97);
INSERT INTO webshop.characteristics (CharacteristicID, CharacteristicTypeID, Value, ProductID) VALUES (1885, 17, "Активная", 97);
INSERT INTO webshop.characteristics (CharacteristicID, CharacteristicTypeID, Value, ProductID) VALUES (1886, 3, "8 + 8 pin", 97);
INSERT INTO webshop.characteristics (CharacteristicID, CharacteristicTypeID, Value, ProductID) VALUES (1887, 4, "DisplayPort HDMI", 97);
INSERT INTO webshop.characteristics (CharacteristicID, CharacteristicTypeID, Value, ProductID) VALUES (1888, 5, "Нет", 97);
INSERT INTO webshop.characteristics (CharacteristicID, CharacteristicTypeID, Value, ProductID) VALUES (1889, 6, "1600 МГц", 97);
INSERT INTO webshop.characteristics (CharacteristicID, CharacteristicTypeID, Value, ProductID) VALUES (1890, 7, "273 x 131.6 x 53 мм", 97);
INSERT INTO webshop.characteristics (CharacteristicID, CharacteristicTypeID, Value, ProductID) VALUES (1891, 8, "650 Вт", 97);
INSERT INTO webshop.characteristics (CharacteristicID, CharacteristicTypeID, Value, ProductID) VALUES (1892, 9, "RX Vega 56", 97);
INSERT INTO webshop.characteristics (CharacteristicID, CharacteristicTypeID, Value, ProductID) VALUES (1893, 19, "HBM2", 97);
INSERT INTO webshop.characteristics (CharacteristicID, CharacteristicTypeID, Value, ProductID) VALUES (1894, 22, "Стандартная", 97);
INSERT INTO webshop.characteristics (CharacteristicID, CharacteristicTypeID, Value, ProductID) VALUES (1895, 12, "2048 бит", 97);
INSERT INTO webshop.characteristics (CharacteristicID, CharacteristicTypeID, Value, ProductID) VALUES (1896, 23, "DirectX 12, OpenGL 4.5", 97);
INSERT INTO webshop.characteristics (CharacteristicID, CharacteristicTypeID, Value, ProductID) VALUES (1897, 25, "8 ГБ", 97);
INSERT INTO webshop.characteristics (CharacteristicID, CharacteristicTypeID, Value, ProductID) VALUES (1898, 26, "2 x вентилятора + радиатор", 97);
INSERT INTO webshop.images (ImageID, Url, ProductID) VALUES (537, "https://i1.rozetka.ua/goods/2469940/gigabyte_gv_rxvega56gaming_oc_8gd_images_2469940967.jpg", 97);
INSERT INTO webshop.images (ImageID, Url, ProductID) VALUES (538, "https://i1.rozetka.ua/goods/2469941/gigabyte_gv_rxvega56gaming_oc_8gd_images_2469941071.jpg", 97);
INSERT INTO webshop.images (ImageID, Url, ProductID) VALUES (539, "https://i1.rozetka.ua/goods/2469941/gigabyte_gv_rxvega56gaming_oc_8gd_images_2469941175.jpg", 97);
INSERT INTO webshop.images (ImageID, Url, ProductID) VALUES (540, "https://i1.rozetka.ua/goods/2469941/gigabyte_gv_rxvega56gaming_oc_8gd_images_2469941279.jpg", 97);
INSERT INTO webshop.images (ImageID, Url, ProductID) VALUES (541, "https://i1.rozetka.ua/goods/2469941/gigabyte_gv_rxvega56gaming_oc_8gd_images_2469941383.jpg", 97);
INSERT INTO webshop.images (ImageID, Url, ProductID) VALUES (542, "https://i1.rozetka.ua/goods/2469941/gigabyte_gv_rxvega56gaming_oc_8gd_images_2469941487.jpg", 97);
-- =====================================================================
INSERT INTO webshop.products (ProductID, ProductTypeID, Title, Description, Price) VALUES (98, 6, "Gigabyte PCI-Ex GeForce 210 1024MB GDDR3 (64bit) (590/1200) (DVI, VGA, HDMI) (GV-N210D3-1GI)", "Особенности Графический процессор NVIDIA GeForce 210 GPU Поддержка PCI-Express 2.0 Поддержка DirectX 10.1 и OpenGL 3.1 1024 MБ DDR3 выделенной памяти Поддержка технологии PureVideo HD Dual link DVI-I/D-sub/HDMI с поддержкой HDCP", 4499);
INSERT INTO webshop.characteristics (CharacteristicID, CharacteristicTypeID, Value, ProductID) VALUES (1899, 1, "PCI-Express x16 2.х", 98);
INSERT INTO webshop.characteristics (CharacteristicID, CharacteristicTypeID, Value, ProductID) VALUES (1900, 2, "590 МГц", 98);
INSERT INTO webshop.characteristics (CharacteristicID, CharacteristicTypeID, Value, ProductID) VALUES (1901, 16, "2560x1600", 98);
INSERT INTO webshop.characteristics (CharacteristicID, CharacteristicTypeID, Value, ProductID) VALUES (1902, 17, "Активная", 98);
INSERT INTO webshop.characteristics (CharacteristicID, CharacteristicTypeID, Value, ProductID) VALUES (1903, 3, "Нет", 98);
INSERT INTO webshop.characteristics (CharacteristicID, CharacteristicTypeID, Value, ProductID) VALUES (1904, 5, "Нет", 98);
INSERT INTO webshop.characteristics (CharacteristicID, CharacteristicTypeID, Value, ProductID) VALUES (1905, 6, "1200 МГц", 98);
INSERT INTO webshop.characteristics (CharacteristicID, CharacteristicTypeID, Value, ProductID) VALUES (1906, 7, "197 x 121 x 24 мм", 98);
INSERT INTO webshop.characteristics (CharacteristicID, CharacteristicTypeID, Value, ProductID) VALUES (1907, 8, "300 Вт", 98);
INSERT INTO webshop.characteristics (CharacteristicID, CharacteristicTypeID, Value, ProductID) VALUES (1908, 9, "GeForce 210", 98);
INSERT INTO webshop.characteristics (CharacteristicID, CharacteristicTypeID, Value, ProductID) VALUES (1909, 19, "GDDR3", 98);
INSERT INTO webshop.characteristics (CharacteristicID, CharacteristicTypeID, Value, ProductID) VALUES (1910, 20, "36 месяцев", 98);
INSERT INTO webshop.characteristics (CharacteristicID, CharacteristicTypeID, Value, ProductID) VALUES (1911, 21, "1", 98);
INSERT INTO webshop.characteristics (CharacteristicID, CharacteristicTypeID, Value, ProductID) VALUES (1912, 22, "Низкопрофильная", 98);
INSERT INTO webshop.characteristics (CharacteristicID, CharacteristicTypeID, Value, ProductID) VALUES (1913, 12, "64 бит", 98);
INSERT INTO webshop.characteristics (CharacteristicID, CharacteristicTypeID, Value, ProductID) VALUES (1914, 24, "1", 98);
INSERT INTO webshop.characteristics (CharacteristicID, CharacteristicTypeID, Value, ProductID) VALUES (1915, 23, "DirectX 10.1, OpenGL 3.1", 98);
INSERT INTO webshop.characteristics (CharacteristicID, CharacteristicTypeID, Value, ProductID) VALUES (1916, 13, "Нет", 98);
INSERT INTO webshop.characteristics (CharacteristicID, CharacteristicTypeID, Value, ProductID) VALUES (1917, 25, "1 ГБ", 98);
INSERT INTO webshop.characteristics (CharacteristicID, CharacteristicTypeID, Value, ProductID) VALUES (1918, 26, "Кулер", 98);
INSERT INTO webshop.images (ImageID, Url, ProductID) VALUES (543, "https://i1.rozetka.ua/goods/6323/gv_n210d3_1gl_images_6323172.jpg", 98);
INSERT INTO webshop.comments (CommentID, Nickname, Rating, Message, Date, ProductID) VALUES (257, "Мар'ян Ліщина", 0, "Відеокарта потягне метро 2033 і 2034 та кс/го на манімалках?", "2018-1-5", 98);
INSERT INTO webshop.comments (CommentID, Nickname, Rating, Message, Date, ProductID) VALUES (258, "Bondar", 4, "Служит 4 года! Достоинства: Цена", "2018-1-1", 98);
INSERT INTO webshop.comments (CommentID, Nickname, Rating, Message, Date, ProductID) VALUES (259, "Продійчук Сергій", 5, "Поставив і працює. Достоинства: На свої гроші , нормальний товар.", "2018-1-1", 98);
-- =====================================================================
INSERT INTO webshop.products (ProductID, ProductTypeID, Title, Description, Price) VALUES (99, 6, "HP PCI-Ex NVIDIA Quadro P2000 5GB GDDR5 (160bit) (4 x DisplayPort) (1ME41AA)", "HP NVIDIA Quadro P2000 — это отличная производительность в ведущих профессиональных приложениях, объем встроенной памяти 5 ГБ и низкопрофильный форм-фактор для максимальной гибкости использования. Спроектированные и созданные специально для профессиональных рабочих станций, графические процессоры NVIDIA Quadro обеспечивают мощностью более 200 профессиональных приложений в широком спектре отраслей, включая производство, масс-медиа и развлечения, науки и энергетику. Профессионалы доверяют решениям Quadro для обеспечения лучшего рабочего процесса в таких приложениях, как Adobe CS6, Avid Media Composer, Autodesk Inventor, Dassault Systemes CATIA и SolidWorks, Siemens NX, PTC Creo и многих других. Интеллектуальное управление потреблением электроэнергии Технология NVIDIA Power Management снижает суммарные затраты на потребляемую системой электроэнергию. Она использует интеллектуальный подход при адаптации суммарного потребления видеосистемы в зависимости от приложений, выполняемых конечным потребителем. Оптимизированная система потребления электроэнергии помогает снизить суммарную стоимость владения всей системы и повысить ее надежность. NVIDIA CUDA Архитектура параллельных вычислений CUDA позволяет существенно повысить производительность вычислительных операций благодаря привлечению мощностей GPU (графического процессорного устройства). P2000 содержит 1024 вычислительных ядер CUDA, совместимых со всеми ускоренными приложениями CUDA.", 11953);
INSERT INTO webshop.characteristics (CharacteristicID, CharacteristicTypeID, Value, ProductID) VALUES (1919, 1, "PCI-Express x16 3.0", 99);
INSERT INTO webshop.characteristics (CharacteristicID, CharacteristicTypeID, Value, ProductID) VALUES (1920, 16, "5120x2880", 99);
INSERT INTO webshop.characteristics (CharacteristicID, CharacteristicTypeID, Value, ProductID) VALUES (1921, 17, "Активная", 99);
INSERT INTO webshop.characteristics (CharacteristicID, CharacteristicTypeID, Value, ProductID) VALUES (1922, 3, "Нет", 99);
INSERT INTO webshop.characteristics (CharacteristicID, CharacteristicTypeID, Value, ProductID) VALUES (1923, 4, "DisplayPort", 99);
INSERT INTO webshop.characteristics (CharacteristicID, CharacteristicTypeID, Value, ProductID) VALUES (1924, 5, "Нет", 99);
INSERT INTO webshop.characteristics (CharacteristicID, CharacteristicTypeID, Value, ProductID) VALUES (1925, 7, "112 x 200 мм", 99);
INSERT INTO webshop.characteristics (CharacteristicID, CharacteristicTypeID, Value, ProductID) VALUES (1926, 9, "Quadro P2000", 99);
INSERT INTO webshop.characteristics (CharacteristicID, CharacteristicTypeID, Value, ProductID) VALUES (1927, 19, "GDDR5", 99);
INSERT INTO webshop.characteristics (CharacteristicID, CharacteristicTypeID, Value, ProductID) VALUES (1928, 20, "12 месяцев", 99);
INSERT INTO webshop.characteristics (CharacteristicID, CharacteristicTypeID, Value, ProductID) VALUES (1929, 22, "Мини", 99);
INSERT INTO webshop.characteristics (CharacteristicID, CharacteristicTypeID, Value, ProductID) VALUES (1930, 12, "160 бит", 99);
INSERT INTO webshop.characteristics (CharacteristicID, CharacteristicTypeID, Value, ProductID) VALUES (1931, 23, "DirectX 12, OpenGL 4.5", 99);
INSERT INTO webshop.characteristics (CharacteristicID, CharacteristicTypeID, Value, ProductID) VALUES (1932, 13, "Нет", 99);
INSERT INTO webshop.characteristics (CharacteristicID, CharacteristicTypeID, Value, ProductID) VALUES (1933, 25, "5 ГБ", 99);
INSERT INTO webshop.characteristics (CharacteristicID, CharacteristicTypeID, Value, ProductID) VALUES (1934, 26, "Радиатор + вентилятор", 99);
INSERT INTO webshop.images (ImageID, Url, ProductID) VALUES (544, "https://i2.rozetka.ua/goods/2365500/hp_1me41aa_images_2365500385.jpg", 99);
INSERT INTO webshop.images (ImageID, Url, ProductID) VALUES (545, "https://i1.rozetka.ua/goods/2365500/hp_1me41aa_images_2365500489.jpg", 99);
INSERT INTO webshop.images (ImageID, Url, ProductID) VALUES (546, "https://i1.rozetka.ua/goods/2365500/hp_1me41aa_images_2365500593.jpg", 99);
-- =====================================================================
INSERT INTO webshop.products (ProductID, ProductTypeID, Title, Description, Price) VALUES (100, 6, "HP PCI-Ex NVIDIA Quadro P600 2GB GDDR5 (128bit) (4 x miniDisplayPort) (1ME42AA)", "HP NVIDIA Quadro P600 — это отличная производительность в ведущих профессиональных приложениях, объем встроенной памяти 2 ГБ и низкопрофильный форм-фактор для максимальной гибкости использования. Спроектированные и созданные специально для профессиональных рабочих станций, графические процессоры NVIDIA Quadro обеспечивают мощностью более 200 профессиональных приложений в широком спектре отраслей, включая производство, масс-медиа и развлечения, науки и энергетику. Профессионалы доверяют решениям Quadro для обеспечения лучшего рабочего процесса в таких приложениях, как Adobe CS6, Avid Media Composer, Autodesk Inventor, Dassault Systemes CATIA и SolidWorks, Siemens NX, PTC Creo и многих других. Интеллектуальное управление потреблением электроэнергии Технология NVIDIA Power Management снижает суммарные затраты на потребляемую системой электроэнергию. Она использует интеллектуальный подход при адаптации суммарного потребления видеосистемы в зависимости от приложений, выполняемых конечным потребителем. Оптимизированная система потребления электроэнергии помогает снизить суммарную стоимость владения всей системы и повысить ее надежность. NVIDIA CUDA Архитектура параллельных вычислений CUDA позволяет существенно повысить производительность вычислительных операций благодаря привлечению мощностей GPU (графического процессорного устройства). P600 содержит 384 вычислительных ядер CUDA, совместимых со всеми ускоренными приложениями CUDA.", 4686);
INSERT INTO webshop.characteristics (CharacteristicID, CharacteristicTypeID, Value, ProductID) VALUES (1935, 1, "PCI-Express x16 3.0", 100);
INSERT INTO webshop.characteristics (CharacteristicID, CharacteristicTypeID, Value, ProductID) VALUES (1936, 16, "5120x2880", 100);
INSERT INTO webshop.characteristics (CharacteristicID, CharacteristicTypeID, Value, ProductID) VALUES (1937, 17, "Активная", 100);
INSERT INTO webshop.characteristics (CharacteristicID, CharacteristicTypeID, Value, ProductID) VALUES (1938, 3, "Нет", 100);
INSERT INTO webshop.characteristics (CharacteristicID, CharacteristicTypeID, Value, ProductID) VALUES (1939, 4, "miniDisplayPort", 100);
INSERT INTO webshop.characteristics (CharacteristicID, CharacteristicTypeID, Value, ProductID) VALUES (1940, 5, "Нет", 100);
INSERT INTO webshop.characteristics (CharacteristicID, CharacteristicTypeID, Value, ProductID) VALUES (1941, 7, "68.9 x 145 мм", 100);
INSERT INTO webshop.characteristics (CharacteristicID, CharacteristicTypeID, Value, ProductID) VALUES (1942, 9, "Quadro P600", 100);
INSERT INTO webshop.characteristics (CharacteristicID, CharacteristicTypeID, Value, ProductID) VALUES (1943, 19, "GDDR5", 100);
INSERT INTO webshop.characteristics (CharacteristicID, CharacteristicTypeID, Value, ProductID) VALUES (1944, 20, "12 месяцев", 100);
INSERT INTO webshop.characteristics (CharacteristicID, CharacteristicTypeID, Value, ProductID) VALUES (1945, 22, "Низкопрофильная", 100);
INSERT INTO webshop.characteristics (CharacteristicID, CharacteristicTypeID, Value, ProductID) VALUES (1946, 12, "128 бит", 100);
INSERT INTO webshop.characteristics (CharacteristicID, CharacteristicTypeID, Value, ProductID) VALUES (1947, 23, "DirectX 12, OpenGL 4.5", 100);
INSERT INTO webshop.characteristics (CharacteristicID, CharacteristicTypeID, Value, ProductID) VALUES (1948, 13, "Нет", 100);
INSERT INTO webshop.characteristics (CharacteristicID, CharacteristicTypeID, Value, ProductID) VALUES (1949, 25, "2 ГБ", 100);
INSERT INTO webshop.characteristics (CharacteristicID, CharacteristicTypeID, Value, ProductID) VALUES (1950, 26, "Радиатор + вентилятор", 100);
INSERT INTO webshop.images (ImageID, Url, ProductID) VALUES (547, "https://i2.rozetka.ua/goods/2365537/hp_1me42aa_images_2365537097.jpg", 100);
INSERT INTO webshop.images (ImageID, Url, ProductID) VALUES (548, "https://i1.rozetka.ua/goods/2365537/hp_1me42aa_images_2365537201.jpg", 100);
INSERT INTO webshop.images (ImageID, Url, ProductID) VALUES (549, "https://i1.rozetka.ua/goods/2365537/hp_1me42aa_images_2365537305.jpg", 100);
-- =====================================================================
INSERT INTO webshop.products (ProductID, ProductTypeID, Title, Description, Price) VALUES (101, 6, "INNO3D PCI-Ex GeForce GTX 1060 iChill X3 6GB GDDR5 (192bit) (1556/8000) (2 x DVI, HDMI, DisplayPort) (C106F2-3SDN-N5GSX)", "INNO3D iChill — линейка видеокарт Innovision Multimedia, специально адаптированная под геймеров и оверклокеров. Графические адаптеры данного семейства обладают следующими преимуществами: Оснащаются мощными системами охлаждения от ведущих производителей; Имеют повышенные тактовые частоты (заводской разгон), благодаря чему функционируют ощутимо быстрее референсных решений; Имеют пониженный уровень шума; Выделяются эксклюзивным внешним видом и дизайном; Создаются исключительно на базе высококлассных компонентов топового уровня и улучшенных РСВ; Имеют позолоченные контакты выходных разъемов. Видеокарты iChill часто являются лучшими в своем классе, завоевали множество престижных наград от ведущих тестовых лабораторий мира. Видеокарта NVIDIA GTX 1060 основана на новой архитектуре Pascal, а также имеет на борту 6 ГБ памяти GDDR5. Поддерживает предельно высокое разрешение экрана! Next-Gen Gaming Technologies — nVidia Pascal GeForce GTX 1060 использует мощь Pascal для удовлетворения требований новейших дисплеев, а также VR, ультравысокого разрешения, в том числе с несколькими мониторами. Графический процессор, исполнен по 16-нанометровой технологи FinFET и содержит 1280 CUDA-блоков. VR Ready! Откройте для себя виртуальную реальность нового поколения, минимальные задержки и совместимость (Plug-and-Play) с лучшими VR-гарнитурами – все это благодаря технологиям NVIDIA VRWorks. Звуковое сопровождение, физика и тактильные ощущения в VR позволят вам прочувствовать каждый момент игрового процесса.", 11764);
INSERT INTO webshop.characteristics (CharacteristicID, CharacteristicTypeID, Value, ProductID) VALUES (1951, 1, "PCI-Express x16 3.0", 101);
INSERT INTO webshop.characteristics (CharacteristicID, CharacteristicTypeID, Value, ProductID) VALUES (1952, 2, "Базовая: 1556 МГц В режиме разгона: 1771 МГц", 101);
INSERT INTO webshop.characteristics (CharacteristicID, CharacteristicTypeID, Value, ProductID) VALUES (1953, 16, "7680x4320", 101);
INSERT INTO webshop.characteristics (CharacteristicID, CharacteristicTypeID, Value, ProductID) VALUES (1954, 17, "Активная", 101);
INSERT INTO webshop.characteristics (CharacteristicID, CharacteristicTypeID, Value, ProductID) VALUES (1955, 3, "8 pin", 101);
INSERT INTO webshop.characteristics (CharacteristicID, CharacteristicTypeID, Value, ProductID) VALUES (1956, 4, "DVI DisplayPort HDMI", 101);
INSERT INTO webshop.characteristics (CharacteristicID, CharacteristicTypeID, Value, ProductID) VALUES (1957, 5, "Нет", 101);
INSERT INTO webshop.characteristics (CharacteristicID, CharacteristicTypeID, Value, ProductID) VALUES (1958, 6, "8000 МГц", 101);
INSERT INTO webshop.characteristics (CharacteristicID, CharacteristicTypeID, Value, ProductID) VALUES (1959, 7, "302.2 x 115.2 мм", 101);
INSERT INTO webshop.characteristics (CharacteristicID, CharacteristicTypeID, Value, ProductID) VALUES (1960, 8, "400 Вт", 101);
INSERT INTO webshop.characteristics (CharacteristicID, CharacteristicTypeID, Value, ProductID) VALUES (1961, 9, "GeForce GTX 1060", 101);
INSERT INTO webshop.characteristics (CharacteristicID, CharacteristicTypeID, Value, ProductID) VALUES (1962, 19, "GDDR5", 101);
INSERT INTO webshop.characteristics (CharacteristicID, CharacteristicTypeID, Value, ProductID) VALUES (1963, 20, "36 месяцев", 101);
INSERT INTO webshop.characteristics (CharacteristicID, CharacteristicTypeID, Value, ProductID) VALUES (1964, 21, "2", 101);
INSERT INTO webshop.characteristics (CharacteristicID, CharacteristicTypeID, Value, ProductID) VALUES (1965, 22, "Стандартная", 101);
INSERT INTO webshop.characteristics (CharacteristicID, CharacteristicTypeID, Value, ProductID) VALUES (1966, 12, "192 бит", 101);
INSERT INTO webshop.characteristics (CharacteristicID, CharacteristicTypeID, Value, ProductID) VALUES (1967, 23, "DirectX 12, OpenGL 4.5", 101);
INSERT INTO webshop.characteristics (CharacteristicID, CharacteristicTypeID, Value, ProductID) VALUES (1968, 13, "Нет", 101);
INSERT INTO webshop.characteristics (CharacteristicID, CharacteristicTypeID, Value, ProductID) VALUES (1969, 25, "6 ГБ", 101);
INSERT INTO webshop.characteristics (CharacteristicID, CharacteristicTypeID, Value, ProductID) VALUES (1970, 26, "Радиатор + 3 x Вентилятора", 101);
INSERT INTO webshop.images (ImageID, Url, ProductID) VALUES (550, "https://i1.rozetka.ua/goods/2333231/inno3d_c106f2_3sdn_n5gsx_images_2333231241.jpg", 101);
INSERT INTO webshop.images (ImageID, Url, ProductID) VALUES (551, "https://i1.rozetka.ua/goods/2333231/inno3d_c106f2_3sdn_n5gsx_images_2333231345.jpg", 101);
INSERT INTO webshop.images (ImageID, Url, ProductID) VALUES (552, "https://i2.rozetka.ua/goods/2333231/inno3d_c106f2_3sdn_n5gsx_images_2333231449.jpg", 101);
INSERT INTO webshop.comments (CommentID, Nickname, Rating, Message, Date, ProductID) VALUES (260, "Руслан Настюк", 0, "по памяти +980 полет нормальный, по ядру +90 норм дальше артефакты, больше всего нравится то что когда фильмы смотриш вентиляторы вообще стоят. Достоинства: очень тихая, красивая. Недостатки: пока незаметил", "2018-1-1", 101);
INSERT INTO webshop.comments (CommentID, Nickname, Rating, Message, Date, ProductID) VALUES (261, "TheBlack Shadow", 5, "заработает ли ето подскажите", "2018-1-3", 101);
INSERT INTO webshop.comments (CommentID, Nickname, Rating, Message, Date, ProductID) VALUES (262, "Alex Pisov", 0, "Можно вопрос к производителю-1.Как себя ведет карточка в разгоне?2.Как шумит?3.Влезет ли эта видеокарта в Gamemax Elysium Black корпус?4.Что по поводу питания? Лично от себя хочеться отметить что очень достойная карта с неплохим разгоном.Вообще Инно3д незаслуженно оскорблено всеми ютюберами как... Еще ноу-нейм но тесты говорят иначе ибо даже разгон до 1800мгц карта не греется до 60°. P. S: забыл спросить тех у кого купили уже бывает ли брак или дефекты? Если да то насколько часто? Заранее спасибо.", "2018-1-2", 101);
-- =====================================================================
INSERT INTO webshop.products (ProductID, ProductTypeID, Title, Description, Price) VALUES (102, 6, "INNO3D PCI-Ex GeForce GTX 1070 Ti iChill HerculeZ X3 8GB GDDR5 (256bit) (1607/8000) (DVI, HDMI, 3 x DisplayPort) (C107T3-1SDN-P5DN)", "INNO3D iChill — линейка видеокарт Innovision Multimedia, специально адаптированная под геймеров и оверклокеров. Графические адаптеры данного семейства обладают следующими преимуществами: Оснащаются мощными системами охлаждения от ведущих производителей; Имеют повышенные тактовые частоты (заводской разгон), благодаря чему функционируют ощутимо быстрее референсных решений; Имеют пониженный уровень шума; Выделяются эксклюзивным внешним видом и дизайном; Создаются исключительно на базе высококлассных компонентов топового уровня и улучшенных РСВ; Имеют позолоченные контакты выходных разъемов. Видеокарты iChill часто являются лучшими в своем классе, завоевали множество престижных наград от ведущих тестовых лабораторий мира. NVIDIA GeForce GTX 1070 Ti — одна из самых технически продвинутых игровых видеокарт на планете, на сегодняшний день. Видеокарта NVIDIA GTX 1070 Ti основана на новой архитектуре Pascal, а также имеет на борту 8 ГБ памяти GDDR5. Поддерживает предельно высокое разрешение экрана! Next-Gen Gaming Technologies — nVidia Pascal GeForce GTX 1070 Ti использует мощь Pascal для удовлетворения требований новейших дисплеев, а также VR, ультравысокого разрешения, в том числе с несколькими мониторами. Графический процессор, исполнен по 16-нанометровой технологи FinFET и содержит 2432 CUDA-блоков. VR Ready! Откройте для себя виртуальную реальность нового поколения, минимальные задержки и совместимость (Plug-and-Play) с лучшими VR-гарнитурами – все это благодаря технологиям NVIDIA VRWorks. Звуковое сопровождение, физика и тактильные ощущения в VR позволят вам прочувствовать каждый момент игрового процесса. Расширенный набор интерфейсов GeForce GTX 1070 Ti имеет 5 портов: 1 x DVI 3 x DisplayPort 1.4 1 x HDMI 2.0b", 18528);
INSERT INTO webshop.characteristics (CharacteristicID, CharacteristicTypeID, Value, ProductID) VALUES (1971, 1, "PCI-Express x16 3.0", 102);
INSERT INTO webshop.characteristics (CharacteristicID, CharacteristicTypeID, Value, ProductID) VALUES (1972, 2, "Базовая: 1607 МГц В режиме разгона: 1683 МГц", 102);
INSERT INTO webshop.characteristics (CharacteristicID, CharacteristicTypeID, Value, ProductID) VALUES (1973, 16, "7680x4320", 102);
INSERT INTO webshop.characteristics (CharacteristicID, CharacteristicTypeID, Value, ProductID) VALUES (1974, 17, "Активная", 102);
INSERT INTO webshop.characteristics (CharacteristicID, CharacteristicTypeID, Value, ProductID) VALUES (1975, 3, "8 pin", 102);
INSERT INTO webshop.characteristics (CharacteristicID, CharacteristicTypeID, Value, ProductID) VALUES (1976, 4, "DVI DisplayPort HDMI", 102);
INSERT INTO webshop.characteristics (CharacteristicID, CharacteristicTypeID, Value, ProductID) VALUES (1977, 5, "Есть", 102);
INSERT INTO webshop.characteristics (CharacteristicID, CharacteristicTypeID, Value, ProductID) VALUES (1978, 6, "8000 МГц", 102);
INSERT INTO webshop.characteristics (CharacteristicID, CharacteristicTypeID, Value, ProductID) VALUES (1979, 7, "302.2 x 110.5 мм", 102);
INSERT INTO webshop.characteristics (CharacteristicID, CharacteristicTypeID, Value, ProductID) VALUES (1980, 8, "500 Вт", 102);
INSERT INTO webshop.characteristics (CharacteristicID, CharacteristicTypeID, Value, ProductID) VALUES (1981, 9, "GeForce GTX 1070 Ti", 102);
INSERT INTO webshop.characteristics (CharacteristicID, CharacteristicTypeID, Value, ProductID) VALUES (1982, 19, "GDDR5", 102);
INSERT INTO webshop.characteristics (CharacteristicID, CharacteristicTypeID, Value, ProductID) VALUES (1983, 20, "36 месяцев", 102);
INSERT INTO webshop.characteristics (CharacteristicID, CharacteristicTypeID, Value, ProductID) VALUES (1984, 21, "1", 102);
INSERT INTO webshop.characteristics (CharacteristicID, CharacteristicTypeID, Value, ProductID) VALUES (1985, 22, "Стандартная", 102);
INSERT INTO webshop.characteristics (CharacteristicID, CharacteristicTypeID, Value, ProductID) VALUES (1986, 12, "256 бит", 102);
INSERT INTO webshop.characteristics (CharacteristicID, CharacteristicTypeID, Value, ProductID) VALUES (1987, 23, "DirectX 12, OpenGL 4.5", 102);
INSERT INTO webshop.characteristics (CharacteristicID, CharacteristicTypeID, Value, ProductID) VALUES (1988, 13, "Нет", 102);
INSERT INTO webshop.characteristics (CharacteristicID, CharacteristicTypeID, Value, ProductID) VALUES (1989, 25, "8 ГБ", 102);
INSERT INTO webshop.characteristics (CharacteristicID, CharacteristicTypeID, Value, ProductID) VALUES (1990, 26, "Двухсторонний радиатор + 3 x вентилятора", 102);
INSERT INTO webshop.images (ImageID, Url, ProductID) VALUES (553, "https://i2.rozetka.ua/goods/2337980/inno3d_c107t3_1sdn_p5dn_images_2337980513.jpg", 102);
INSERT INTO webshop.images (ImageID, Url, ProductID) VALUES (554, "https://i1.rozetka.ua/goods/2337980/inno3d_c107t3_1sdn_p5dn_images_2337980625.jpg", 102);
INSERT INTO webshop.images (ImageID, Url, ProductID) VALUES (555, "https://i2.rozetka.ua/goods/2337980/inno3d_c107t3_1sdn_p5dn_images_2337980745.jpg", 102);
INSERT INTO webshop.images (ImageID, Url, ProductID) VALUES (556, "https://i2.rozetka.ua/goods/2337980/inno3d_c107t3_1sdn_p5dn_images_2337980857.jpg", 102);
-- =====================================================================
INSERT INTO webshop.products (ProductID, ProductTypeID, Title, Description, Price) VALUES (103, 6, "INNO3D PCI-Ex GeForce GTX 1070 Ti iChill HerculeZ X4 8GB GDDR5 (256bit) (1607/8000) (DVI, HDMI, 3 x DisplayPort) (C107T4-1SDN-P5DN)", "INNO3D iChill — линейка видеокарт Innovision Multimedia, специально адаптированная под геймеров и оверклокеров. Графические адаптеры данного семейства обладают следующими преимуществами: Оснащаются мощными системами охлаждения от ведущих производителей; Имеют повышенные тактовые частоты (заводской разгон), благодаря чему функционируют ощутимо быстрее референсных решений; Имеют пониженный уровень шума; Выделяются эксклюзивным внешним видом и дизайном; Создаются исключительно на базе высококлассных компонентов топового уровня и улучшенных РСВ; Имеют позолоченные контакты выходных разъемов. Видеокарты iChill часто являются лучшими в своем классе, завоевали множество престижных наград от ведущих тестовых лабораторий мира. NVIDIA GeForce GTX 1070 Ti — одна из самых технически продвинутых игровых видеокарт на планете, на сегодняшний день. Видеокарта NVIDIA GTX 1070 Ti основана на новой архитектуре Pascal, а также имеет на борту 8 ГБ памяти GDDR5. Поддерживает предельно высокое разрешение экрана! Next-Gen Gaming Technologies — nVidia Pascal GeForce GTX 1070 Ti использует мощь Pascal для удовлетворения требований новейших дисплеев, а также VR, ультравысокого разрешения, в том числе с несколькими мониторами. Графический процессор, исполнен по 16-нанометровой технологи FinFET и содержит 2432 CUDA-блоков. VR Ready! Откройте для себя виртуальную реальность нового поколения, минимальные задержки и совместимость (Plug-and-Play) с лучшими VR-гарнитурами – все это благодаря технологиям NVIDIA VRWorks. Звуковое сопровождение, физика и тактильные ощущения в VR позволят вам прочувствовать каждый момент игрового процесса. Расширенный набор интерфейсов GeForce GTX 1070 Ti имеет 5 портов: 1 x DVI 3 x DisplayPort 1.4 1 x HDMI 2.0b", 295);
INSERT INTO webshop.characteristics (CharacteristicID, CharacteristicTypeID, Value, ProductID) VALUES (1991, 1, "PCI-Express x16 3.0", 103);
INSERT INTO webshop.characteristics (CharacteristicID, CharacteristicTypeID, Value, ProductID) VALUES (1992, 2, "Базовая: 1607 МГц В режиме разгона: 1683 МГц", 103);
INSERT INTO webshop.characteristics (CharacteristicID, CharacteristicTypeID, Value, ProductID) VALUES (1993, 16, "7680x4320", 103);
INSERT INTO webshop.characteristics (CharacteristicID, CharacteristicTypeID, Value, ProductID) VALUES (1994, 17, "Активная", 103);
INSERT INTO webshop.characteristics (CharacteristicID, CharacteristicTypeID, Value, ProductID) VALUES (1995, 3, "8 pin", 103);
INSERT INTO webshop.characteristics (CharacteristicID, CharacteristicTypeID, Value, ProductID) VALUES (1996, 4, "DVI DisplayPort HDMI", 103);
INSERT INTO webshop.characteristics (CharacteristicID, CharacteristicTypeID, Value, ProductID) VALUES (1997, 5, "Есть", 103);
INSERT INTO webshop.characteristics (CharacteristicID, CharacteristicTypeID, Value, ProductID) VALUES (1998, 6, "8000 МГц", 103);
INSERT INTO webshop.characteristics (CharacteristicID, CharacteristicTypeID, Value, ProductID) VALUES (1999, 7, "302.2 x 115.5 мм", 103);
INSERT INTO webshop.characteristics (CharacteristicID, CharacteristicTypeID, Value, ProductID) VALUES (2000, 8, "500 Вт", 103);
INSERT INTO webshop.characteristics (CharacteristicID, CharacteristicTypeID, Value, ProductID) VALUES (2001, 9, "GeForce GTX 1070 Ti", 103);
INSERT INTO webshop.characteristics (CharacteristicID, CharacteristicTypeID, Value, ProductID) VALUES (2002, 19, "GDDR5", 103);
INSERT INTO webshop.characteristics (CharacteristicID, CharacteristicTypeID, Value, ProductID) VALUES (2003, 20, "36 месяцев", 103);
INSERT INTO webshop.characteristics (CharacteristicID, CharacteristicTypeID, Value, ProductID) VALUES (2004, 21, "1", 103);
INSERT INTO webshop.characteristics (CharacteristicID, CharacteristicTypeID, Value, ProductID) VALUES (2005, 22, "Стандартная", 103);
INSERT INTO webshop.characteristics (CharacteristicID, CharacteristicTypeID, Value, ProductID) VALUES (2006, 12, "256 бит", 103);
INSERT INTO webshop.characteristics (CharacteristicID, CharacteristicTypeID, Value, ProductID) VALUES (2007, 23, "DirectX 12, OpenGL 4.5", 103);
INSERT INTO webshop.characteristics (CharacteristicID, CharacteristicTypeID, Value, ProductID) VALUES (2008, 13, "Нет", 103);
INSERT INTO webshop.characteristics (CharacteristicID, CharacteristicTypeID, Value, ProductID) VALUES (2009, 25, "8 ГБ", 103);
INSERT INTO webshop.characteristics (CharacteristicID, CharacteristicTypeID, Value, ProductID) VALUES (2010, 26, "Двухсторонний радиатор + 4 x вентилятора", 103);
INSERT INTO webshop.images (ImageID, Url, ProductID) VALUES (557, "https://i2.rozetka.ua/goods/2337981/inno3d_c107t4_1sdn_p5dn_images_2337981865.jpg", 103);
INSERT INTO webshop.images (ImageID, Url, ProductID) VALUES (558, "https://i1.rozetka.ua/goods/2337981/inno3d_c107t4_1sdn_p5dn_images_2337981969.jpg", 103);
INSERT INTO webshop.comments (CommentID, Nickname, Rating, Message, Date, ProductID) VALUES (263, "Швец Евгений", 0, "Подскажите хватит ли i5-2500k для данной карты?", "2018-0-4", 103);
INSERT INTO webshop.comments (CommentID, Nickname, Rating, Message, Date, ProductID) VALUES (264, "Andre", 0, "карта попалась бракованая, черный экран, стартуют кулера, потом кулера отключаются и ничего не происходит :( бп 600 ватт, проверяли на 2 компах", "2018-0-3", 103);
INSERT INTO webshop.comments (CommentID, Nickname, Rating, Message, Date, ProductID) VALUES (265, "Александр", 5, "Подскажите пожалуйста раскроет процессор I7 7700k данную видеокарту?", "2018-0-2", 103);
-- =====================================================================
INSERT INTO webshop.products (ProductID, ProductTypeID, Title, Description, Price) VALUES (104, 6, "INNO3D PCI-Ex GeForce GTX 1070 iChill HerculeZ X4 8GB GDDR5 (256bit) (1620/8200) (DVI, HDMI, 3 x DisplayPort) (C107V4-1SDN-P5DNX)", "INNO3D iChill INNO3D iChill — линейка видеокарт Innovision Multimedia, специально адаптированная под геймеров и оверклокеров. Графические адаптеры данного семейства обладают следующими преимуществами: Оснащаются мощными системами охлаждения от ведущих производителей; Имеют повышенные тактовые частоты (заводской разгон), благодаря чему функционируют ощутимо быстрее референсных решений; Имеют пониженный уровень шума; Выделяются эксклюзивным внешним видом и дизайном; Создаются исключительно на базе высококлассных компонентов топового уровня и улучшенных РСВ; Имеют позолоченные контакты выходных разъемов. Видеокарты iChill часто являются лучшими в своем классе, завоевали множество престижных наград от ведущих тестовых лабораторий мира. NVIDIA GeForce GTX 1070 — одна из самых технически продвинутых игровых видеокарт на планете, на сегодняшний день. Видеокарта NVIDIA GTX 1070 основана на новой архитектуре Pascal, а также имеет на борту 8 ГБ памяти GDDR5. Поддерживает предельно высокое разрешение экрана! Next-Gen Gaming Technologies — nVidia Pascal GeForce GTX 1070 использует мощь Pascal для удовлетворения требований новейших дисплеев, а также VR, ультравысокого разрешения, в том числе с несколькими мониторами. Графический процессор, исполнен по 16-нанометровой технологи FinFET и содержит 1920 CUDA-блоков с итоговой вычислительной производительностью — 6.5 TFLOPS. VR Ready! Откройте для себя виртуальную реальность нового поколения, минимальные задержки и совместимость (Plug-and-Play) с лучшими VR-гарнитурами – все это благодаря технологиям NVIDIA VRWorks. Звуковое сопровождение, физика и тактильные ощущения в VR позволят вам прочувствовать каждый момент игрового процесса. Расширенный набор интерфейсов GeForce GTX 1070 имеет 5 портов: 1 x DVI 3 x DisplayPort 1.4 1 x HDMI 2.0b", 18526);
INSERT INTO webshop.characteristics (CharacteristicID, CharacteristicTypeID, Value, ProductID) VALUES (2011, 1, "PCI-Express x16 3.0", 104);
INSERT INTO webshop.characteristics (CharacteristicID, CharacteristicTypeID, Value, ProductID) VALUES (2012, 2, "Базовая: 1620 МГц В режиме разгона: 1822 МГц", 104);
INSERT INTO webshop.characteristics (CharacteristicID, CharacteristicTypeID, Value, ProductID) VALUES (2013, 16, "7680x4320", 104);
INSERT INTO webshop.characteristics (CharacteristicID, CharacteristicTypeID, Value, ProductID) VALUES (2014, 17, "Активная", 104);
INSERT INTO webshop.characteristics (CharacteristicID, CharacteristicTypeID, Value, ProductID) VALUES (2015, 3, "8 pin", 104);
INSERT INTO webshop.characteristics (CharacteristicID, CharacteristicTypeID, Value, ProductID) VALUES (2016, 4, "DVI DisplayPort HDMI", 104);
INSERT INTO webshop.characteristics (CharacteristicID, CharacteristicTypeID, Value, ProductID) VALUES (2017, 5, "Есть", 104);
INSERT INTO webshop.characteristics (CharacteristicID, CharacteristicTypeID, Value, ProductID) VALUES (2018, 6, "8200 МГц", 104);
INSERT INTO webshop.characteristics (CharacteristicID, CharacteristicTypeID, Value, ProductID) VALUES (2019, 7, "302.2 х 115.2 мм", 104);
INSERT INTO webshop.characteristics (CharacteristicID, CharacteristicTypeID, Value, ProductID) VALUES (2020, 8, "500 Вт", 104);
INSERT INTO webshop.characteristics (CharacteristicID, CharacteristicTypeID, Value, ProductID) VALUES (2021, 9, "GeForce GTX 1070", 104);
INSERT INTO webshop.characteristics (CharacteristicID, CharacteristicTypeID, Value, ProductID) VALUES (2022, 19, "GDDR5", 104);
INSERT INTO webshop.characteristics (CharacteristicID, CharacteristicTypeID, Value, ProductID) VALUES (2023, 20, "36 месяцев", 104);
INSERT INTO webshop.characteristics (CharacteristicID, CharacteristicTypeID, Value, ProductID) VALUES (2024, 21, "1", 104);
INSERT INTO webshop.characteristics (CharacteristicID, CharacteristicTypeID, Value, ProductID) VALUES (2025, 22, "Стандартная", 104);
INSERT INTO webshop.characteristics (CharacteristicID, CharacteristicTypeID, Value, ProductID) VALUES (2026, 12, "256 бит", 104);
INSERT INTO webshop.characteristics (CharacteristicID, CharacteristicTypeID, Value, ProductID) VALUES (2027, 23, "DirectX 12, OpenGL 4.5", 104);
INSERT INTO webshop.characteristics (CharacteristicID, CharacteristicTypeID, Value, ProductID) VALUES (2028, 13, "Нет", 104);
INSERT INTO webshop.characteristics (CharacteristicID, CharacteristicTypeID, Value, ProductID) VALUES (2029, 25, "8 ГБ", 104);
INSERT INTO webshop.characteristics (CharacteristicID, CharacteristicTypeID, Value, ProductID) VALUES (2030, 26, "Радиатор + 4 x Вентилятора", 104);
INSERT INTO webshop.images (ImageID, Url, ProductID) VALUES (559, "https://i2.rozetka.ua/goods/1660669/copy_inno3d_c107v3_1sdn_p5dnx_5784a6eb71db5_images_1660669140.jpg", 104);
INSERT INTO webshop.images (ImageID, Url, ProductID) VALUES (560, "https://i1.rozetka.ua/goods/1660669/copy_inno3d_c107v3_1sdn_p5dnx_5784a6eb71db5_images_1660669231.jpg", 104);
INSERT INTO webshop.comments (CommentID, Nickname, Rating, Message, Date, ProductID) VALUES (266, "Денис Никитенко", 0, "Отличная видеокарта! Вопрос к представителю! Что значит лейбл на коробке не для майнинга! Если я буду майнить это на гарантию повлияет? Достоинства: Тихая и холодная, производительная! Недостатки: Пока нет", "2018-0-6", 104);
INSERT INTO webshop.comments (CommentID, Nickname, Rating, Message, Date, ProductID) VALUES (267, "Максим", 0, "Чи розкриє її і5-8400? Достоинства: Не знаю Недостатки: Не знаю", "2017-10-4", 104);
INSERT INTO webshop.comments (CommentID, Nickname, Rating, Message, Date, ProductID) VALUES (268, "Данило Хорольський", 0, "Можно узнать висоту видеокарти?", "2017-10-4", 104);
-- =====================================================================
INSERT INTO webshop.products (ProductID, ProductTypeID, Title, Description, Price) VALUES (105, 6, "INNO3D PCI-Ex GeForce GTX 1080 Ti iChill X3 11GB GDDR5X (352bit) (1569/11400) (DVI, HDMI, 3 x DisplayPort) (C108T3C-1SDN-Q6MNX)", "INNO3D iChill — линейка видеокарт Innovision Multimedia, специально адаптированная под геймеров и оверклокеров. Графические адаптеры данного семейства обладают следующими преимуществами: Оснащаются мощными системами охлаждения с комплектующими от ведущих производителей; Имеют повышенные тактовые частоты (заводской разгон), благодаря чему функционируют ощутимо быстрее референсных решений; Имеют пониженный уровень шума; Выделяются эксклюзивным внешним видом и дизайном; Создаются исключительно на базе высококлассных компонентов топового уровня и улучшенных РСВ; Имеют позолоченные контакты выходных разъемов. Видеокарты iChill являются одними из лучших предложений в своем классе, завоевали множество престижных наград от ведущих тестовых лабораторий мира. NVIDIA GeForce GTX 1080 Ti — самая технически продвинутая игровая видеокарта на планете, на сегодняшний день. Видеокарта NVIDIA GTX 1080 Ti основана на новой архитектуре Pascal, а также имеет на борту 11 ГБ памяти GDDR5X. Поддерживает предельно высокое разрешение экрана! Next-Gen Gaming Technologies — nVidia Pascal GeForce GTX 1080 Ti использует мощь Pascal для удовлетворения требований новейших дисплеев, а также VR, ультравысокого разрешения, в том числе с несколькими мониторами. Графический процессор, исполнен по 16-нанометровой технологи FinFET. VR Ready! Откройте для себя виртуальную реальность нового поколения, минимальные задержки и совместимость (Plug-and-Play) с лучшими VR-гарнитурами – все это благодаря технологиям NVIDIA VRWorks. Звуковое сопровождение, физика и тактильные ощущения в VR позволят вам прочувствовать каждый момент игрового процесса. Производительность Видеокарты на базе архитектуры Pascal обеспечивают высочайшую производительность и энергоэффективность. Они созданы с использованием сверскоростной технологии FinFET и поддерживают DirectX 12 для самого быстрого, плавного и энергоэффективного игрового процесса. GeForce GTX 1080 Ti, флагманский GPU с архитектурой Pascal, имеет высокоскоростную память GDDR5X для обеспечения невероятных игровых возможностей. Расширенный набор интерфейсов GeForce GTX 1080 Ti имеет 5 портов: 1 x DVI 3 x DisplayPort 1.4 1 x HDMI 2.0b", 2604);
INSERT INTO webshop.characteristics (CharacteristicID, CharacteristicTypeID, Value, ProductID) VALUES (2031, 1, "PCI-Express x16 3.0", 105);
INSERT INTO webshop.characteristics (CharacteristicID, CharacteristicTypeID, Value, ProductID) VALUES (2032, 2, "Базовая: 1569 МГц В режиме разгона: 1683 МГц", 105);
INSERT INTO webshop.characteristics (CharacteristicID, CharacteristicTypeID, Value, ProductID) VALUES (2033, 16, "7680x4320", 105);
INSERT INTO webshop.characteristics (CharacteristicID, CharacteristicTypeID, Value, ProductID) VALUES (2034, 17, "Активная", 105);
INSERT INTO webshop.characteristics (CharacteristicID, CharacteristicTypeID, Value, ProductID) VALUES (2035, 3, "6 + 8 pin", 105);
INSERT INTO webshop.characteristics (CharacteristicID, CharacteristicTypeID, Value, ProductID) VALUES (2036, 4, "DVI DisplayPort HDMI", 105);
INSERT INTO webshop.characteristics (CharacteristicID, CharacteristicTypeID, Value, ProductID) VALUES (2037, 5, "Есть", 105);
INSERT INTO webshop.characteristics (CharacteristicID, CharacteristicTypeID, Value, ProductID) VALUES (2038, 6, "11400 МГц", 105);
INSERT INTO webshop.characteristics (CharacteristicID, CharacteristicTypeID, Value, ProductID) VALUES (2039, 7, "302.5 x 110.5 мм", 105);
INSERT INTO webshop.characteristics (CharacteristicID, CharacteristicTypeID, Value, ProductID) VALUES (2040, 8, "600 Вт", 105);
INSERT INTO webshop.characteristics (CharacteristicID, CharacteristicTypeID, Value, ProductID) VALUES (2041, 9, "GeForce GTX 1080 Ti", 105);
INSERT INTO webshop.characteristics (CharacteristicID, CharacteristicTypeID, Value, ProductID) VALUES (2042, 19, "GDDR5X", 105);
INSERT INTO webshop.characteristics (CharacteristicID, CharacteristicTypeID, Value, ProductID) VALUES (2043, 20, "36 месяцев", 105);
INSERT INTO webshop.characteristics (CharacteristicID, CharacteristicTypeID, Value, ProductID) VALUES (2044, 21, "1", 105);
INSERT INTO webshop.characteristics (CharacteristicID, CharacteristicTypeID, Value, ProductID) VALUES (2045, 22, "Стандартная", 105);
INSERT INTO webshop.characteristics (CharacteristicID, CharacteristicTypeID, Value, ProductID) VALUES (2046, 12, "352 бит", 105);
INSERT INTO webshop.characteristics (CharacteristicID, CharacteristicTypeID, Value, ProductID) VALUES (2047, 23, "DirectX 12, OpenGL 4.5", 105);
INSERT INTO webshop.characteristics (CharacteristicID, CharacteristicTypeID, Value, ProductID) VALUES (2048, 13, "Нет", 105);
INSERT INTO webshop.characteristics (CharacteristicID, CharacteristicTypeID, Value, ProductID) VALUES (2049, 25, "11 ГБ", 105);
INSERT INTO webshop.characteristics (CharacteristicID, CharacteristicTypeID, Value, ProductID) VALUES (2050, 26, "Радиатор + 3 x Вентилятора", 105);
INSERT INTO webshop.images (ImageID, Url, ProductID) VALUES (561, "https://i2.rozetka.ua/goods/2288784/inno3d_c108t3c_1sdn_q6mnx_images_2288784548.jpg", 105);
INSERT INTO webshop.images (ImageID, Url, ProductID) VALUES (562, "https://i2.rozetka.ua/goods/2288784/inno3d_c108t3c_1sdn_q6mnx_images_2288784170.jpg", 105);
INSERT INTO webshop.images (ImageID, Url, ProductID) VALUES (563, "https://i2.rozetka.ua/goods/2288784/inno3d_c108t3c_1sdn_q6mnx_images_2288784863.jpg", 105);
INSERT INTO webshop.images (ImageID, Url, ProductID) VALUES (564, "https://i2.rozetka.ua/goods/2288785/inno3d_c108t3c_1sdn_q6mnx_images_2288785234.jpg", 105);
INSERT INTO webshop.images (ImageID, Url, ProductID) VALUES (565, "https://i2.rozetka.ua/goods/2288783/inno3d_c108t3c_1sdn_q6mnx_images_2288783911.jpg", 105);
-- =====================================================================
INSERT INTO webshop.products (ProductID, ProductTypeID, Title, Description, Price) VALUES (106, 6, "INNO3D PCI-Ex GeForce GTX 1080 Ti iChill HerculeZ X3 11GB GDDR5X (352bit) (1607/11400) (DVI, HDMI, 3 x DisplayPort) (C108T3-1SDN-Q6MNX)", "INNO3D iChill — линейка видеокарт Innovision Multimedia, специально адаптированная под геймеров и оверклокеров. Графические адаптеры данного семейства обладают следующими преимуществами: Оснащаются мощными системами охлаждения от ведущих производителей; Имеют повышенные тактовые частоты (заводской разгон), благодаря чему функционируют ощутимо быстрее референсных решений; Имеют пониженный уровень шума; Выделяются эксклюзивным внешним видом и дизайном; Создаются исключительно на базе высококлассных компонентов топового уровня и улучшенных РСВ; Имеют позолоченные контакты выходных разъемов. Видеокарты iChill часто являются лучшими в своем классе, завоевали множество престижных наград от ведущих тестовых лабораторий мира. NVIDIA GeForce GTX 1080 Ti — самая технически продвинутая игровая видеокарта на планете, на сегодняшний день. Видеокарта NVIDIA GTX 1080 Ti основана на новой архитектуре Pascal, а также имеет на борту 11 ГБ памяти GDDR5X. Поддерживает предельно высокое разрешение экрана! Next-Gen Gaming Technologies — nVidia Pascal GeForce GTX 1080 Ti использует мощь Pascal для удовлетворения требований новейших дисплеев, а также VR, ультравысокого разрешения, в том числе с несколькими мониторами. Графический процессор, исполнен по 16-нанометровой технологи FinFET. VR Ready! Откройте для себя виртуальную реальность нового поколения, минимальные задержки и совместимость (Plug-and-Play) с лучшими VR-гарнитурами – все это благодаря технологиям NVIDIA VRWorks. Звуковое сопровождение, физика и тактильные ощущения в VR позволят вам прочувствовать каждый момент игрового процесса. Производительность Видеокарты на базе архитектуры Pascal обеспечивают высочайшую производительность и энергоэффективность. Они созданы с использованием сверскоростной технологии FinFET и поддерживают DirectX 12 для самого быстрого, плавного и энергоэффективного игрового процесса. GeForce GTX 1080 Ti, флагманский GPU с архитектурой Pascal, имеет высокоскоростную память GDDR5X для обеспечения невероятных игровых возможностей. Расширенный набор интерфейсов GeForce GTX 1080 Ti имеет 5 портов: 1 x DVI 3 x DisplayPort 1.4 1 x HDMI 2.0b", 3047);
INSERT INTO webshop.characteristics (CharacteristicID, CharacteristicTypeID, Value, ProductID) VALUES (2051, 1, "PCI-Express x16 3.0", 106);
INSERT INTO webshop.characteristics (CharacteristicID, CharacteristicTypeID, Value, ProductID) VALUES (2052, 2, "Базовая: 1607 МГц В режиме разгона: 1721 МГц", 106);
INSERT INTO webshop.characteristics (CharacteristicID, CharacteristicTypeID, Value, ProductID) VALUES (2053, 16, "7680x4320", 106);
INSERT INTO webshop.characteristics (CharacteristicID, CharacteristicTypeID, Value, ProductID) VALUES (2054, 17, "Активная", 106);
INSERT INTO webshop.characteristics (CharacteristicID, CharacteristicTypeID, Value, ProductID) VALUES (2055, 3, "6 + 8 pin", 106);
INSERT INTO webshop.characteristics (CharacteristicID, CharacteristicTypeID, Value, ProductID) VALUES (2056, 4, "DVI DisplayPort HDMI", 106);
INSERT INTO webshop.characteristics (CharacteristicID, CharacteristicTypeID, Value, ProductID) VALUES (2057, 5, "Есть", 106);
INSERT INTO webshop.characteristics (CharacteristicID, CharacteristicTypeID, Value, ProductID) VALUES (2058, 6, "11400 МГц", 106);
INSERT INTO webshop.characteristics (CharacteristicID, CharacteristicTypeID, Value, ProductID) VALUES (2059, 7, "302.5 x 115.2 мм", 106);
INSERT INTO webshop.characteristics (CharacteristicID, CharacteristicTypeID, Value, ProductID) VALUES (2060, 8, "600 Вт", 106);
INSERT INTO webshop.characteristics (CharacteristicID, CharacteristicTypeID, Value, ProductID) VALUES (2061, 9, "GeForce GTX 1080 Ti", 106);
INSERT INTO webshop.characteristics (CharacteristicID, CharacteristicTypeID, Value, ProductID) VALUES (2062, 19, "GDDR5X", 106);
INSERT INTO webshop.characteristics (CharacteristicID, CharacteristicTypeID, Value, ProductID) VALUES (2063, 20, "36 месяцев", 106);
INSERT INTO webshop.characteristics (CharacteristicID, CharacteristicTypeID, Value, ProductID) VALUES (2064, 21, "1", 106);
INSERT INTO webshop.characteristics (CharacteristicID, CharacteristicTypeID, Value, ProductID) VALUES (2065, 22, "Стандартная", 106);
INSERT INTO webshop.characteristics (CharacteristicID, CharacteristicTypeID, Value, ProductID) VALUES (2066, 12, "352 бит", 106);
INSERT INTO webshop.characteristics (CharacteristicID, CharacteristicTypeID, Value, ProductID) VALUES (2067, 23, "DirectX 12, OpenGL 4.5", 106);
INSERT INTO webshop.characteristics (CharacteristicID, CharacteristicTypeID, Value, ProductID) VALUES (2068, 13, "Нет", 106);
INSERT INTO webshop.characteristics (CharacteristicID, CharacteristicTypeID, Value, ProductID) VALUES (2069, 25, "11 ГБ", 106);
INSERT INTO webshop.characteristics (CharacteristicID, CharacteristicTypeID, Value, ProductID) VALUES (2070, 26, "Радиатор + 3 x Вентилятора", 106);
INSERT INTO webshop.images (ImageID, Url, ProductID) VALUES (566, "https://i1.rozetka.ua/goods/2030614/inno3d_c108t3_1sdn_q6mnx_images_2030614644.jpg", 106);
INSERT INTO webshop.images (ImageID, Url, ProductID) VALUES (567, "https://i2.rozetka.ua/goods/2030614/inno3d_c108t3_1sdn_q6mnx_images_2030614722.jpg", 106);
INSERT INTO webshop.images (ImageID, Url, ProductID) VALUES (568, "https://i2.rozetka.ua/goods/2030614/inno3d_c108t3_1sdn_q6mnx_images_2030614800.jpg", 106);
INSERT INTO webshop.images (ImageID, Url, ProductID) VALUES (569, "https://i1.rozetka.ua/goods/2030614/inno3d_c108t3_1sdn_q6mnx_images_2030614878.jpg", 106);
INSERT INTO webshop.images (ImageID, Url, ProductID) VALUES (570, "https://i1.rozetka.ua/goods/2030614/inno3d_c108t3_1sdn_q6mnx_images_2030614956.jpg", 106);
-- =====================================================================
INSERT INTO webshop.products (ProductID, ProductTypeID, Title, Description, Price) VALUES (107, 6, "INNO3D PCI-Ex GeForce GTX 1080 Ti iChill X4 11GB GDDR5X (352bit) (1569/11400) (DVI, HDMI, 3 x DisplayPort) (C108T4C-1SDN-Q6MNX)", "INNO3D iChill — линейка видеокарт Innovision Multimedia, специально адаптированная под геймеров и оверклокеров. Графические адаптеры данного семейства обладают следующими преимуществами: Оснащаются мощными системами охлаждения с комплектующими от ведущих производителей; Имеют повышенные тактовые частоты (заводской разгон), благодаря чему функционируют ощутимо быстрее референсных решений; Имеют пониженный уровень шума; Выделяются эксклюзивным внешним видом и дизайном; Создаются исключительно на базе высококлассных компонентов топового уровня и улучшенных РСВ; Имеют позолоченные контакты выходных разъемов. Видеокарты iChill являются одними из лучших предложений в своем классе, завоевали множество престижных наград от ведущих тестовых лабораторий мира. NVIDIA GeForce GTX 1080 Ti — самая технически продвинутая игровая видеокарта на планете, на сегодняшний день. Видеокарта NVIDIA GTX 1080 Ti основана на новой архитектуре Pascal, а также имеет на борту 11 ГБ памяти GDDR5X. Поддерживает предельно высокое разрешение экрана! Next-Gen Gaming Technologies — nVidia Pascal GeForce GTX 1080 Ti использует мощь Pascal для удовлетворения требований новейших дисплеев, а также VR, ультравысокого разрешения, в том числе с несколькими мониторами. Графический процессор, исполнен по 16-нанометровой технологи FinFET. VR Ready! Откройте для себя виртуальную реальность нового поколения, минимальные задержки и совместимость (Plug-and-Play) с лучшими VR-гарнитурами – все это благодаря технологиям NVIDIA VRWorks. Звуковое сопровождение, физика и тактильные ощущения в VR позволят вам прочувствовать каждый момент игрового процесса. Производительность Видеокарты на базе архитектуры Pascal обеспечивают высочайшую производительность и энергоэффективность. Они созданы с использованием сверскоростной технологии FinFET и поддерживают DirectX 12 для самого быстрого, плавного и энергоэффективного игрового процесса. GeForce GTX 1080 Ti, флагманский GPU с архитектурой Pascal, имеет высокоскоростную память GDDR5X для обеспечения невероятных игровых возможностей. Расширенный набор интерфейсов GeForce GTX 1080 Ti имеет 5 портов: 1 x DVI 3 x DisplayPort 1.4 1 x HDMI 2.0b", 14617);
INSERT INTO webshop.characteristics (CharacteristicID, CharacteristicTypeID, Value, ProductID) VALUES (2071, 1, "PCI-Express x16 3.0", 107);
INSERT INTO webshop.characteristics (CharacteristicID, CharacteristicTypeID, Value, ProductID) VALUES (2072, 2, "Базовая: 1569 МГц В режиме разгона: 1683 МГц", 107);
INSERT INTO webshop.characteristics (CharacteristicID, CharacteristicTypeID, Value, ProductID) VALUES (2073, 16, "7680x4320", 107);
INSERT INTO webshop.characteristics (CharacteristicID, CharacteristicTypeID, Value, ProductID) VALUES (2074, 17, "Активная", 107);
INSERT INTO webshop.characteristics (CharacteristicID, CharacteristicTypeID, Value, ProductID) VALUES (2075, 3, "6 + 8 pin", 107);
INSERT INTO webshop.characteristics (CharacteristicID, CharacteristicTypeID, Value, ProductID) VALUES (2076, 4, "DVI DisplayPort HDMI", 107);
INSERT INTO webshop.characteristics (CharacteristicID, CharacteristicTypeID, Value, ProductID) VALUES (2077, 5, "Есть", 107);
INSERT INTO webshop.characteristics (CharacteristicID, CharacteristicTypeID, Value, ProductID) VALUES (2078, 6, "11400 МГц", 107);
INSERT INTO webshop.characteristics (CharacteristicID, CharacteristicTypeID, Value, ProductID) VALUES (2079, 7, "302.5 x 115.2 мм", 107);
INSERT INTO webshop.characteristics (CharacteristicID, CharacteristicTypeID, Value, ProductID) VALUES (2080, 8, "600 Вт", 107);
INSERT INTO webshop.characteristics (CharacteristicID, CharacteristicTypeID, Value, ProductID) VALUES (2081, 9, "GeForce GTX 1080 Ti", 107);
INSERT INTO webshop.characteristics (CharacteristicID, CharacteristicTypeID, Value, ProductID) VALUES (2082, 19, "GDDR5X", 107);
INSERT INTO webshop.characteristics (CharacteristicID, CharacteristicTypeID, Value, ProductID) VALUES (2083, 20, "36 месяцев", 107);
INSERT INTO webshop.characteristics (CharacteristicID, CharacteristicTypeID, Value, ProductID) VALUES (2084, 21, "1", 107);
INSERT INTO webshop.characteristics (CharacteristicID, CharacteristicTypeID, Value, ProductID) VALUES (2085, 22, "Стандартная", 107);
INSERT INTO webshop.characteristics (CharacteristicID, CharacteristicTypeID, Value, ProductID) VALUES (2086, 12, "352 бит", 107);
INSERT INTO webshop.characteristics (CharacteristicID, CharacteristicTypeID, Value, ProductID) VALUES (2087, 23, "DirectX 12, OpenGL 4.5", 107);
INSERT INTO webshop.characteristics (CharacteristicID, CharacteristicTypeID, Value, ProductID) VALUES (2088, 13, "Нет", 107);
INSERT INTO webshop.characteristics (CharacteristicID, CharacteristicTypeID, Value, ProductID) VALUES (2089, 25, "11 ГБ", 107);
INSERT INTO webshop.characteristics (CharacteristicID, CharacteristicTypeID, Value, ProductID) VALUES (2090, 26, "Радиатор + 4 x Вентилятора", 107);
INSERT INTO webshop.images (ImageID, Url, ProductID) VALUES (571, "https://i1.rozetka.ua/goods/2288511/copy_inno3d_c108t4_1sdn_q6mnx_59edad8aae823_images_2288511513.jpg", 107);
INSERT INTO webshop.images (ImageID, Url, ProductID) VALUES (572, "https://i1.rozetka.ua/goods/2288511/copy_inno3d_c108t4_1sdn_q6mnx_59edad8aae823_images_2288511744.jpg", 107);
INSERT INTO webshop.images (ImageID, Url, ProductID) VALUES (573, "https://i1.rozetka.ua/goods/2288511/copy_inno3d_c108t4_1sdn_q6mnx_59edad8aae823_images_2288511982.jpg", 107);
INSERT INTO webshop.images (ImageID, Url, ProductID) VALUES (574, "https://i1.rozetka.ua/goods/2288512/copy_inno3d_c108t4_1sdn_q6mnx_59edad8aae823_images_2288512227.jpg", 107);
INSERT INTO webshop.images (ImageID, Url, ProductID) VALUES (575, "https://i1.rozetka.ua/goods/2288512/copy_inno3d_c108t4_1sdn_q6mnx_59edad8aae823_images_2288512451.jpg", 107);
INSERT INTO webshop.images (ImageID, Url, ProductID) VALUES (576, "https://i1.rozetka.ua/goods/2288512/copy_inno3d_c108t4_1sdn_q6mnx_59edad8aae823_images_2288512731.jpg", 107);
INSERT INTO webshop.comments (CommentID, Nickname, Rating, Message, Date, ProductID) VALUES (269, "Андрей Багрянцев", 5, "Вполне адекватная карта. Выдает 760-780 солей. Но нужно хорошо вентилировать и обдувать. Иначе при достижении 70 градусов снижает мощность пока не сбросит температуру. Достоинства: до 780 солей можно выжать Недостатки: очень горячая, нуждается в дополнительном обдуве.", "2018-0-1", 107);
-- =====================================================================
INSERT INTO webshop.products (ProductID, ProductTypeID, Title, Description, Price) VALUES (108, 6, "INNO3D PCI-Ex GeForce GTX 1080 Ti iChill HerculeZ X4 11GB GDDR5X (352bit) (1607/11400) (DVI, HDMI, 3 x DisplayPort) (C108T4-1SDN-Q6MNX)", "INNO3D iChill — линейка видеокарт Innovision Multimedia, специально адаптированная под геймеров и оверклокеров. Графические адаптеры данного семейства обладают следующими преимуществами: Оснащаются мощными системами охлаждения от ведущих производителей; Имеют повышенные тактовые частоты (заводской разгон), благодаря чему функционируют ощутимо быстрее референсных решений; Имеют пониженный уровень шума; Выделяются эксклюзивным внешним видом и дизайном; Создаются исключительно на базе высококлассных компонентов топового уровня и улучшенных РСВ; Имеют позолоченные контакты выходных разъемов. Видеокарты iChill часто являются лучшими в своем классе, завоевали множество престижных наград от ведущих тестовых лабораторий мира. NVIDIA GeForce GTX 1080 Ti — самая технически продвинутая игровая видеокарта на планете, на сегодняшний день. Видеокарта NVIDIA GTX 1080 Ti основана на новой архитектуре Pascal, а также имеет на борту 11 ГБ памяти GDDR5X. Поддерживает предельно высокое разрешение экрана! Next-Gen Gaming Technologies — nVidia Pascal GeForce GTX 1080 Ti использует мощь Pascal для удовлетворения требований новейших дисплеев, а также VR, ультравысокого разрешения, в том числе с несколькими мониторами. Графический процессор, исполнен по 16-нанометровой технологи FinFET. VR Ready! Откройте для себя виртуальную реальность нового поколения, минимальные задержки и совместимость (Plug-and-Play) с лучшими VR-гарнитурами – все это благодаря технологиям NVIDIA VRWorks. Звуковое сопровождение, физика и тактильные ощущения в VR позволят вам прочувствовать каждый момент игрового процесса. Производительность Видеокарты на базе архитектуры Pascal обеспечивают высочайшую производительность и энергоэффективность. Они созданы с использованием сверскоростной технологии FinFET и поддерживают DirectX 12 для самого быстрого, плавного и энергоэффективного игрового процесса. GeForce GTX 1080 Ti, флагманский GPU с архитектурой Pascal, имеет высокоскоростную память GDDR5X для обеспечения невероятных игровых возможностей. Расширенный набор интерфейсов GeForce GTX 1080 Ti имеет 5 портов: 1 x DVI 3 x DisplayPort 1.4 1 x HDMI 2.0b", 19103);
INSERT INTO webshop.characteristics (CharacteristicID, CharacteristicTypeID, Value, ProductID) VALUES (2091, 1, "PCI-Express x16 3.0", 108);
INSERT INTO webshop.characteristics (CharacteristicID, CharacteristicTypeID, Value, ProductID) VALUES (2092, 2, "Базовая: 1607 МГц В режиме разгона: 1721 МГц", 108);
INSERT INTO webshop.characteristics (CharacteristicID, CharacteristicTypeID, Value, ProductID) VALUES (2093, 16, "7680x4320", 108);
INSERT INTO webshop.characteristics (CharacteristicID, CharacteristicTypeID, Value, ProductID) VALUES (2094, 17, "Активная", 108);
INSERT INTO webshop.characteristics (CharacteristicID, CharacteristicTypeID, Value, ProductID) VALUES (2095, 3, "6 + 8 pin", 108);
INSERT INTO webshop.characteristics (CharacteristicID, CharacteristicTypeID, Value, ProductID) VALUES (2096, 4, "DVI DisplayPort HDMI", 108);
INSERT INTO webshop.characteristics (CharacteristicID, CharacteristicTypeID, Value, ProductID) VALUES (2097, 5, "Есть", 108);
INSERT INTO webshop.characteristics (CharacteristicID, CharacteristicTypeID, Value, ProductID) VALUES (2098, 6, "11400 МГц", 108);
INSERT INTO webshop.characteristics (CharacteristicID, CharacteristicTypeID, Value, ProductID) VALUES (2099, 7, "302.5 x 115.2 мм", 108);
INSERT INTO webshop.characteristics (CharacteristicID, CharacteristicTypeID, Value, ProductID) VALUES (2100, 8, "600 Вт", 108);
INSERT INTO webshop.characteristics (CharacteristicID, CharacteristicTypeID, Value, ProductID) VALUES (2101, 9, "GeForce GTX 1080 Ti", 108);
INSERT INTO webshop.characteristics (CharacteristicID, CharacteristicTypeID, Value, ProductID) VALUES (2102, 19, "GDDR5X", 108);
INSERT INTO webshop.characteristics (CharacteristicID, CharacteristicTypeID, Value, ProductID) VALUES (2103, 20, "36 месяцев", 108);
INSERT INTO webshop.characteristics (CharacteristicID, CharacteristicTypeID, Value, ProductID) VALUES (2104, 21, "1", 108);
INSERT INTO webshop.characteristics (CharacteristicID, CharacteristicTypeID, Value, ProductID) VALUES (2105, 22, "Стандартная", 108);
INSERT INTO webshop.characteristics (CharacteristicID, CharacteristicTypeID, Value, ProductID) VALUES (2106, 12, "352 бит", 108);
INSERT INTO webshop.characteristics (CharacteristicID, CharacteristicTypeID, Value, ProductID) VALUES (2107, 23, "DirectX 12, OpenGL 4.5", 108);
INSERT INTO webshop.characteristics (CharacteristicID, CharacteristicTypeID, Value, ProductID) VALUES (2108, 13, "Нет", 108);
INSERT INTO webshop.characteristics (CharacteristicID, CharacteristicTypeID, Value, ProductID) VALUES (2109, 25, "11 ГБ", 108);
INSERT INTO webshop.characteristics (CharacteristicID, CharacteristicTypeID, Value, ProductID) VALUES (2110, 26, "Радиатор + 4 x Вентилятора", 108);
INSERT INTO webshop.images (ImageID, Url, ProductID) VALUES (577, "https://i2.rozetka.ua/goods/2030610/inno3d_c108t4_1sdn_q6mnx_images_2030610198.jpg", 108);
INSERT INTO webshop.images (ImageID, Url, ProductID) VALUES (578, "https://i2.rozetka.ua/goods/2030610/inno3d_c108t4_1sdn_q6mnx_images_2030610276.jpg", 108);
INSERT INTO webshop.images (ImageID, Url, ProductID) VALUES (579, "https://i1.rozetka.ua/goods/2030610/inno3d_c108t4_1sdn_q6mnx_images_2030610354.jpg", 108);
INSERT INTO webshop.images (ImageID, Url, ProductID) VALUES (580, "https://i2.rozetka.ua/goods/2030610/inno3d_c108t4_1sdn_q6mnx_images_2030610444.jpg", 108);
INSERT INTO webshop.images (ImageID, Url, ProductID) VALUES (581, "https://i1.rozetka.ua/goods/2030610/inno3d_c108t4_1sdn_q6mnx_images_2030610582.jpg", 108);
INSERT INTO webshop.images (ImageID, Url, ProductID) VALUES (582, "https://i2.rozetka.ua/goods/2030610/inno3d_c108t4_1sdn_q6mnx_images_2030610708.jpg", 108);
INSERT INTO webshop.comments (CommentID, Nickname, Rating, Message, Date, ProductID) VALUES (270, "Гость", 0, "память самсунговская?", "2018-0-6", 108);
INSERT INTO webshop.comments (CommentID, Nickname, Rating, Message, Date, ProductID) VALUES (271, "Александр Тумановский", 5, "Брал на замену устаревшего SLI из двух 680. Сетап состоит из 3-х мониторов, общее разрешение 5760*1080. Подключил 2 монитора через DP->DVI кабели, 1 через DVI->DVI. Включил сурраунд, и попробовал несколько ААА проектов на этом разрешении (DOOM, FarCry Primal, JustCause3, Wolfenstain II, в общем всё,... Еще что заметно притормаживало на старом сетапе). Настройки, естественно, в максимально возможные в игре, ультры и инсейны всякие. 60 ФПС на 5760*1080 выдает точно, никаких притормаживаний и лагов, картинка просто бомба. Очень надеюсь, что этой карточки, как и моих старых, хватит на ближайшие лет 5 гейминга на максимальных настройках :) Маленький хинт про кривизну драйверов nVidia: у меня стояли самые последние драйвера прежде, чем я начал заменять карты. После замены - винда сказала, что у нее нет драйверов на 1080ти (стояли драйвера 388.хх, не помню точно версию). Ок, скачал заново, поставил - опознало, всё супер, но - в браузерах начал замечать дичайший просто тиринг на ютубе и других ресурсах. Долго не мог понять, почему - оказалось при реинсталле драйвера браузеры выключили хардварную акселерацию (причем как хром, так и ФФ). Включил обратно - и теперь всё хорошо :) Очень доволен покупкой. Достоинства: Быстрая, тихая, 3 DP + 1 DVI + 1HDMI, теоретически можно подключить 5 дисплеев, коврик в подарок и лицензия на 3дмарк Недостатки: Пока не обнаружено", "2017-10-4", 108);
INSERT INTO webshop.comments (CommentID, Nickname, Rating, Message, Date, ProductID) VALUES (272, "Кондратюк Артем", 0, "У вас написано что гарантия 36мес верно? Почему у всех 24. а у вас 36?", "2017-7-0", 108);
-- =====================================================================
INSERT INTO webshop.products (ProductID, ProductTypeID, Title, Description, Price) VALUES (109, 6, "INNO3D PCI-Ex GeForce GTX 1080 iChill HerculeZ X4 8GB GDDR5X (256bit) (1759/10400) (DVI, HDMI, 3 x DisplayPort) (C108V4-2SDN-P6DNX)", "INNO3D iChill INNO3D iChill — линейка видеокарт Innovision Multimedia, специально адаптированная под геймеров и оверклокеров. Графические адаптеры данного семейства обладают следующими преимуществами: Оснащаются мощными системами охлаждения от ведущих производителей; Имеют повышенные тактовые частоты (заводской разгон), благодаря чему функционируют ощутимо быстрее референсных решений; Имеют пониженный уровень шума; Выделяются эксклюзивным внешним видом и дизайном; Создаются исключительно на базе высококлассных компонентов топового уровня и улучшенных РСВ; Имеют позолоченные контакты выходных разъемов. Видеокарты iChill часто являются лучшими в своем классе, завоевали множество престижных наград от ведущих тестовых лабораторий мира. NVIDIA GeForce GTX 1080 — самая технически продвинутая игровая видеокарта на планете, на сегодняшний день. Видеокарта NVIDIA GTX 1080 основана на новой архитектуре Pascal, а также имеет на борту 8 ГБ памяти GDDR5X. Поддерживает предельно высокое разрешение экрана! Next-Gen Gaming Technologies — nVidia Pascal GeForce GTX 1080 использует мощь Pascal для удовлетворения требований новейших дисплеев, а также VR, ультравысокого разрешения, в том числе с несколькими мониторами. Графический процессор, исполнен по 16-нанометровой технологи FinFET и содержит 2560 CUDA-блоков с итоговой вычислительной производительностью — 9 TFLOPS. VR Ready! Откройте для себя виртуальную реальность нового поколения, минимальные задержки и совместимость (Plug-and-Play) с лучшими VR-гарнитурами – все это благодаря технологиям NVIDIA VRWorks. Звуковое сопровождение, физика и тактильные ощущения в VR позволят вам прочувствовать каждый момент игрового процесса. Производительность Видеокарты на базе архитектуры Pascal обеспечивают высочайшую производительность и энергоэффективность. Они созданы с использованием сверскоростной технологии FinFET и поддерживают DirectX 12 для самого быстрого, плавного и энергоэффективного игрового процесса. GeForce GTX 1080, флагманский GPU с архитектурой Pascal, имеет высокоскоростную память GDDR5X для обеспечения невероятных игровых возможностей. Расширенный набор интерфейсов GeForce GTX 1080 имеет 5 портов: 1 x DVI 3 x DisplayPort 1.4 1 x HDMI 2.0b", 5197);
INSERT INTO webshop.characteristics (CharacteristicID, CharacteristicTypeID, Value, ProductID) VALUES (2111, 1, "PCI-Express x16 3.0", 109);
INSERT INTO webshop.characteristics (CharacteristicID, CharacteristicTypeID, Value, ProductID) VALUES (2112, 2, "Базовая: 1759 МГц В режиме разгона: 1898 МГц", 109);
INSERT INTO webshop.characteristics (CharacteristicID, CharacteristicTypeID, Value, ProductID) VALUES (2113, 16, "7680x4320", 109);
INSERT INTO webshop.characteristics (CharacteristicID, CharacteristicTypeID, Value, ProductID) VALUES (2114, 17, "Активная", 109);
INSERT INTO webshop.characteristics (CharacteristicID, CharacteristicTypeID, Value, ProductID) VALUES (2115, 3, "6 + 8 pin", 109);
INSERT INTO webshop.characteristics (CharacteristicID, CharacteristicTypeID, Value, ProductID) VALUES (2116, 4, "DVI DisplayPort HDMI", 109);
INSERT INTO webshop.characteristics (CharacteristicID, CharacteristicTypeID, Value, ProductID) VALUES (2117, 5, "Есть", 109);
INSERT INTO webshop.characteristics (CharacteristicID, CharacteristicTypeID, Value, ProductID) VALUES (2118, 6, "10400 МГц", 109);
INSERT INTO webshop.characteristics (CharacteristicID, CharacteristicTypeID, Value, ProductID) VALUES (2119, 7, "302.2 х 115.2 мм", 109);
INSERT INTO webshop.characteristics (CharacteristicID, CharacteristicTypeID, Value, ProductID) VALUES (2120, 8, "500 Вт", 109);
INSERT INTO webshop.characteristics (CharacteristicID, CharacteristicTypeID, Value, ProductID) VALUES (2121, 9, "GeForce GTX 1080", 109);
INSERT INTO webshop.characteristics (CharacteristicID, CharacteristicTypeID, Value, ProductID) VALUES (2122, 19, "GDDR5X", 109);
INSERT INTO webshop.characteristics (CharacteristicID, CharacteristicTypeID, Value, ProductID) VALUES (2123, 20, "36 месяцев", 109);
INSERT INTO webshop.characteristics (CharacteristicID, CharacteristicTypeID, Value, ProductID) VALUES (2124, 21, "1", 109);
INSERT INTO webshop.characteristics (CharacteristicID, CharacteristicTypeID, Value, ProductID) VALUES (2125, 22, "Стандартная", 109);
INSERT INTO webshop.characteristics (CharacteristicID, CharacteristicTypeID, Value, ProductID) VALUES (2126, 12, "256 бит", 109);
INSERT INTO webshop.characteristics (CharacteristicID, CharacteristicTypeID, Value, ProductID) VALUES (2127, 23, "DirectX 12, OpenGL 4.5", 109);
INSERT INTO webshop.characteristics (CharacteristicID, CharacteristicTypeID, Value, ProductID) VALUES (2128, 13, "Нет", 109);
INSERT INTO webshop.characteristics (CharacteristicID, CharacteristicTypeID, Value, ProductID) VALUES (2129, 25, "8 ГБ", 109);
INSERT INTO webshop.characteristics (CharacteristicID, CharacteristicTypeID, Value, ProductID) VALUES (2130, 26, "Радиатор + 4 x Вентилятора", 109);
INSERT INTO webshop.images (ImageID, Url, ProductID) VALUES (583, "https://i1.rozetka.ua/goods/1660722/inno3d_c108v4_2sdn_p6dnx_images_1660722956.jpg", 109);
INSERT INTO webshop.images (ImageID, Url, ProductID) VALUES (584, "https://i2.rozetka.ua/goods/1660723/inno3d_c108v4_2sdn_p6dnx_images_1660723138.jpg", 109);
INSERT INTO webshop.comments (CommentID, Nickname, Rating, Message, Date, ProductID) VALUES (273, "Алексей Зинкевич", 1, "Просто перестала работать через месяц неактивного использования. BIOS выдает 2 гудка при попытке запустить комп с ней. Вставил обратно старую и все заработало. Самое печальное в данной ситуации, это то, что я потерял гарантийный талон.", "2017-11-4", 109);
INSERT INTO webshop.comments (CommentID, Nickname, Rating, Message, Date, ProductID) VALUES (274, "Анталик Тарас", 0, "подойдет ли данная видеокарта к этому бп Chieftec Force CPS-650S", "2017-11-4", 109);
INSERT INTO webshop.comments (CommentID, Nickname, Rating, Message, Date, ProductID) VALUES (275, "Братішка", 3, "Чекав більшого. Цей маленький 4-й вентилятор просто скажено крутиться при оборотах >= 80% fan speed і чути в основному тільки його. В той час коли 3 основні - з частотою всього 1470 об/хв при 100%!!! Якщо не обмежувати температуру при довгих максимальних навантаженнях, навіть не знаю скільки... Еще градусів там буде. Ставив обмеження 80°С, при досяганні якого, щоб не перегріватись, відеокарта скидає 12% продуктивності при відкритому корпусі. Думаю якби при 100% fan speed було б приблизно 2300 оборотів на основних вентиляторах - все було б нормально.", "2017-10-1", 109);
-- =====================================================================
INSERT INTO webshop.products (ProductID, ProductTypeID, Title, Description, Price) VALUES (110, 6, "INNO3D PCI-Ex GeForce GTX 1050 1-Slot Edition 2GB GDDR5 (128bit) (1354/7000) (DVI, HDMI, DisplayPort) (N10502-1SDV-E5CM)", "INNO3D GeForce GTX 1050 1-Slot Edition INNO3D GeForce GTX 1050 Compact основана на новой архитектуре Pascal, а также имеет на борту 2 ГБ памяти GDDR5. Поддерживает предельно высокое разрешение экрана! Видеокарта оснащена компактной системой охлаждения с одним вентилятором и компактным радиатором. Next-Gen Gaming Technologies — NVIDIA Pascal GeForce GTX 1050 использует мощь Pascal для удовлетворения требований новейших дисплеев, ультравысокого разрешения, в том числе с несколькими мониторами. Графический процессор, исполнен по 16-нанометровой технологи FinFET и содержит 640 CUDA-блоков. GeForce GTX 1050 имеет 3 порта: 1 x DVI 1 x DisplayPort 1.4 1 x HDMI 2.0", 18387);
INSERT INTO webshop.characteristics (CharacteristicID, CharacteristicTypeID, Value, ProductID) VALUES (2131, 1, "PCI-Express x16 3.0", 110);
INSERT INTO webshop.characteristics (CharacteristicID, CharacteristicTypeID, Value, ProductID) VALUES (2132, 2, "Базовая: 1354 МГц В режиме разгона: 1455 МГц", 110);
INSERT INTO webshop.characteristics (CharacteristicID, CharacteristicTypeID, Value, ProductID) VALUES (2133, 16, "7680x4320", 110);
INSERT INTO webshop.characteristics (CharacteristicID, CharacteristicTypeID, Value, ProductID) VALUES (2134, 17, "Активная", 110);
INSERT INTO webshop.characteristics (CharacteristicID, CharacteristicTypeID, Value, ProductID) VALUES (2135, 3, "Нет", 110);
INSERT INTO webshop.characteristics (CharacteristicID, CharacteristicTypeID, Value, ProductID) VALUES (2136, 4, "DVI DisplayPort HDMI", 110);
INSERT INTO webshop.characteristics (CharacteristicID, CharacteristicTypeID, Value, ProductID) VALUES (2137, 5, "Нет", 110);
INSERT INTO webshop.characteristics (CharacteristicID, CharacteristicTypeID, Value, ProductID) VALUES (2138, 6, "7000 МГц", 110);
INSERT INTO webshop.characteristics (CharacteristicID, CharacteristicTypeID, Value, ProductID) VALUES (2139, 7, "145 x 99.8 мм", 110);
INSERT INTO webshop.characteristics (CharacteristicID, CharacteristicTypeID, Value, ProductID) VALUES (2140, 8, "400 Вт", 110);
INSERT INTO webshop.characteristics (CharacteristicID, CharacteristicTypeID, Value, ProductID) VALUES (2141, 9, "GeForce GTX 1050", 110);
INSERT INTO webshop.characteristics (CharacteristicID, CharacteristicTypeID, Value, ProductID) VALUES (2142, 19, "GDDR5", 110);
INSERT INTO webshop.characteristics (CharacteristicID, CharacteristicTypeID, Value, ProductID) VALUES (2143, 20, "24 месяца", 110);
INSERT INTO webshop.characteristics (CharacteristicID, CharacteristicTypeID, Value, ProductID) VALUES (2144, 21, "1", 110);
INSERT INTO webshop.characteristics (CharacteristicID, CharacteristicTypeID, Value, ProductID) VALUES (2145, 22, "Стандартная", 110);
INSERT INTO webshop.characteristics (CharacteristicID, CharacteristicTypeID, Value, ProductID) VALUES (2146, 12, "128 бит", 110);
INSERT INTO webshop.characteristics (CharacteristicID, CharacteristicTypeID, Value, ProductID) VALUES (2147, 23, "DirectX 12, OpenGL 4.5", 110);
INSERT INTO webshop.characteristics (CharacteristicID, CharacteristicTypeID, Value, ProductID) VALUES (2148, 13, "Нет", 110);
INSERT INTO webshop.characteristics (CharacteristicID, CharacteristicTypeID, Value, ProductID) VALUES (2149, 25, "2 ГБ", 110);
INSERT INTO webshop.characteristics (CharacteristicID, CharacteristicTypeID, Value, ProductID) VALUES (2150, 26, "Радиатор + Вентилятор", 110);
INSERT INTO webshop.images (ImageID, Url, ProductID) VALUES (585, "https://i2.rozetka.ua/goods/2333233/inno3d_n10502_1sdv_e5cm_images_2333233737.jpg", 110);
INSERT INTO webshop.images (ImageID, Url, ProductID) VALUES (586, "https://i1.rozetka.ua/goods/2333233/inno3d_n10502_1sdv_e5cm_images_2333233841.jpg", 110);
INSERT INTO webshop.images (ImageID, Url, ProductID) VALUES (587, "https://i1.rozetka.ua/goods/2333233/inno3d_n10502_1sdv_e5cm_images_2333233945.jpg", 110);
INSERT INTO webshop.comments (CommentID, Nickname, Rating, Message, Date, ProductID) VALUES (276, "Александр Вербицкий", 4, "Хорошее решение для стандартного корпуса если еще нет каркаса для фермы. На упаковке написано что не спроэктирована для майнинга, но майнит. Одна карта показывает 290 H/s в монеро и 141 Sol/s в Zcash. Достоинства: Не перекрывает соседние слоты. Не требует дополнительного питания. Недостатки: Не предназначена для майнинга", "2018-0-4", 110);
-- =====================================================================
INSERT INTO webshop.products (ProductID, ProductTypeID, Title, Description, Price) VALUES (111, 6, "INNO3D PCI-Ex GeForce GTX 1050 Twin X2 2GB GDDR5 (128bit) (1354/7000) (DVI, HDMI, DisplayPort) (N1050-1DDV-E5CM)", "INNO3D GeForce GTX 1050 Twin X2 INNO3D GeForce GTX 1050 Twin X2 основана на новой архитектуре Pascal, а также имеет на борту 2 ГБ памяти GDDR5. Поддерживает предельно высокое разрешение экрана! Видеокарта оснащена эффективной системой охлаждения с двумя вентилятором и компактным радиатором. Next-Gen Gaming Technologies — NVIDIA Pascal GeForce GTX 1050 использует мощь Pascal для удовлетворения требований новейших дисплеев, ультравысокого разрешения, в том числе с несколькими мониторами. Графический процессор, исполнен по 16-нанометровой технологи FinFET и содержит 640 CUDA-блоков. GeForce GTX 1050 имеет 3 порта: 1 x DVI 1 x DisplayPort 1.4 1 x HDMI 2.0", 18984);
INSERT INTO webshop.characteristics (CharacteristicID, CharacteristicTypeID, Value, ProductID) VALUES (2151, 1, "PCI-Express x16 3.0", 111);
INSERT INTO webshop.characteristics (CharacteristicID, CharacteristicTypeID, Value, ProductID) VALUES (2152, 2, "Базовая: 1354 МГц В режиме разгона: 1455 МГц", 111);
INSERT INTO webshop.characteristics (CharacteristicID, CharacteristicTypeID, Value, ProductID) VALUES (2153, 16, "7680x4320", 111);
INSERT INTO webshop.characteristics (CharacteristicID, CharacteristicTypeID, Value, ProductID) VALUES (2154, 17, "Активная", 111);
INSERT INTO webshop.characteristics (CharacteristicID, CharacteristicTypeID, Value, ProductID) VALUES (2155, 3, "Нет", 111);
INSERT INTO webshop.characteristics (CharacteristicID, CharacteristicTypeID, Value, ProductID) VALUES (2156, 4, "DVI DisplayPort HDMI", 111);
INSERT INTO webshop.characteristics (CharacteristicID, CharacteristicTypeID, Value, ProductID) VALUES (2157, 5, "Нет", 111);
INSERT INTO webshop.characteristics (CharacteristicID, CharacteristicTypeID, Value, ProductID) VALUES (2158, 6, "7000 МГц", 111);
INSERT INTO webshop.characteristics (CharacteristicID, CharacteristicTypeID, Value, ProductID) VALUES (2159, 7, "195 x 99.8 мм", 111);
INSERT INTO webshop.characteristics (CharacteristicID, CharacteristicTypeID, Value, ProductID) VALUES (2160, 8, "400 Вт", 111);
INSERT INTO webshop.characteristics (CharacteristicID, CharacteristicTypeID, Value, ProductID) VALUES (2161, 9, "GeForce GTX 1050", 111);
INSERT INTO webshop.characteristics (CharacteristicID, CharacteristicTypeID, Value, ProductID) VALUES (2162, 19, "GDDR5", 111);
INSERT INTO webshop.characteristics (CharacteristicID, CharacteristicTypeID, Value, ProductID) VALUES (2163, 20, "24 месяца", 111);
INSERT INTO webshop.characteristics (CharacteristicID, CharacteristicTypeID, Value, ProductID) VALUES (2164, 21, "1", 111);
INSERT INTO webshop.characteristics (CharacteristicID, CharacteristicTypeID, Value, ProductID) VALUES (2165, 22, "Стандартная", 111);
INSERT INTO webshop.characteristics (CharacteristicID, CharacteristicTypeID, Value, ProductID) VALUES (2166, 12, "128 бит", 111);
INSERT INTO webshop.characteristics (CharacteristicID, CharacteristicTypeID, Value, ProductID) VALUES (2167, 23, "DirectX 12, OpenGL 4.5", 111);
INSERT INTO webshop.characteristics (CharacteristicID, CharacteristicTypeID, Value, ProductID) VALUES (2168, 13, "Нет", 111);
INSERT INTO webshop.characteristics (CharacteristicID, CharacteristicTypeID, Value, ProductID) VALUES (2169, 25, "2 ГБ", 111);
INSERT INTO webshop.characteristics (CharacteristicID, CharacteristicTypeID, Value, ProductID) VALUES (2170, 26, "Twin X2", 111);
INSERT INTO webshop.images (ImageID, Url, ProductID) VALUES (588, "https://i2.rozetka.ua/goods/1786848/copy_inno3d_n105t_1ddv_m5cm_5835630a38aa5_images_1786848163.jpg", 111);
INSERT INTO webshop.images (ImageID, Url, ProductID) VALUES (589, "https://i2.rozetka.ua/goods/1786850/inno3d_n1050_1ddv_e5cm_images_1786850438.jpg", 111);
INSERT INTO webshop.comments (CommentID, Nickname, Rating, Message, Date, ProductID) VALUES (277, "Сергій", 0, "Підкажіть будь ласка хто знає.Придбав я дану карту.Вроді проблем немає.Працює добре.Але дуже високий пінг видає в танках.Не знаю в чому проблема.Настройки ставлю на мінімум.Не допомагає. Процесор іntel i5-7400 8 оперативної Цього вроді має вистачити по потужності.Підключено до... Еще монітора через HDMI кабель.Може треба через DVI-D?Дякую.", "2018-1-2", 111);
INSERT INTO webshop.comments (CommentID, Nickname, Rating, Message, Date, ProductID) VALUES (278, "Eugene", 0, "Начнем! Вообще, эта видяха у меня уже месяца 2, проблем с ней не было (если не считать проблему с вга) она тихая, мощьная и самое главное холодная. Она максимум грелась до 71 градуса, но это из-за того что у меня плохой обдув корпуса. Короче, итог такой: берите, не пожалеете! Достоинства: холодная, тихая, маленькая Недостатки: я лично не нашел!", "2018-1-1", 111);
INSERT INTO webshop.comments (CommentID, Nickname, Rating, Message, Date, ProductID) VALUES (279, "Владислав Шарук", 0, "У меня она работает уже месяц, проблем нет. Не знаю, насколько ли это адекватная цена для этого товара, но меня она устроила. Достоинства: Пороизводительность Недостатки: Нету", "2018-1-3", 111);
-- =====================================================================
INSERT INTO webshop.products (ProductID, ProductTypeID, Title, Description, Price) VALUES (112, 6, "INNO3D PCI-Ex GeForce GTX 1050 Compact 2GB GDDR5 (128bit) (1354/7000) (DVI, HDMI, DisplayPort) (N1050-1SDV-E5CM)", "INNO3D GeForce GTX 1050 Compact INNO3D GeForce GTX 1050 Compact основана на новой архитектуре Pascal, а также имеет на борту 2 ГБ памяти GDDR5. Поддерживает предельно высокое разрешение экрана! Видеокарта оснащена компактной системой охлаждения с одним вентилятором и компактным радиатором. Next-Gen Gaming Technologies — NVIDIA Pascal GeForce GTX 1050 использует мощь Pascal для удовлетворения требований новейших дисплеев, ультравысокого разрешения, в том числе с несколькими мониторами. Графический процессор, исполнен по 16-нанометровой технологи FinFET и содержит 640 CUDA-блоков. GeForce GTX 1050 имеет 3 порта: 1 x DVI 1 x DisplayPort 1.4 1 x HDMI 2.0", 6896);
INSERT INTO webshop.characteristics (CharacteristicID, CharacteristicTypeID, Value, ProductID) VALUES (2171, 1, "PCI-Express x16 3.0", 112);
INSERT INTO webshop.characteristics (CharacteristicID, CharacteristicTypeID, Value, ProductID) VALUES (2172, 2, "Базовая: 1354 МГц В режиме разгона: 1455 МГц", 112);
INSERT INTO webshop.characteristics (CharacteristicID, CharacteristicTypeID, Value, ProductID) VALUES (2173, 16, "7680x4320", 112);
INSERT INTO webshop.characteristics (CharacteristicID, CharacteristicTypeID, Value, ProductID) VALUES (2174, 17, "Активная", 112);
INSERT INTO webshop.characteristics (CharacteristicID, CharacteristicTypeID, Value, ProductID) VALUES (2175, 3, "Нет", 112);
INSERT INTO webshop.characteristics (CharacteristicID, CharacteristicTypeID, Value, ProductID) VALUES (2176, 4, "DVI DisplayPort HDMI", 112);
INSERT INTO webshop.characteristics (CharacteristicID, CharacteristicTypeID, Value, ProductID) VALUES (2177, 5, "Нет", 112);
INSERT INTO webshop.characteristics (CharacteristicID, CharacteristicTypeID, Value, ProductID) VALUES (2178, 6, "7000 МГц", 112);
INSERT INTO webshop.characteristics (CharacteristicID, CharacteristicTypeID, Value, ProductID) VALUES (2179, 7, "145 x 99.8 мм", 112);
INSERT INTO webshop.characteristics (CharacteristicID, CharacteristicTypeID, Value, ProductID) VALUES (2180, 8, "400 Вт", 112);
INSERT INTO webshop.characteristics (CharacteristicID, CharacteristicTypeID, Value, ProductID) VALUES (2181, 9, "GeForce GTX 1050", 112);
INSERT INTO webshop.characteristics (CharacteristicID, CharacteristicTypeID, Value, ProductID) VALUES (2182, 19, "GDDR5", 112);
INSERT INTO webshop.characteristics (CharacteristicID, CharacteristicTypeID, Value, ProductID) VALUES (2183, 20, "24 месяца", 112);
INSERT INTO webshop.characteristics (CharacteristicID, CharacteristicTypeID, Value, ProductID) VALUES (2184, 21, "1", 112);
INSERT INTO webshop.characteristics (CharacteristicID, CharacteristicTypeID, Value, ProductID) VALUES (2185, 22, "Мини", 112);
INSERT INTO webshop.characteristics (CharacteristicID, CharacteristicTypeID, Value, ProductID) VALUES (2186, 12, "128 бит", 112);
INSERT INTO webshop.characteristics (CharacteristicID, CharacteristicTypeID, Value, ProductID) VALUES (2187, 23, "DirectX 12, OpenGL 4.5", 112);
INSERT INTO webshop.characteristics (CharacteristicID, CharacteristicTypeID, Value, ProductID) VALUES (2188, 13, "Нет", 112);
INSERT INTO webshop.characteristics (CharacteristicID, CharacteristicTypeID, Value, ProductID) VALUES (2189, 25, "2 ГБ", 112);
INSERT INTO webshop.characteristics (CharacteristicID, CharacteristicTypeID, Value, ProductID) VALUES (2190, 26, "Радиатор + Вентилятор", 112);
INSERT INTO webshop.images (ImageID, Url, ProductID) VALUES (590, "https://i2.rozetka.ua/goods/1786850/copy_inno3d_n105t_1sdv_m5cm_583564774c4c1_images_1786850711.jpg", 112);
INSERT INTO webshop.images (ImageID, Url, ProductID) VALUES (591, "https://i2.rozetka.ua/goods/1786851/inno3d_n1050_1sdv_e5cm_images_1786851803.jpg", 112);
INSERT INTO webshop.comments (CommentID, Nickname, Rating, Message, Date, ProductID) VALUES (280, "Богдан Кравченко", 0, "Хорошо ли ляжет сюда просесор пинёк 4560 с матиринкой Материнская плата ASRock H110M-DGS R3.0 и ОЗУ на 8 гигабайт двумя плашками?", "2018-1-3", 112);
INSERT INTO webshop.comments (CommentID, Nickname, Rating, Message, Date, ProductID) VALUES (281, "Дмитро", 0, "athlon x4 840 норм будет?", "2018-1-1", 112);
INSERT INTO webshop.comments (CommentID, Nickname, Rating, Message, Date, ProductID) VALUES (282, "ярослав", 0, "Чи підійде ця відеокарта для материнки Biostar H61MU3B (s1155, Intel H61, PCI-Ex16) і процессора інтел і5 3340? в планах поставити нову відеокарту, оперативна пам'ять збільшена, процессор залишається старим і материнка також, отож чи є сенс ставити нову відокарту ?", "2018-1-4", 112);
-- =====================================================================
INSERT INTO webshop.products (ProductID, ProductTypeID, Title, Description, Price) VALUES (113, 6, "INNO3D PCI-Ex GeForce GTX 1050 TI Twin X2 4GB GDDR5 (128bit) (1290/7000) (DVI, HDMI, DisplayPort) (N105T-1DDV-M5CM)", "INNO3D GeForce GTX 1050 TI Twin X2 INNO3D GeForce GTX 1050 TI Twin X2 основана на новой архитектуре Pascal, а также имеет на борту 4 ГБ памяти GDDR5. Поддерживает предельно высокое разрешение экрана! Видеокарта оснащена эффективной системой охлаждения с двумя вентилятором и компактным радиатором. Next-Gen Gaming Technologies — NVIDIA Pascal GeForce GTX 1050 TI использует мощь Pascal для удовлетворения требований новейших дисплеев, ультравысокого разрешения, в том числе с несколькими мониторами. Графический процессор, исполнен по 16-нанометровой технологи FinFET и содержит 768 CUDA-блоков. GeForce GTX 1050 TI имеет 3 порта: 1 x DVI 1 x DisplayPort 1.4 1 x HDMI 2.0", 4637);
INSERT INTO webshop.characteristics (CharacteristicID, CharacteristicTypeID, Value, ProductID) VALUES (2191, 1, "PCI-Express x16 3.0", 113);
INSERT INTO webshop.characteristics (CharacteristicID, CharacteristicTypeID, Value, ProductID) VALUES (2192, 2, "Базовая: 1290 МГц В режиме разгона: 1392 МГц", 113);
INSERT INTO webshop.characteristics (CharacteristicID, CharacteristicTypeID, Value, ProductID) VALUES (2193, 16, "7680x4320", 113);
INSERT INTO webshop.characteristics (CharacteristicID, CharacteristicTypeID, Value, ProductID) VALUES (2194, 17, "Активная", 113);
INSERT INTO webshop.characteristics (CharacteristicID, CharacteristicTypeID, Value, ProductID) VALUES (2195, 3, "Нет", 113);
INSERT INTO webshop.characteristics (CharacteristicID, CharacteristicTypeID, Value, ProductID) VALUES (2196, 4, "DVI DisplayPort HDMI", 113);
INSERT INTO webshop.characteristics (CharacteristicID, CharacteristicTypeID, Value, ProductID) VALUES (2197, 5, "Нет", 113);
INSERT INTO webshop.characteristics (CharacteristicID, CharacteristicTypeID, Value, ProductID) VALUES (2198, 6, "7000 МГц", 113);
INSERT INTO webshop.characteristics (CharacteristicID, CharacteristicTypeID, Value, ProductID) VALUES (2199, 7, "195 x 99.8 мм", 113);
INSERT INTO webshop.characteristics (CharacteristicID, CharacteristicTypeID, Value, ProductID) VALUES (2200, 8, "400 Вт", 113);
INSERT INTO webshop.characteristics (CharacteristicID, CharacteristicTypeID, Value, ProductID) VALUES (2201, 9, "GeForce GTX 1050 Ti", 113);
INSERT INTO webshop.characteristics (CharacteristicID, CharacteristicTypeID, Value, ProductID) VALUES (2202, 19, "GDDR5", 113);
INSERT INTO webshop.characteristics (CharacteristicID, CharacteristicTypeID, Value, ProductID) VALUES (2203, 20, "24 месяца", 113);
INSERT INTO webshop.characteristics (CharacteristicID, CharacteristicTypeID, Value, ProductID) VALUES (2204, 21, "1", 113);
INSERT INTO webshop.characteristics (CharacteristicID, CharacteristicTypeID, Value, ProductID) VALUES (2205, 22, "Стандартная", 113);
INSERT INTO webshop.characteristics (CharacteristicID, CharacteristicTypeID, Value, ProductID) VALUES (2206, 12, "128 бит", 113);
INSERT INTO webshop.characteristics (CharacteristicID, CharacteristicTypeID, Value, ProductID) VALUES (2207, 23, "DirectX 12, OpenGL 4.5", 113);
INSERT INTO webshop.characteristics (CharacteristicID, CharacteristicTypeID, Value, ProductID) VALUES (2208, 13, "Нет", 113);
INSERT INTO webshop.characteristics (CharacteristicID, CharacteristicTypeID, Value, ProductID) VALUES (2209, 25, "4 ГБ", 113);
INSERT INTO webshop.characteristics (CharacteristicID, CharacteristicTypeID, Value, ProductID) VALUES (2210, 26, "Twin X2", 113);
INSERT INTO webshop.images (ImageID, Url, ProductID) VALUES (592, "https://i1.rozetka.ua/goods/1786844/inno3d_n105t_1ddv_m5cm_images_1786844705.jpg", 113);
INSERT INTO webshop.images (ImageID, Url, ProductID) VALUES (593, "https://i1.rozetka.ua/goods/1786844/inno3d_n105t_1ddv_m5cm_images_1786844796.jpg", 113);
INSERT INTO webshop.comments (CommentID, Nickname, Rating, Message, Date, ProductID) VALUES (283, "Дима Лекунович", 0, "Норм? Оперативку возьму exeleram ddr4 2x4gb 2133mhz", "2018-1-3", 113);
INSERT INTO webshop.comments (CommentID, Nickname, Rating, Message, Date, ProductID) VALUES (284, "Natalie", 0, "Добрый день! Подскажите, кто знает, подойдет эта видеокарта для работы в 3d max и ArchiCad? Заранее спасибо", "2018-1-3", 113);
INSERT INTO webshop.comments (CommentID, Nickname, Rating, Message, Date, ProductID) VALUES (285, "Николай Лебедь", 4, "Доставили за день, сразу погонял ее в BF1 и StarWarsBattlefront. Хороший fps! Температура выше 61 не поднималась, довольно тихая. Если вы присматриваете себе 1050 TI, переплачивать за бренды нет смысла, а тут и охлаждение не плохое и цена демократичная. БФ1 высокие 60-45 fps Звездные... Еще войны 1 ультра 70-60 fps Достоинства: 2 вертушки, цена. Недостатки: Пока не замечено.", "2018-1-2", 113);
-- =====================================================================
INSERT INTO webshop.products (ProductID, ProductTypeID, Title, Description, Price) VALUES (114, 6, "INNO3D PCI-Ex GeForce GTX 1050 TI Compact 4GB GDDR5 (128bit) (1290/7000) (DVI, HDMI, DisplayPort) (N105T-1SDV-M5CM)", "INNO3D GeForce GTX 1050 TI Compact INNO3D GeForce GTX 1050 TI Compact основана на новой архитектуре Pascal, а также имеет на борту 4 ГБ памяти GDDR5. Поддерживает предельно высокое разрешение экрана! Видеокарта оснащена компактной системой охлаждения с одним вентилятором и компактным радиатором. Next-Gen Gaming Technologies — NVIDIA Pascal GeForce GTX 1050 TI использует мощь Pascal для удовлетворения требований новейших дисплеев, ультравысокого разрешения, в том числе с несколькими мониторами. Графический процессор, исполнен по 16-нанометровой технологи FinFET и содержит 768 CUDA-блоков. GeForce GTX 1050 TI имеет 3 порта: 1 x DVI 1 x DisplayPort 1.4 1 x HDMI 2.0", 14933);
INSERT INTO webshop.characteristics (CharacteristicID, CharacteristicTypeID, Value, ProductID) VALUES (2211, 1, "PCI-Express x16 3.0", 114);
INSERT INTO webshop.characteristics (CharacteristicID, CharacteristicTypeID, Value, ProductID) VALUES (2212, 2, "Базовая: 1290 МГц В режиме разгона: 1392 МГц", 114);
INSERT INTO webshop.characteristics (CharacteristicID, CharacteristicTypeID, Value, ProductID) VALUES (2213, 16, "7680x4320", 114);
INSERT INTO webshop.characteristics (CharacteristicID, CharacteristicTypeID, Value, ProductID) VALUES (2214, 17, "Активная", 114);
INSERT INTO webshop.characteristics (CharacteristicID, CharacteristicTypeID, Value, ProductID) VALUES (2215, 3, "Нет", 114);
INSERT INTO webshop.characteristics (CharacteristicID, CharacteristicTypeID, Value, ProductID) VALUES (2216, 4, "DVI DisplayPort HDMI", 114);
INSERT INTO webshop.characteristics (CharacteristicID, CharacteristicTypeID, Value, ProductID) VALUES (2217, 5, "Нет", 114);
INSERT INTO webshop.characteristics (CharacteristicID, CharacteristicTypeID, Value, ProductID) VALUES (2218, 6, "7000 МГц", 114);
INSERT INTO webshop.characteristics (CharacteristicID, CharacteristicTypeID, Value, ProductID) VALUES (2219, 7, "145 x 99.8 мм", 114);
INSERT INTO webshop.characteristics (CharacteristicID, CharacteristicTypeID, Value, ProductID) VALUES (2220, 8, "400 Вт", 114);
INSERT INTO webshop.characteristics (CharacteristicID, CharacteristicTypeID, Value, ProductID) VALUES (2221, 9, "GeForce GTX 1050 Ti", 114);
INSERT INTO webshop.characteristics (CharacteristicID, CharacteristicTypeID, Value, ProductID) VALUES (2222, 19, "GDDR5", 114);
INSERT INTO webshop.characteristics (CharacteristicID, CharacteristicTypeID, Value, ProductID) VALUES (2223, 20, "24 месяца", 114);
INSERT INTO webshop.characteristics (CharacteristicID, CharacteristicTypeID, Value, ProductID) VALUES (2224, 21, "1", 114);
INSERT INTO webshop.characteristics (CharacteristicID, CharacteristicTypeID, Value, ProductID) VALUES (2225, 22, "Мини", 114);
INSERT INTO webshop.characteristics (CharacteristicID, CharacteristicTypeID, Value, ProductID) VALUES (2226, 12, "128 бит", 114);
INSERT INTO webshop.characteristics (CharacteristicID, CharacteristicTypeID, Value, ProductID) VALUES (2227, 23, "DirectX 12, OpenGL 4.5", 114);
INSERT INTO webshop.characteristics (CharacteristicID, CharacteristicTypeID, Value, ProductID) VALUES (2228, 13, "Нет", 114);
INSERT INTO webshop.characteristics (CharacteristicID, CharacteristicTypeID, Value, ProductID) VALUES (2229, 25, "4 ГБ", 114);
INSERT INTO webshop.characteristics (CharacteristicID, CharacteristicTypeID, Value, ProductID) VALUES (2230, 26, "Радиатор + Вентилятор", 114);
INSERT INTO webshop.images (ImageID, Url, ProductID) VALUES (594, "https://i1.rozetka.ua/goods/1786838/copy_inno3d_n1060_2ddn_n5gn_58355b03b0be9_images_1786838608.jpg", 114);
INSERT INTO webshop.images (ImageID, Url, ProductID) VALUES (595, "https://i1.rozetka.ua/goods/1786838/copy_inno3d_n1060_2ddn_n5gn_58355b03b0be9_images_1786838699.jpg", 114);
INSERT INTO webshop.comments (CommentID, Nickname, Rating, Message, Date, ProductID) VALUES (286, "Гость", 0, "на Системную платуASRock H61M-DGS пойдет?", "2018-1-4", 114);
INSERT INTO webshop.comments (CommentID, Nickname, Rating, Message, Date, ProductID) VALUES (287, "Round UP", 0, "Она встанет, если у меня БП 450 В ?", "2018-1-3", 114);
INSERT INTO webshop.comments (CommentID, Nickname, Rating, Message, Date, ProductID) VALUES (288, "Илья", 0, "Подскажите ,пожалуйста, на такую конфигурацию пойдет?", "2018-1-0", 114);
-- =====================================================================
INSERT INTO webshop.products (ProductID, ProductTypeID, Title, Description, Price) VALUES (115, 6, "INNO3D PCI-Ex GeForce GTX1060 Compact 3GB GDDR5 (192bit) (1506/8000) (DVI, HDMI, DisplayPort) (N1060-6DDN-L5GM)", "INNO3D GeForce GTX1060 Compact основана на новой архитектуре Pascal, а также имеет на борту 3 ГБ памяти GDDR5. Поддерживает предельно высокое разрешение экрана! Видеокарта оснащена компактной системой охлаждения с одним вентилятором. Графическая карта GeForce GTX 1060 оснащена новейшими игровыми технологиями, что делает ее идеальным выбором для игр высокого качества. GeForce GTX 1060 обеспечивает блестящую производительность, которая открывает двери для виртуальной реальности и за ее пределами. Производительность Эта усовершенствованная видеокарта оснащена ультра-быстрой технологией FinFET и поддерживает функции DirectX 12. Это означает, что вы можете рассчитывать на удивительный опыт в каждом приложении, включая производительность в играх AAA и захватывающих VR Ready, что на 3 раза выше, чем у графических процессоров предыдущего поколения. Последние игровые технологии Получите возможность управлять дисплеями нового поколения, включая VR, сверхвысокое разрешение и поддержку нескольких мониторов. И принесите больше реализма для каждой игры с технологиями NVIDIA GameWorks, которые предлагают настоящий кинематографический опыт и потрясающий новый захват изображений, чтобы поделиться своей игрой. VR Ready! Откройте для себя виртуальную реальность нового поколения, минимальные задержки и совместимость (Plug-and-Play) с лучшими VR-гарнитурами – все это благодаря технологиям NVIDIA VRWorks. Звуковое сопровождение, физика и тактильные ощущения в VR позволят вам прочувствовать каждый момент игрового процесса.", 16768);
INSERT INTO webshop.characteristics (CharacteristicID, CharacteristicTypeID, Value, ProductID) VALUES (2231, 1, "PCI-Express x16 3.0", 115);
INSERT INTO webshop.characteristics (CharacteristicID, CharacteristicTypeID, Value, ProductID) VALUES (2232, 2, "Базовая частота: 1506 МГц В режиме разгона: 1708 МГц", 115);
INSERT INTO webshop.characteristics (CharacteristicID, CharacteristicTypeID, Value, ProductID) VALUES (2233, 16, "7680x4320", 115);
INSERT INTO webshop.characteristics (CharacteristicID, CharacteristicTypeID, Value, ProductID) VALUES (2234, 17, "Активная", 115);
INSERT INTO webshop.characteristics (CharacteristicID, CharacteristicTypeID, Value, ProductID) VALUES (2235, 3, "6 pin", 115);
INSERT INTO webshop.characteristics (CharacteristicID, CharacteristicTypeID, Value, ProductID) VALUES (2236, 4, "DVI DisplayPort HDMI", 115);
INSERT INTO webshop.characteristics (CharacteristicID, CharacteristicTypeID, Value, ProductID) VALUES (2237, 5, "Нет", 115);
INSERT INTO webshop.characteristics (CharacteristicID, CharacteristicTypeID, Value, ProductID) VALUES (2238, 6, "8000 МГц", 115);
INSERT INTO webshop.characteristics (CharacteristicID, CharacteristicTypeID, Value, ProductID) VALUES (2239, 7, "172 x 98 мм", 115);
INSERT INTO webshop.characteristics (CharacteristicID, CharacteristicTypeID, Value, ProductID) VALUES (2240, 8, "400 Вт", 115);
INSERT INTO webshop.characteristics (CharacteristicID, CharacteristicTypeID, Value, ProductID) VALUES (2241, 9, "GeForce GTX 1060", 115);
INSERT INTO webshop.characteristics (CharacteristicID, CharacteristicTypeID, Value, ProductID) VALUES (2242, 19, "GDDR5", 115);
INSERT INTO webshop.characteristics (CharacteristicID, CharacteristicTypeID, Value, ProductID) VALUES (2243, 20, "24 месяца", 115);
INSERT INTO webshop.characteristics (CharacteristicID, CharacteristicTypeID, Value, ProductID) VALUES (2244, 21, "1", 115);
INSERT INTO webshop.characteristics (CharacteristicID, CharacteristicTypeID, Value, ProductID) VALUES (2245, 22, "Мини", 115);
INSERT INTO webshop.characteristics (CharacteristicID, CharacteristicTypeID, Value, ProductID) VALUES (2246, 12, "192 бит", 115);
INSERT INTO webshop.characteristics (CharacteristicID, CharacteristicTypeID, Value, ProductID) VALUES (2247, 23, "DirectX 12, OpenGL 4.5", 115);
INSERT INTO webshop.characteristics (CharacteristicID, CharacteristicTypeID, Value, ProductID) VALUES (2248, 13, "Нет", 115);
INSERT INTO webshop.characteristics (CharacteristicID, CharacteristicTypeID, Value, ProductID) VALUES (2249, 25, "3 ГБ", 115);
INSERT INTO webshop.characteristics (CharacteristicID, CharacteristicTypeID, Value, ProductID) VALUES (2250, 26, "Радиатор + Вентилятор", 115);
INSERT INTO webshop.images (ImageID, Url, ProductID) VALUES (596, "https://i2.rozetka.ua/goods/2229964/copy_inno3d_n1060_6ddn_n5gm_59c257c473667_images_2229964824.jpg", 115);
INSERT INTO webshop.images (ImageID, Url, ProductID) VALUES (597, "https://i2.rozetka.ua/goods/2229965/copy_inno3d_n1060_6ddn_n5gm_59c257c473667_images_2229965146.jpg", 115);
INSERT INTO webshop.images (ImageID, Url, ProductID) VALUES (598, "https://i1.rozetka.ua/goods/2229977/inno3d_n1060_6ddn_l5gm_images_2229977774.jpg", 115);
INSERT INTO webshop.comments (CommentID, Nickname, Rating, Message, Date, ProductID) VALUES (289, "Юрий Троцкий", 3, "Середнячок Достоинства: Цена Недостатки: Охлаждение,частота ядра", "2018-0-5", 115);
INSERT INTO webshop.comments (CommentID, Nickname, Rating, Message, Date, ProductID) VALUES (290, "Игорь", 5, "очень доволен. купил 2 месяца назад. тянет все новые игры на ура. Достоинства: дешевая и мощная карта. Недостатки: маловато памяти.", "2017-10-0", 115);
INSERT INTO webshop.comments (CommentID, Nickname, Rating, Message, Date, ProductID) VALUES (291, "Олег Денищенко", 4, "Соотношение цена-качество на твердую 5 Достоинства: Малое энергопотребление до 110 Ватт Недостатки: низкий градиент теплопередачи. (конструктивные особенности радиатора)", "2017-10-4", 115);
-- =====================================================================
INSERT INTO webshop.products (ProductID, ProductTypeID, Title, Description, Price) VALUES (116, 6, "INNO3D PCI-Ex GeForce GTX1060 Compact 6GB GDDR5 (192bit) (1506/8000) (DVI, HDMI, DisplayPort) (N1060-6DDN-N5GM)", "INNO3D GeForce GTX1060 Compact основана на новой архитектуре Pascal, а также имеет на борту 6 ГБ памяти GDDR5. Поддерживает предельно высокое разрешение экрана! Видеокарта оснащена компактной системой охлаждения с одним вентилятором. Графическая карта GeForce GTX 1060 оснащена новейшими игровыми технологиями, что делает ее идеальным выбором для игр высокого качества. GeForce GTX 1060 обеспечивает блестящую производительность, которая открывает двери для виртуальной реальности и за ее пределами. Производительность Эта усовершенствованная видеокарта оснащена ультра-быстрой технологией FinFET и поддерживает функции DirectX 12. Это означает, что вы можете рассчитывать на удивительный опыт в каждом приложении, включая производительность в играх AAA и захватывающих VR Ready, что на 3 раза выше, чем у графических процессоров предыдущего поколения. Последние игровые технологии Получите возможность управлять дисплеями нового поколения, включая VR, сверхвысокое разрешение и поддержку нескольких мониторов. И принесите больше реализма для каждой игры с технологиями NVIDIA GameWorks, которые предлагают настоящий кинематографический опыт и потрясающий новый захват изображений, чтобы поделиться своей игрой. VR Ready! Откройте для себя виртуальную реальность нового поколения, минимальные задержки и совместимость (Plug-and-Play) с лучшими VR-гарнитурами – все это благодаря технологиям NVIDIA VRWorks. Звуковое сопровождение, физика и тактильные ощущения в VR позволят вам прочувствовать каждый момент игрового процесса.", 3622);
INSERT INTO webshop.characteristics (CharacteristicID, CharacteristicTypeID, Value, ProductID) VALUES (2251, 1, "PCI-Express x16 3.0", 116);
INSERT INTO webshop.characteristics (CharacteristicID, CharacteristicTypeID, Value, ProductID) VALUES (2252, 2, "Базовая частота: 1506 МГц В режиме разгона: 1708 МГц", 116);
INSERT INTO webshop.characteristics (CharacteristicID, CharacteristicTypeID, Value, ProductID) VALUES (2253, 16, "7680x4320", 116);
INSERT INTO webshop.characteristics (CharacteristicID, CharacteristicTypeID, Value, ProductID) VALUES (2254, 17, "Активная", 116);
INSERT INTO webshop.characteristics (CharacteristicID, CharacteristicTypeID, Value, ProductID) VALUES (2255, 3, "6 pin", 116);
INSERT INTO webshop.characteristics (CharacteristicID, CharacteristicTypeID, Value, ProductID) VALUES (2256, 4, "DVI DisplayPort HDMI", 116);
INSERT INTO webshop.characteristics (CharacteristicID, CharacteristicTypeID, Value, ProductID) VALUES (2257, 5, "Нет", 116);
INSERT INTO webshop.characteristics (CharacteristicID, CharacteristicTypeID, Value, ProductID) VALUES (2258, 6, "8000 МГц", 116);
INSERT INTO webshop.characteristics (CharacteristicID, CharacteristicTypeID, Value, ProductID) VALUES (2259, 7, "172 x 101 мм", 116);
INSERT INTO webshop.characteristics (CharacteristicID, CharacteristicTypeID, Value, ProductID) VALUES (2260, 8, "400 Вт", 116);
INSERT INTO webshop.characteristics (CharacteristicID, CharacteristicTypeID, Value, ProductID) VALUES (2261, 9, "GeForce GTX 1060", 116);
INSERT INTO webshop.characteristics (CharacteristicID, CharacteristicTypeID, Value, ProductID) VALUES (2262, 19, "GDDR5", 116);
INSERT INTO webshop.characteristics (CharacteristicID, CharacteristicTypeID, Value, ProductID) VALUES (2263, 20, "24 месяца", 116);
INSERT INTO webshop.characteristics (CharacteristicID, CharacteristicTypeID, Value, ProductID) VALUES (2264, 21, "1", 116);
INSERT INTO webshop.characteristics (CharacteristicID, CharacteristicTypeID, Value, ProductID) VALUES (2265, 22, "Мини", 116);
INSERT INTO webshop.characteristics (CharacteristicID, CharacteristicTypeID, Value, ProductID) VALUES (2266, 12, "192 бит", 116);
INSERT INTO webshop.characteristics (CharacteristicID, CharacteristicTypeID, Value, ProductID) VALUES (2267, 23, "DirectX 12, OpenGL 4.5", 116);
INSERT INTO webshop.characteristics (CharacteristicID, CharacteristicTypeID, Value, ProductID) VALUES (2268, 13, "Нет", 116);
INSERT INTO webshop.characteristics (CharacteristicID, CharacteristicTypeID, Value, ProductID) VALUES (2269, 25, "6 ГБ", 116);
INSERT INTO webshop.characteristics (CharacteristicID, CharacteristicTypeID, Value, ProductID) VALUES (2270, 26, "Радиатор + Вентилятор", 116);
INSERT INTO webshop.images (ImageID, Url, ProductID) VALUES (599, "https://i2.rozetka.ua/goods/2198794/22542264_images_2198794146.jpg", 116);
INSERT INTO webshop.images (ImageID, Url, ProductID) VALUES (600, "https://i2.rozetka.ua/goods/2198793/22542264_images_2198793579.jpg", 116);
INSERT INTO webshop.images (ImageID, Url, ProductID) VALUES (601, "https://i2.rozetka.ua/goods/2198793/22542264_images_2198793019.jpg", 116);
INSERT INTO webshop.comments (CommentID, Nickname, Rating, Message, Date, ProductID) VALUES (292, "batelcruser", 0, "по сравнению с интегрированой графикой на і Соre 5 шестого поколения полутше конечно но за такие деньги ожидалось чегото невероятного Достоинства: работаeт, маленькая, не шумит, небольшой вес, не нагружает материнскую плату как весом так и енергопотреблением Недостатки: от 1060 ожидал большего, дороговато но альтернативы не нашол", "2018-1-3", 116);
INSERT INTO webshop.comments (CommentID, Nickname, Rating, Message, Date, ProductID) VALUES (293, "Sega", 0, "Могу эту видеокарту подключить к монитору Samsung SyncMaster 913N?", "2018-1-2", 116);
INSERT INTO webshop.comments (CommentID, Nickname, Rating, Message, Date, ProductID) VALUES (294, "Олександр", 3, "Ситуація в іграх в 4к середньо-високі налаштування: пес 2018 - 60 фпс, ворлд оф танкс - 60 фпс, гта 5 - 40-50 фпс, відьмак 3 - 30-40 фпс. В бюджетному закритому корgусі відеокарта грілась до 90 градусів (при критичній 83!), що викликало зависання або перезавантаження системи. Відкрив кришку... Еще корпуса і в msi afterburner виставив більш високий алгоритм роботи кулера відеокарти. Зараз в іграх гріється до 75 градусів. Кулер гуде голосно. Є ризик, що карта не проживе гарантійний термін. Краще беріть карту з 2/3 кулерами і довшою платою. Для 4к геймінга краще дивитись в бік 1070 і вище. Достоинства: Деякі ігри тягне в 4к 60 фпс на середньо-високих налаштуваннях графіки Недостатки: Система охолодження. Висока робоча температура. Нестабільність роботи. Шум кулера.", "2018-1-0", 116);
-- =====================================================================
INSERT INTO webshop.products (ProductID, ProductTypeID, Title, Description, Price) VALUES (117, 6, "INNO3D PCI-Ex GeForce GTX 1060 TWIN X2 3GB GDDR5 (192bit) (1506/8000) (2 x DVI, HDMI, DisplayPort) (N106F-2SDN-L5GS)", "INNO3D GeForce GTX 1060 Видеокарта NVIDIA GTX 1060 основана на новой архитектуре Pascal, а также имеет на борту 3 ГБ памяти GDDR5. Поддерживает предельно высокое разрешение экрана! Идеальная геймерская платформа Графический процессор GeForce GTX 1060 является одним из самых мощных в геймерском классе среднего уровня на сегодняшний момент. Новая микроархитектура Pascal наделяет его потрясающей скоростью, а поддержка самых современных технологий максимально расширяет его функциональность. Next-Gen Gaming Technologies — nVidia Pascal GeForce GTX 1060 использует мощь Pascal для удовлетворения требований новейших дисплеев, а также VR, ультравысокого разрешения, в том числе с несколькими мониторами. Графический процессор, исполнен по 16-нанометровой технологи FinFET и содержит 1920 CUDA-блоков с итоговой вычислительной производительностью — 6.5 TFLOPS. VR Ready! Откройте для себя виртуальную реальность нового поколения, минимальные задержки и совместимость (Plug-and-Play) с лучшими VR-гарнитурами – все это благодаря технологиям NVIDIA VRWorks. Звуковое сопровождение, физика и тактильные ощущения в VR позволят вам прочувствовать каждый момент игрового процесса.", 19262);
INSERT INTO webshop.characteristics (CharacteristicID, CharacteristicTypeID, Value, ProductID) VALUES (2271, 1, "PCI-Express x16 3.0", 117);
INSERT INTO webshop.characteristics (CharacteristicID, CharacteristicTypeID, Value, ProductID) VALUES (2272, 2, "Базовая: 1506 МГц В режиме разгона: 1708 МГц", 117);
INSERT INTO webshop.characteristics (CharacteristicID, CharacteristicTypeID, Value, ProductID) VALUES (2273, 16, "7680x4320", 117);
INSERT INTO webshop.characteristics (CharacteristicID, CharacteristicTypeID, Value, ProductID) VALUES (2274, 17, "Активная", 117);
INSERT INTO webshop.characteristics (CharacteristicID, CharacteristicTypeID, Value, ProductID) VALUES (2275, 3, "6 pin", 117);
INSERT INTO webshop.characteristics (CharacteristicID, CharacteristicTypeID, Value, ProductID) VALUES (2276, 4, "DVI DisplayPort HDMI", 117);
INSERT INTO webshop.characteristics (CharacteristicID, CharacteristicTypeID, Value, ProductID) VALUES (2277, 5, "Нет", 117);
INSERT INTO webshop.characteristics (CharacteristicID, CharacteristicTypeID, Value, ProductID) VALUES (2278, 6, "8000 МГц", 117);
INSERT INTO webshop.characteristics (CharacteristicID, CharacteristicTypeID, Value, ProductID) VALUES (2279, 7, "220 x 98 мм", 117);
INSERT INTO webshop.characteristics (CharacteristicID, CharacteristicTypeID, Value, ProductID) VALUES (2280, 8, "400 Вт", 117);
INSERT INTO webshop.characteristics (CharacteristicID, CharacteristicTypeID, Value, ProductID) VALUES (2281, 9, "GeForce GTX 1060", 117);
INSERT INTO webshop.characteristics (CharacteristicID, CharacteristicTypeID, Value, ProductID) VALUES (2282, 19, "GDDR5", 117);
INSERT INTO webshop.characteristics (CharacteristicID, CharacteristicTypeID, Value, ProductID) VALUES (2283, 20, "24 месяца", 117);
INSERT INTO webshop.characteristics (CharacteristicID, CharacteristicTypeID, Value, ProductID) VALUES (2284, 21, "2", 117);
INSERT INTO webshop.characteristics (CharacteristicID, CharacteristicTypeID, Value, ProductID) VALUES (2285, 22, "Стандартная", 117);
INSERT INTO webshop.characteristics (CharacteristicID, CharacteristicTypeID, Value, ProductID) VALUES (2286, 12, "192 бит", 117);
INSERT INTO webshop.characteristics (CharacteristicID, CharacteristicTypeID, Value, ProductID) VALUES (2287, 23, "DirectX 12, OpenGL 4.5", 117);
INSERT INTO webshop.characteristics (CharacteristicID, CharacteristicTypeID, Value, ProductID) VALUES (2288, 13, "Нет", 117);
INSERT INTO webshop.characteristics (CharacteristicID, CharacteristicTypeID, Value, ProductID) VALUES (2289, 25, "3 ГБ", 117);
INSERT INTO webshop.characteristics (CharacteristicID, CharacteristicTypeID, Value, ProductID) VALUES (2290, 26, "Радиатор + 2 x Вентилятора", 117);
INSERT INTO webshop.images (ImageID, Url, ProductID) VALUES (602, "https://i1.rozetka.ua/goods/1790593/inno3d_n1060f_2sdn_l5gs_images_1790593968.jpg", 117);
INSERT INTO webshop.images (ImageID, Url, ProductID) VALUES (603, "https://i1.rozetka.ua/goods/1790593/inno3d_n1060f_2sdn_l5gs_images_1790593877.jpg", 117);
INSERT INTO webshop.images (ImageID, Url, ProductID) VALUES (604, "https://i1.rozetka.ua/goods/1790594/inno3d_n1060f_2sdn_l5gs_images_1790594059.jpg", 117);
INSERT INTO webshop.comments (CommentID, Nickname, Rating, Message, Date, ProductID) VALUES (295, "Андрей", 3, "Из шести купленных карт две оказались с дефектом. Одна вообще не запустиласть, а на второй куллер через 12 часов перестал крутить. Хорошо что за первую сразу вернули деньги, а вторая уже две недели лежит в сервисном центре. Пришлось ездить несколько раз в сервисный центр. Короче качество хромает. Достоинства: Работает Недостатки: качество", "2018-1-2", 117);
INSERT INTO webshop.comments (CommentID, Nickname, Rating, Message, Date, ProductID) VALUES (296, "Олександр", 0, "Відеокарта норм. Тяне всі останні ігри на 1920р.", "2018-0-1", 117);
INSERT INTO webshop.comments (CommentID, Nickname, Rating, Message, Date, ProductID) VALUES (297, "Алексей", 0, "Скажите пожалуйста ,будет ли работать с процесором AMD FX 6100?", "2017-11-5", 117);
-- =====================================================================
INSERT INTO webshop.products (ProductID, ProductTypeID, Title, Description, Price) VALUES (118, 6, "INNO3D PCI-Ex GeForce GTX 1060 Twin X2 6GB GDDR5 (192bit) (1506/8000) (2 x DVI, HDMI, DisplayPort) (N106F-5SDN-N5GS)", "INNO3D GeForce GTX 1060 Видеокарта NVIDIA GTX 1060 основана на новой архитектуре Pascal, а также имеет на борту 6 ГБ памяти GDDR5. Поддерживает предельно высокое разрешение экрана! Идеальная геймерская платформа Графический процессор GeForce GTX 1060 является одним из самых мощных в геймерском классе среднего уровня на сегодняшний момент. Новая микроархитектура Pascal наделяет его потрясающей скоростью, а поддержка самых современных технологий максимально расширяет его функциональность. Next-Gen Gaming Technologies — nVidia Pascal GeForce GTX 1060 использует мощь Pascal для удовлетворения требований новейших дисплеев, а также VR, ультравысокого разрешения, в том числе с несколькими мониторами. Графический процессор, исполнен по 16-нанометровой технологи FinFET и содержит 1280 CUDA-блоков с итоговой вычислительной производительностью — 6.5 TFLOPS. VR Ready! Откройте для себя виртуальную реальность нового поколения, минимальные задержки и совместимость (Plug-and-Play) с лучшими VR-гарнитурами – все это благодаря технологиям NVIDIA VRWorks. Звуковое сопровождение, физика и тактильные ощущения в VR позволят вам прочувствовать каждый момент игрового процесса.", 6968);
INSERT INTO webshop.characteristics (CharacteristicID, CharacteristicTypeID, Value, ProductID) VALUES (2291, 1, "PCI-Express x16 3.0", 118);
INSERT INTO webshop.characteristics (CharacteristicID, CharacteristicTypeID, Value, ProductID) VALUES (2292, 2, "Базовая: 1506 МГц В режиме разгона: 1708 МГц", 118);
INSERT INTO webshop.characteristics (CharacteristicID, CharacteristicTypeID, Value, ProductID) VALUES (2293, 16, "7680x4320", 118);
INSERT INTO webshop.characteristics (CharacteristicID, CharacteristicTypeID, Value, ProductID) VALUES (2294, 17, "Активная", 118);
INSERT INTO webshop.characteristics (CharacteristicID, CharacteristicTypeID, Value, ProductID) VALUES (2295, 3, "6 pin", 118);
INSERT INTO webshop.characteristics (CharacteristicID, CharacteristicTypeID, Value, ProductID) VALUES (2296, 4, "DVI DisplayPort HDMI", 118);
INSERT INTO webshop.characteristics (CharacteristicID, CharacteristicTypeID, Value, ProductID) VALUES (2297, 5, "Нет", 118);
INSERT INTO webshop.characteristics (CharacteristicID, CharacteristicTypeID, Value, ProductID) VALUES (2298, 6, "8000 МГц", 118);
INSERT INTO webshop.characteristics (CharacteristicID, CharacteristicTypeID, Value, ProductID) VALUES (2299, 7, "220 x 98 мм", 118);
INSERT INTO webshop.characteristics (CharacteristicID, CharacteristicTypeID, Value, ProductID) VALUES (2300, 8, "400 Вт", 118);
INSERT INTO webshop.characteristics (CharacteristicID, CharacteristicTypeID, Value, ProductID) VALUES (2301, 9, "GeForce GTX 1060", 118);
INSERT INTO webshop.characteristics (CharacteristicID, CharacteristicTypeID, Value, ProductID) VALUES (2302, 19, "GDDR5", 118);
INSERT INTO webshop.characteristics (CharacteristicID, CharacteristicTypeID, Value, ProductID) VALUES (2303, 20, "24 месяца", 118);
INSERT INTO webshop.characteristics (CharacteristicID, CharacteristicTypeID, Value, ProductID) VALUES (2304, 21, "2", 118);
INSERT INTO webshop.characteristics (CharacteristicID, CharacteristicTypeID, Value, ProductID) VALUES (2305, 22, "Стандартная", 118);
INSERT INTO webshop.characteristics (CharacteristicID, CharacteristicTypeID, Value, ProductID) VALUES (2306, 12, "192 бит", 118);
INSERT INTO webshop.characteristics (CharacteristicID, CharacteristicTypeID, Value, ProductID) VALUES (2307, 23, "DirectX 12, OpenGL 4.5", 118);
INSERT INTO webshop.characteristics (CharacteristicID, CharacteristicTypeID, Value, ProductID) VALUES (2308, 13, "Нет", 118);
INSERT INTO webshop.characteristics (CharacteristicID, CharacteristicTypeID, Value, ProductID) VALUES (2309, 25, "6 ГБ", 118);
INSERT INTO webshop.characteristics (CharacteristicID, CharacteristicTypeID, Value, ProductID) VALUES (2310, 26, "Радиатор + 2 x Вентилятора", 118);
INSERT INTO webshop.images (ImageID, Url, ProductID) VALUES (605, "https://i1.rozetka.ua/goods/2083879/inno3d_n106f_5sdn_n5gs_images_2083879385.jpg", 118);
INSERT INTO webshop.images (ImageID, Url, ProductID) VALUES (606, "https://i2.rozetka.ua/goods/2083877/copy_inno3d_n106f_2sdn_n5gs_5968c38c0c48b_images_2083877334.jpg", 118);
INSERT INTO webshop.comments (CommentID, Nickname, Rating, Message, Date, ProductID) VALUES (298, "Владислав Михалетьев", 5, "Хорошая цена,отличная мощность.", "2018-1-4", 118);
INSERT INTO webshop.comments (CommentID, Nickname, Rating, Message, Date, ProductID) VALUES (299, "Андрей Яланский", 0, "Память Хьюникс Достоинства: Низкая цена Недостатки: Неприятный запах пластмасы", "2018-1-6", 118);
INSERT INTO webshop.comments (CommentID, Nickname, Rating, Message, Date, ProductID) VALUES (300, "Василь Давидяк", 0, "Питання до покупців,які температури при максимальній навантаженні ? І який рівень шуму при цьому ,і звичайно ж при яких умовах такі показники (продуваємость корпусу ,чи його шумоізоляція ,дальність системника від вух і тп) Хотілося би розуміти чи є сенс так переплачувати за дорощі... Еще варіанти,головними (і майже єдиними) відмінностями яких є система охолодження. Наперед дякую", "2018-1-4", 118);
-- =====================================================================
INSERT INTO webshop.products (ProductID, ProductTypeID, Title, Description, Price) VALUES (119, 6, "INNO3D PCI-Ex GeForce GTX 1070 TwinX2 V3 8GB GDDR5 (256bit) (1506/8000) (2 x DVI, HDMI, DisplayPort) (N1070-2SDV-P5DS)", "NVIDIA GeForce GTX 1070 — одна из самых технически продвинутых игровых видеокарт на планете, на сегодняшний день. Видеокарта NVIDIA GTX 1070 основана на новой архитектуре Pascal, а также имеет на борту 8 ГБ памяти GDDR5. Поддерживает предельно высокое разрешение экрана! Next-Gen Gaming Technologies — nVidia Pascal GeForce GTX 1070 использует мощь Pascal для удовлетворения требований новейших дисплеев, а также VR, ультравысокого разрешения, в том числе с несколькими мониторами. Графический процессор, исполнен по 16-нанометровой технологи FinFET и содержит 1920 CUDA-блоков с итоговой вычислительной производительностью — 6.5 TFLOPS. Производительность Эта современная карта оснащена ультра-быстрой технологией FinFET и поддерживает функции DirectX 12. Это означает, что можно рассчитывать на удивительный опыт в каждом приложении, включая производительность в AAA и захватывающих играх VR Ready, что в 3 раза выше, чем у графических процессоров предыдущего поколения. Самые современные игровые технологии GeForce GTX 1070 TwinX2 V3 предоставляет мощность для управления дисплеями следующего поколения, включая VR, сверхвысокое разрешение и несколько мониторов. И приносит больше реализма для каждой игры с технологиями NVIDIA GameWorks, которые предлагают настоящий кинематографический опыт и новый потрясающий захват изображений, что бы поделиться своей игрой.", 17364);
INSERT INTO webshop.characteristics (CharacteristicID, CharacteristicTypeID, Value, ProductID) VALUES (2311, 1, "PCI-Express x16 3.0", 119);
INSERT INTO webshop.characteristics (CharacteristicID, CharacteristicTypeID, Value, ProductID) VALUES (2312, 2, "Базовая: 1506 МГц В режиме разгона: 1683 МГц", 119);
INSERT INTO webshop.characteristics (CharacteristicID, CharacteristicTypeID, Value, ProductID) VALUES (2313, 16, "7680x4320", 119);
INSERT INTO webshop.characteristics (CharacteristicID, CharacteristicTypeID, Value, ProductID) VALUES (2314, 17, "Активная", 119);
INSERT INTO webshop.characteristics (CharacteristicID, CharacteristicTypeID, Value, ProductID) VALUES (2315, 3, "8 pin", 119);
INSERT INTO webshop.characteristics (CharacteristicID, CharacteristicTypeID, Value, ProductID) VALUES (2316, 4, "DVI DisplayPort HDMI", 119);
INSERT INTO webshop.characteristics (CharacteristicID, CharacteristicTypeID, Value, ProductID) VALUES (2317, 5, "Есть", 119);
INSERT INTO webshop.characteristics (CharacteristicID, CharacteristicTypeID, Value, ProductID) VALUES (2318, 6, "8000 МГц", 119);
INSERT INTO webshop.characteristics (CharacteristicID, CharacteristicTypeID, Value, ProductID) VALUES (2319, 7, "220 x 111 мм", 119);
INSERT INTO webshop.characteristics (CharacteristicID, CharacteristicTypeID, Value, ProductID) VALUES (2320, 8, "500 Вт", 119);
INSERT INTO webshop.characteristics (CharacteristicID, CharacteristicTypeID, Value, ProductID) VALUES (2321, 9, "GeForce GTX 1070", 119);
INSERT INTO webshop.characteristics (CharacteristicID, CharacteristicTypeID, Value, ProductID) VALUES (2322, 19, "GDDR5", 119);
INSERT INTO webshop.characteristics (CharacteristicID, CharacteristicTypeID, Value, ProductID) VALUES (2323, 20, "24 месяца", 119);
INSERT INTO webshop.characteristics (CharacteristicID, CharacteristicTypeID, Value, ProductID) VALUES (2324, 21, "2", 119);
INSERT INTO webshop.characteristics (CharacteristicID, CharacteristicTypeID, Value, ProductID) VALUES (2325, 22, "Стандартная", 119);
INSERT INTO webshop.characteristics (CharacteristicID, CharacteristicTypeID, Value, ProductID) VALUES (2326, 12, "256 бит", 119);
INSERT INTO webshop.characteristics (CharacteristicID, CharacteristicTypeID, Value, ProductID) VALUES (2327, 23, "DirectX 12, OpenGL 4.5", 119);
INSERT INTO webshop.characteristics (CharacteristicID, CharacteristicTypeID, Value, ProductID) VALUES (2328, 13, "Нет", 119);
INSERT INTO webshop.characteristics (CharacteristicID, CharacteristicTypeID, Value, ProductID) VALUES (2329, 25, "8 ГБ", 119);
INSERT INTO webshop.characteristics (CharacteristicID, CharacteristicTypeID, Value, ProductID) VALUES (2330, 26, "Радиатор + 2 x Вентилятора", 119);
INSERT INTO webshop.images (ImageID, Url, ProductID) VALUES (607, "https://i1.rozetka.ua/goods/2288292/inno3d_n1070_2sdv_p5ds_images_2288292455.jpg", 119);
INSERT INTO webshop.images (ImageID, Url, ProductID) VALUES (608, "https://i2.rozetka.ua/goods/2288292/inno3d_n1070_2sdv_p5ds_images_2288292546.jpg", 119);
INSERT INTO webshop.images (ImageID, Url, ProductID) VALUES (609, "https://i1.rozetka.ua/goods/2288292/inno3d_n1070_2sdv_p5ds_images_2288292364.jpg", 119);
INSERT INTO webshop.comments (CommentID, Nickname, Rating, Message, Date, ProductID) VALUES (301, "Евгений Коваленко", 0, "Есть ли официальная прошивка биоса которая сделает так, чтобы куллера крутились быстрее ?? Она у меня в закрытом корпусе очень сильно греется... Причем если оставить кулера на автомате они не превышают ~85% ... Даже если руками поставить кулера на 100% ситуацию не особо спасает...", "2018-1-4", 119);
INSERT INTO webshop.comments (CommentID, Nickname, Rating, Message, Date, ProductID) VALUES (302, "Гость", 0, "Вопрос к производителю, на стандартных частотах и настроек поверлимита при нагрузке карта греется до 82-84 градусов и это при 100% работы куллеров , если снизить поверлимит до 80 температура чуток падает до 74. Является ли это барком, можно ли нести по гарантии? Если не является, то можно ли... Еще эксплуатировать ее при таких температурах? И да при снижении поверлимита падает сильно производительность. Достоинства: 1070 Недостатки: Греется до 84 гр", "2018-0-1", 119);
INSERT INTO webshop.comments (CommentID, Nickname, Rating, Message, Date, ProductID) VALUES (303, "Шеремет Виталий", 5, "Добрый день! Подскажите пожалуйста. Стоит сейчас i7 7700, 16 Gb оперативная. Купил ее, но вот смущает один момент БП у меня на 500 Вт., Достаточно ли его будет для этой карточки, если не разгонять? Достоинства: + Недостатки: -", "2018-0-4", 119);
-- =====================================================================
INSERT INTO webshop.products (ProductID, ProductTypeID, Title, Description, Price) VALUES (120, 6, "INNO3D PCI-Ex GeForce GTX 1070 Ti Twin X2 8GB GDDR5 (256bit) (1607/8000) (DVI, HDMI, 3 x DisplayPort) (N107T-1SDN-P5DN)", "Графические адаптеры данного семейства обладают следующими преимуществами: Оснащаются мощными системами охлаждения от ведущих производителей; Имеют повышенные тактовые частоты (заводской разгон), благодаря чему функционируют ощутимо быстрее референсных решений; Имеют пониженный уровень шума; Выделяются эксклюзивным внешним видом и дизайном; Создаются исключительно на базе высококлассных компонентов топового уровня и улучшенных РСВ; Имеют позолоченные контакты выходных разъемов. NVIDIA GeForce GTX 1070 Ti — одна из самых технически продвинутых игровых видеокарт на планете, на сегодняшний день. Видеокарта NVIDIA GTX 1070 Ti основана на новой архитектуре Pascal, а также имеет на борту 8 ГБ памяти GDDR5. Поддерживает предельно высокое разрешение экрана! Next-Gen Gaming Technologies — nVidia Pascal GeForce GTX 1070 Ti использует мощь Pascal для удовлетворения требований новейших дисплеев, а также VR, ультравысокого разрешения, в том числе с несколькими мониторами. Графический процессор, исполнен по 16-нанометровой технологи FinFET и содержит 2432 CUDA-блоков. VR Ready! Откройте для себя виртуальную реальность нового поколения, минимальные задержки и совместимость (Plug-and-Play) с лучшими VR-гарнитурами – все это благодаря технологиям NVIDIA VRWorks. Звуковое сопровождение, физика и тактильные ощущения в VR позволят вам прочувствовать каждый момент игрового процесса. Расширенный набор интерфейсов GeForce GTX 1070 Ti имеет 5 портов: 1 x DVI 3 x DisplayPort 1.4 1 x HDMI 2.0b", 16741);
INSERT INTO webshop.characteristics (CharacteristicID, CharacteristicTypeID, Value, ProductID) VALUES (2331, 1, "PCI-Express x16 3.0", 120);
INSERT INTO webshop.characteristics (CharacteristicID, CharacteristicTypeID, Value, ProductID) VALUES (2332, 2, "Базовая: 1607 МГц В режиме разгона: 1683 МГц", 120);
INSERT INTO webshop.characteristics (CharacteristicID, CharacteristicTypeID, Value, ProductID) VALUES (2333, 16, "7680x4320", 120);
INSERT INTO webshop.characteristics (CharacteristicID, CharacteristicTypeID, Value, ProductID) VALUES (2334, 17, "Активная", 120);
INSERT INTO webshop.characteristics (CharacteristicID, CharacteristicTypeID, Value, ProductID) VALUES (2335, 3, "8 pin", 120);
INSERT INTO webshop.characteristics (CharacteristicID, CharacteristicTypeID, Value, ProductID) VALUES (2336, 4, "DVI DisplayPort HDMI", 120);
INSERT INTO webshop.characteristics (CharacteristicID, CharacteristicTypeID, Value, ProductID) VALUES (2337, 5, "Есть", 120);
INSERT INTO webshop.characteristics (CharacteristicID, CharacteristicTypeID, Value, ProductID) VALUES (2338, 6, "8000 МГц", 120);
INSERT INTO webshop.characteristics (CharacteristicID, CharacteristicTypeID, Value, ProductID) VALUES (2339, 7, "266 x 102 мм", 120);
INSERT INTO webshop.characteristics (CharacteristicID, CharacteristicTypeID, Value, ProductID) VALUES (2340, 8, "500 Вт", 120);
INSERT INTO webshop.characteristics (CharacteristicID, CharacteristicTypeID, Value, ProductID) VALUES (2341, 9, "GeForce GTX 1070 Ti", 120);
INSERT INTO webshop.characteristics (CharacteristicID, CharacteristicTypeID, Value, ProductID) VALUES (2342, 19, "GDDR5", 120);
INSERT INTO webshop.characteristics (CharacteristicID, CharacteristicTypeID, Value, ProductID) VALUES (2343, 20, "24 месяца", 120);
INSERT INTO webshop.characteristics (CharacteristicID, CharacteristicTypeID, Value, ProductID) VALUES (2344, 21, "1", 120);
INSERT INTO webshop.characteristics (CharacteristicID, CharacteristicTypeID, Value, ProductID) VALUES (2345, 22, "Стандартная", 120);
INSERT INTO webshop.characteristics (CharacteristicID, CharacteristicTypeID, Value, ProductID) VALUES (2346, 12, "256 бит", 120);
INSERT INTO webshop.characteristics (CharacteristicID, CharacteristicTypeID, Value, ProductID) VALUES (2347, 23, "DirectX 12, OpenGL 4.5", 120);
INSERT INTO webshop.characteristics (CharacteristicID, CharacteristicTypeID, Value, ProductID) VALUES (2348, 13, "Нет", 120);
INSERT INTO webshop.characteristics (CharacteristicID, CharacteristicTypeID, Value, ProductID) VALUES (2349, 25, "8 ГБ", 120);
INSERT INTO webshop.characteristics (CharacteristicID, CharacteristicTypeID, Value, ProductID) VALUES (2350, 26, "Радиатор + 2 x вентилятора", 120);
INSERT INTO webshop.images (ImageID, Url, ProductID) VALUES (610, "https://i2.rozetka.ua/goods/2337982/inno3d_n107t_1sdn_p5dn_images_2337982697.jpg", 120);
INSERT INTO webshop.images (ImageID, Url, ProductID) VALUES (611, "https://i1.rozetka.ua/goods/2337982/inno3d_n107t_1sdn_p5dn_images_2337982801.jpg", 120);
INSERT INTO webshop.comments (CommentID, Nickname, Rating, Message, Date, ProductID) VALUES (304, "Богдан", 0, "Запускал новый КОД, ультра 80-90 фпс, проседает мнимум до 75. Форза хорайзон 3, ультра - минимальный показатель фпс - 80. Еще играю в доту, ну тут нечего сказать, 140 кадров минимум) Достоинства: Тянет все, на ультра (фуллшд, для 4к - маловато ее) Недостатки: Цена кусючая", "2018-1-3", 120);
INSERT INTO webshop.comments (CommentID, Nickname, Rating, Message, Date, ProductID) VALUES (305, "Николай", 0, "Раскроет ли процессор i7 920 box 2,6 ггц данную видеокарту,и станет ли она на мать Asus P6T,спасибо за ответ.С Уважением Николай. Достоинства: Пока неизвестно Недостатки: Пока неизвестно", "2018-0-4", 120);
-- =====================================================================
INSERT INTO webshop.products (ProductID, ProductTypeID, Title, Description, Price) VALUES (121, 6, "INNO3D PCI-Ex GeForce GTX 1080 TWIN X2 8GB GDDR5X (256bit) (1607/10000) (DVI, HDMI, 3 x DisplayPort) (N1080-1SDN-P6DN)", "GeForce GTX 1080 — самая высокопроизводительная игровая видеокарта на планете, на сегодняшний день. Next-Gen Gaming Technologies — nVidia Pascal Архитектура Pascal удовлетворяет требованиям дисплеев нового поколения, включая VR-дисплеи и дисплеи ультравысокого разрешения, поддерживая подключение нескольких мониторов. Она оснащена технологиями NVIDIA GameWorks, которые обеспечивают плавный и кинематографичный игровой процесс. Кроме того, она поддерживает революционную технологию для записи изображения с охватом в 360 градусов. VR Ready! Откройте для себя виртуальную реальность нового поколения, низкие задержки и совместимость plug-and-play с лучшими VR-гарнитурами — все это благодаря технологиям NVIDIA VRWorks. Звуковое сопровождение, физика и тактильные ощущения в VR позволят вам прочувствовать каждый момент игрового процесса. Производительность Видеокарты на базе архитектуры Pascal обеспечивают высочайшую производительность и энергоэффективность. Они созданы с использованием сверскоростной технологии FinFET и поддерживают DirectX 12 для самого быстрого, плавного и энергоэффективного игрового процесса. GeForce GTX 1080, флагманский GPU с архитектурой Pascal, имеет высокоскоростную память GDDR5X для обеспечения невероятных игровых возможностей. Расширенный набор интерфейсов GeForce GTX 1080 имеет 5 портов: 1 x DVI 3 x DisplayPort 1.4 1 x HDMI 2.0b", 10620);
INSERT INTO webshop.characteristics (CharacteristicID, CharacteristicTypeID, Value, ProductID) VALUES (2351, 1, "PCI-Express x16 3.0", 121);
INSERT INTO webshop.characteristics (CharacteristicID, CharacteristicTypeID, Value, ProductID) VALUES (2352, 2, "Базовая: 1607 МГц В режиме разгона: 1733 МГц", 121);
INSERT INTO webshop.characteristics (CharacteristicID, CharacteristicTypeID, Value, ProductID) VALUES (2353, 16, "7680x4320", 121);
INSERT INTO webshop.characteristics (CharacteristicID, CharacteristicTypeID, Value, ProductID) VALUES (2354, 17, "Активная", 121);
INSERT INTO webshop.characteristics (CharacteristicID, CharacteristicTypeID, Value, ProductID) VALUES (2355, 3, "8 pin", 121);
INSERT INTO webshop.characteristics (CharacteristicID, CharacteristicTypeID, Value, ProductID) VALUES (2356, 4, "DVI DisplayPort HDMI", 121);
INSERT INTO webshop.characteristics (CharacteristicID, CharacteristicTypeID, Value, ProductID) VALUES (2357, 5, "Есть", 121);
INSERT INTO webshop.characteristics (CharacteristicID, CharacteristicTypeID, Value, ProductID) VALUES (2358, 6, "10 ГГц", 121);
INSERT INTO webshop.characteristics (CharacteristicID, CharacteristicTypeID, Value, ProductID) VALUES (2359, 7, "266 x 111 мм", 121);
INSERT INTO webshop.characteristics (CharacteristicID, CharacteristicTypeID, Value, ProductID) VALUES (2360, 8, "500 Вт", 121);
INSERT INTO webshop.characteristics (CharacteristicID, CharacteristicTypeID, Value, ProductID) VALUES (2361, 9, "GeForce GTX 1080", 121);
INSERT INTO webshop.characteristics (CharacteristicID, CharacteristicTypeID, Value, ProductID) VALUES (2362, 19, "GDDR5X", 121);
INSERT INTO webshop.characteristics (CharacteristicID, CharacteristicTypeID, Value, ProductID) VALUES (2363, 20, "36 месяцев", 121);
INSERT INTO webshop.characteristics (CharacteristicID, CharacteristicTypeID, Value, ProductID) VALUES (2364, 21, "1", 121);
INSERT INTO webshop.characteristics (CharacteristicID, CharacteristicTypeID, Value, ProductID) VALUES (2365, 22, "Стандартная", 121);
INSERT INTO webshop.characteristics (CharacteristicID, CharacteristicTypeID, Value, ProductID) VALUES (2366, 12, "256 бит", 121);
INSERT INTO webshop.characteristics (CharacteristicID, CharacteristicTypeID, Value, ProductID) VALUES (2367, 23, "DirectX 12, OpenGL 4.5", 121);
INSERT INTO webshop.characteristics (CharacteristicID, CharacteristicTypeID, Value, ProductID) VALUES (2368, 13, "Нет", 121);
INSERT INTO webshop.characteristics (CharacteristicID, CharacteristicTypeID, Value, ProductID) VALUES (2369, 25, "8 ГБ", 121);
INSERT INTO webshop.characteristics (CharacteristicID, CharacteristicTypeID, Value, ProductID) VALUES (2370, 26, "Радиатор + 2 x Вентилятора", 121);
INSERT INTO webshop.images (ImageID, Url, ProductID) VALUES (612, "https://i2.rozetka.ua/goods/1636985/inno3d_n1080_1sdn_p6dn_images_1636985956.jpg", 121);
INSERT INTO webshop.images (ImageID, Url, ProductID) VALUES (613, "https://i2.rozetka.ua/goods/1636985/inno3d_n1080_1sdn_p6dn_images_1636985865.jpg", 121);
INSERT INTO webshop.comments (CommentID, Nickname, Rating, Message, Date, ProductID) VALUES (306, "Саша", 0, "Процессор Intel Core i7-4770K 3.5GHz/5GT/s/8MB раскроет эту видеокарту на 100%?", "2017-10-4", 121);
INSERT INTO webshop.comments (CommentID, Nickname, Rating, Message, Date, ProductID) VALUES (307, "Александр Владимирович", 5, "Хорошая цена за карту. На антистатическом пакете писало про ”Изготовлена не для майнинга. В случае замеченных воздействий последнего - аннулируем гарантию” или что то в этом роде. Благо, взята для рендера в Redshiftt к паре 70ток указанных выше. Достоинства: Красивый дизайн, маленькая (в сравнении с Палит Джетстрим, и Асус Стрикс). Почти весь кожух - металл. Разьем 8пин. До воли тихая. Коврик для мышки. Недостатки: Из-за размера по высоте, не возможно поставить мостик Sli, тот который на текстолите напечатан. Нет полной остановки вертушек. Возможно хотелось, что бы логотип подсвечивался. Но это мелочи.", "2017-10-4", 121);
INSERT INTO webshop.comments (CommentID, Nickname, Rating, Message, Date, ProductID) VALUES (308, "agurchic2227", 0, "I5-7400 справится?", "2017-7-0", 121);
-- =====================================================================
INSERT INTO webshop.products (ProductID, ProductTypeID, Title, Description, Price) VALUES (122, 6, "INNO3D PCI-Ex GeForce GTX 1080 Ti iChill HerculeZ X2 11GB GDDR5X (352bit) (1480/11000) (DVI, HDMI, 3 x DisplayPort) (N108T-1SDN-Q6MN)", "INNO3D iChill — линейка видеокарт Innovision Multimedia, специально адаптированная под геймеров и оверклокеров. Графические адаптеры данного семейства обладают следующими преимуществами: Оснащаются мощными системами охлаждения от ведущих производителей; Имеют пониженный уровень шума; Выделяются эксклюзивным внешним видом и дизайном; Создаются исключительно на базе высококлассных компонентов топового уровня и улучшенных РСВ; Имеют позолоченные контакты выходных разъемов. Видеокарты iChill часто являются лучшими в своем классе, завоевали множество престижных наград от ведущих тестовых лабораторий мира. NVIDIA GeForce GTX 1080 Ti — самая технически продвинутая игровая видеокарта на планете, на сегодняшний день. Видеокарта NVIDIA GTX 1080 Ti основана на новой архитектуре Pascal, а также имеет на борту 11 ГБ памяти GDDR5X. Поддерживает предельно высокое разрешение экрана! Next-Gen Gaming Technologies — nVidia Pascal GeForce GTX 1080 Ti использует мощь Pascal для удовлетворения требований новейших дисплеев, а также VR, ультравысокого разрешения, в том числе с несколькими мониторами. Графический процессор, исполнен по 16-нанометровой технологи FinFET. VR Ready! Откройте для себя виртуальную реальность нового поколения, минимальные задержки и совместимость (Plug-and-Play) с лучшими VR-гарнитурами – все это благодаря технологиям NVIDIA VRWorks. Звуковое сопровождение, физика и тактильные ощущения в VR позволят вам прочувствовать каждый момент игрового процесса. Производительность Видеокарты на базе архитектуры Pascal обеспечивают высочайшую производительность и энергоэффективность. Они созданы с использованием сверскоростной технологии FinFET и поддерживают DirectX 12 для самого быстрого, плавного и энергоэффективного игрового процесса. GeForce GTX 1080 Ti, флагманский GPU с архитектурой Pascal, имеет высокоскоростную память GDDR5X для обеспечения невероятных игровых возможностей. Расширенный набор интерфейсов GeForce GTX 1080 Ti имеет 5 портов: 1 x DVI 3 x DisplayPort 1.4 1 x HDMI 2.0b", 13749);
INSERT INTO webshop.characteristics (CharacteristicID, CharacteristicTypeID, Value, ProductID) VALUES (2371, 1, "PCI-Express x16 3.0", 122);
INSERT INTO webshop.characteristics (CharacteristicID, CharacteristicTypeID, Value, ProductID) VALUES (2372, 2, "Базовая: 1480 МГц В режиме разгона: 1582 МГц", 122);
INSERT INTO webshop.characteristics (CharacteristicID, CharacteristicTypeID, Value, ProductID) VALUES (2373, 16, "7680x4320", 122);
INSERT INTO webshop.characteristics (CharacteristicID, CharacteristicTypeID, Value, ProductID) VALUES (2374, 17, "Активная", 122);
INSERT INTO webshop.characteristics (CharacteristicID, CharacteristicTypeID, Value, ProductID) VALUES (2375, 3, "6 + 8 pin", 122);
INSERT INTO webshop.characteristics (CharacteristicID, CharacteristicTypeID, Value, ProductID) VALUES (2376, 4, "DVI DisplayPort HDMI", 122);
INSERT INTO webshop.characteristics (CharacteristicID, CharacteristicTypeID, Value, ProductID) VALUES (2377, 5, "Есть", 122);
INSERT INTO webshop.characteristics (CharacteristicID, CharacteristicTypeID, Value, ProductID) VALUES (2378, 6, "11000 МГц", 122);
INSERT INTO webshop.characteristics (CharacteristicID, CharacteristicTypeID, Value, ProductID) VALUES (2379, 7, "266 x 102 мм", 122);
INSERT INTO webshop.characteristics (CharacteristicID, CharacteristicTypeID, Value, ProductID) VALUES (2380, 8, "600 Вт", 122);
INSERT INTO webshop.characteristics (CharacteristicID, CharacteristicTypeID, Value, ProductID) VALUES (2381, 9, "GeForce GTX 1080 Ti", 122);
INSERT INTO webshop.characteristics (CharacteristicID, CharacteristicTypeID, Value, ProductID) VALUES (2382, 19, "GDDR5X", 122);
INSERT INTO webshop.characteristics (CharacteristicID, CharacteristicTypeID, Value, ProductID) VALUES (2383, 20, "24 месяца", 122);
INSERT INTO webshop.characteristics (CharacteristicID, CharacteristicTypeID, Value, ProductID) VALUES (2384, 21, "1", 122);
INSERT INTO webshop.characteristics (CharacteristicID, CharacteristicTypeID, Value, ProductID) VALUES (2385, 22, "Стандартная", 122);
INSERT INTO webshop.characteristics (CharacteristicID, CharacteristicTypeID, Value, ProductID) VALUES (2386, 12, "352 бит", 122);
INSERT INTO webshop.characteristics (CharacteristicID, CharacteristicTypeID, Value, ProductID) VALUES (2387, 23, "DirectX 12, OpenGL 4.5", 122);
INSERT INTO webshop.characteristics (CharacteristicID, CharacteristicTypeID, Value, ProductID) VALUES (2388, 13, "Нет", 122);
INSERT INTO webshop.characteristics (CharacteristicID, CharacteristicTypeID, Value, ProductID) VALUES (2389, 25, "11 ГБ", 122);
INSERT INTO webshop.characteristics (CharacteristicID, CharacteristicTypeID, Value, ProductID) VALUES (2390, 26, "Радиатор + 2 x Вентилятора", 122);
INSERT INTO webshop.images (ImageID, Url, ProductID) VALUES (614, "https://i2.rozetka.ua/goods/2335429/inno3d_n108t_1sdn_q6mn_images_2335429449.jpg", 122);
INSERT INTO webshop.images (ImageID, Url, ProductID) VALUES (615, "https://i2.rozetka.ua/goods/2335429/inno3d_n108t_1sdn_q6mn_images_2335429553.jpg", 122);
INSERT INTO webshop.comments (CommentID, Nickname, Rating, Message, Date, ProductID) VALUES (309, "Андрей Иванец", 0, "Операционка стоит на SSD Kingston HyperX 3K 120GB 2.5” SATAIII MLC (SH103S3/120G OEM) Игры на Kingston HyperX Savage 240GB 2.5” SATAIII MLC (SHSS37A/240G) Процессор Intel Core i5-3550 3.3GHz/5GT/s/6MB (BX80637I53550) s1155 BOX Память Kingston DDR3-1600 8192MB PC3-12800... Еще (KVR16N11/8_KVR16N11H/8) и Память Kingston DDR3-1333 4096MB PC3-10600 (KVR13N9/4-SEBK) Материнская плата Asus P8Z77-V Deluxe (s1155, Intel Z77, PCI-Ex16) Блок питания Chieftec APS-800C 800W Эта видеокарта будет нормально работать или вообще не запуститься?? Подробнее: https://my.rozetka.com.ua/profile/reviews/", "2018-1-3", 122);
INSERT INTO webshop.comments (CommentID, Nickname, Rating, Message, Date, ProductID) VALUES (310, "Денис Калинин", 0, "Розкриє чи данну карту процессор fx6300 материнка на z970 чипсеті", "2018-0-0", 122);
-- =====================================================================
INSERT INTO webshop.products (ProductID, ProductTypeID, Title, Description, Price) VALUES (123, 6, "MSI PCI-Ex GeForce GTX 1050 OC 2GB GDDR5 (128bit) (1404/7008) (DVI, HDMI, DisplayPort) (GTX 1050 2G OC)", "Мощная игровая платформа на базе ПК GeForce GTX демонстрирует наивысшую производительность и поддерживает передовые технологии NVIDIA GameWorks и GeForce Experience в самых современных компьютерных играх. Передовые игровые технологии Ядро Pascal разработано специально для работы с дисплеями следующего поколения, включая решения для виртуальной реальности, ультравысокое разрешение и подключение нескольких мониторов. Технологии NVIDIA GameWorks обеспечивают максимально плавный геймплей и кинематографическое качество. Кроме этого, становится возможным осуществлять захват видео с революционно новыми возможностями — углом обзора 360 градусов. Производительность Видеокарта на основе графического ядра Pascal демонстрирует высочайшую производительность и энергоэффективность, а такие особенности как, ультрабыстрые транзисторы FinFET и поддержка DirectX 12, способствуют плавному геймплею и высокой скорости в играх. Компоненты Military Class 4 Одним из решающих факторов в производительности является качество используемых компонентов. Вот почему MSI использует только MIL-STD-810G сертифицированные компоненты. Только эти компоненты оказались в состоянии выдержать напряженные условия экстремального гейминга и разгона. Твердотельные конденсаторы Solid CAP с их алюминиевым сердечником долгое время являются одним из определяющих факторов в дизайне, так как обеспечивают более низкое эквивалентное последовательное сопротивление (ESR), а также 10-летний срок службы. NVIDIA G-SYNC Плавный, быстрый, завораживающий реалистичностью геймплей без разрывов картинки, дрожания изображения и лагов. Afterburner MSI Afterburner – это самое популярное приложение в мире для разгона графических карт, которое позволяет получить полный контроль над видеокартой. Утилита также позволяет получать исчерпывающую информацию об аппаратной части вашего ПК, производить настройку работы вентиляторов, осуществлять запись видео и выполнять тестирование.", 11828);
INSERT INTO webshop.characteristics (CharacteristicID, CharacteristicTypeID, Value, ProductID) VALUES (2391, 1, "PCI-Express x16 3.0", 123);
INSERT INTO webshop.characteristics (CharacteristicID, CharacteristicTypeID, Value, ProductID) VALUES (2392, 2, "Базовая частота: 1404 МГц В режиме разгона: 1518 МГц", 123);
INSERT INTO webshop.characteristics (CharacteristicID, CharacteristicTypeID, Value, ProductID) VALUES (2393, 16, "7680x4320", 123);
INSERT INTO webshop.characteristics (CharacteristicID, CharacteristicTypeID, Value, ProductID) VALUES (2394, 17, "Активная", 123);
INSERT INTO webshop.characteristics (CharacteristicID, CharacteristicTypeID, Value, ProductID) VALUES (2395, 3, "Нет", 123);
INSERT INTO webshop.characteristics (CharacteristicID, CharacteristicTypeID, Value, ProductID) VALUES (2396, 4, "DVI DisplayPort HDMI", 123);
INSERT INTO webshop.characteristics (CharacteristicID, CharacteristicTypeID, Value, ProductID) VALUES (2397, 5, "Нет", 123);
INSERT INTO webshop.characteristics (CharacteristicID, CharacteristicTypeID, Value, ProductID) VALUES (2398, 6, "7008 МГц", 123);
INSERT INTO webshop.characteristics (CharacteristicID, CharacteristicTypeID, Value, ProductID) VALUES (2399, 7, "177 x 118 x 34 мм", 123);
INSERT INTO webshop.characteristics (CharacteristicID, CharacteristicTypeID, Value, ProductID) VALUES (2400, 8, "300 Вт", 123);
INSERT INTO webshop.characteristics (CharacteristicID, CharacteristicTypeID, Value, ProductID) VALUES (2401, 9, "GeForce GTX 1050", 123);
INSERT INTO webshop.characteristics (CharacteristicID, CharacteristicTypeID, Value, ProductID) VALUES (2402, 19, "GDDR5", 123);
INSERT INTO webshop.characteristics (CharacteristicID, CharacteristicTypeID, Value, ProductID) VALUES (2403, 20, "36 месяцев", 123);
INSERT INTO webshop.characteristics (CharacteristicID, CharacteristicTypeID, Value, ProductID) VALUES (2404, 21, "1", 123);
INSERT INTO webshop.characteristics (CharacteristicID, CharacteristicTypeID, Value, ProductID) VALUES (2405, 22, "Мини", 123);
INSERT INTO webshop.characteristics (CharacteristicID, CharacteristicTypeID, Value, ProductID) VALUES (2406, 12, "128 бит", 123);
INSERT INTO webshop.characteristics (CharacteristicID, CharacteristicTypeID, Value, ProductID) VALUES (2407, 23, "DirectX 12, OpenGL 4.5", 123);
INSERT INTO webshop.characteristics (CharacteristicID, CharacteristicTypeID, Value, ProductID) VALUES (2408, 13, "Нет", 123);
INSERT INTO webshop.characteristics (CharacteristicID, CharacteristicTypeID, Value, ProductID) VALUES (2409, 25, "2 ГБ", 123);
INSERT INTO webshop.characteristics (CharacteristicID, CharacteristicTypeID, Value, ProductID) VALUES (2410, 26, "Вентилятор + радиатор", 123);
INSERT INTO webshop.images (ImageID, Url, ProductID) VALUES (616, "https://i2.rozetka.ua/goods/1780693/msi_gtx_1050_2g_oc_images_1780693602.jpg", 123);
INSERT INTO webshop.images (ImageID, Url, ProductID) VALUES (617, "https://i2.rozetka.ua/goods/1780693/msi_gtx_1050_2g_oc_images_1780693140.jpg", 123);
INSERT INTO webshop.images (ImageID, Url, ProductID) VALUES (618, "https://i1.rozetka.ua/goods/1780693/msi_gtx_1050_2g_oc_images_1780693441.jpg", 123);
INSERT INTO webshop.images (ImageID, Url, ProductID) VALUES (619, "https://i1.rozetka.ua/goods/1780693/msi_gtx_1050_2g_oc_images_1780693329.jpg", 123);
INSERT INTO webshop.images (ImageID, Url, ProductID) VALUES (620, "https://i2.rozetka.ua/goods/1780692/msi_gtx_1050_2g_oc_images_1780692923.jpg", 123);
INSERT INTO webshop.comments (CommentID, Nickname, Rating, Message, Date, ProductID) VALUES (311, "Гость", 0, "Cкажите пожалуйтса ! Подойдет ли данная видеокарта на материнскую плату ASUS M5A78L-M LX3 .", "2018-1-5", 123);
INSERT INTO webshop.comments (CommentID, Nickname, Rating, Message, Date, ProductID) VALUES (312, "Владимир Чалый", 0, "Давно стоит эта видеокарта, работает отменно и жалоб нет. Хочу подобрать процессор для максимальной синергии (сейчас стоит Pentium G4400 3.3GHz/8GT/s/3MB). Думаю купить 4-х ядерный т.к 2-х не хватает, только частота радует. Мне интересны все варианты.", "2018-1-3", 123);
INSERT INTO webshop.comments (CommentID, Nickname, Rating, Message, Date, ProductID) VALUES (313, "Светлана Вершинина", 0, "Подскажите пожалуйста, какое отличие этой видеокарты, от этой https://hard.rozetka.com.ua/msi_gtx_1050_aero_itx_2g_oc/p15225031/#?", "2018-1-3", 123);
-- =====================================================================
INSERT INTO webshop.products (ProductID, ProductTypeID, Title, Description, Price) VALUES (124, 6, "MSI PCI-Ex GeForce GTX 1050 Aero ITX OCV1 2GB GDDR5 (128bit) (1404/7008) (DVI, HDMI, DisplayPort) (GTX 1050 AERO ITX 2G OCV1)", "Мощная игровая платформа на базе ПК Драйверы Game Ready для GeForce GTX демонстрирует наивысшую производительность и поддерживает передовые технологии NVIDIA GameWorks и GeForce Experience в самых современных компьютерных играх. Передовые игровые технологии Ядро Pascal разработано специально для работы с дисплеями следующего поколения, включая решения для виртуальной реальности, ультра-высокое разрешение и подключение нескольких мониторов. Технологии NVIDIA GameWorks обеспечивают максимально плавный геймплей и кинематографическое качество. Кроме этого, становится возможным осуществлять захват видео с революционно новыми возможностями — углом обзора 360 градусов. Производительность Видеокарты на основе графического ядра Pascal демонстрируют высочайшую производительность и энергоэффективность, а такие особенности как, ультрабыстрые транзисторы FinFET и поддержка DirectX 12, способствуют плавному геймплею и высокой скорости в играх. Компоненты Military Class 4 Одним из определяющих факторов в вопросе высокой производительности является качество используемых компонентов. Вот почему MSI использует электронные компоненты, сертифицированные по стандарту MIL-STD-810G. Доказано, что эти компоненты имеют высокий уровень надежности, достаточный для работы в жестких условиях экстремальных, игровых нагрузок и при разгоне в течение продолжительного времени использования. Специальные конденсаторы Hi-c CAP обеспечивают стабильное питание графического процессора и способствуют высоким показателям при разгоне. Используемые твердотельные конденсаторы имеют экстремально-высокую надежность и улучшенную эффективность. Будущее гейминга Плавный, быстрый, завораживающий реалистичностью геймплей без разрывов картинки, дрожания изображения и лагов. Изображение сверхвысокой четкости (UHD) является в четыре раза более четким по сравнению с изображением 1080p. Высочайшая детализация картинки способствует более резкому и четкому изображению во время игры. Afterburner MSI Afterburner – это самое популярное приложение в мире для разгона графических карт, которое позволяет получить полный контроль над видеокартой. Утилита также позволяет получать исчерпывающую информацию об аппаратной части вашего ПК, производить настройку работы вентиляторов, осуществлять запись видео и выполнять тестирование.", 16512);
INSERT INTO webshop.characteristics (CharacteristicID, CharacteristicTypeID, Value, ProductID) VALUES (2411, 1, "PCI-Express x16 3.0", 124);
INSERT INTO webshop.characteristics (CharacteristicID, CharacteristicTypeID, Value, ProductID) VALUES (2412, 2, "Базовая частота: 1404 МГц В режиме разгона: 1518 МГц", 124);
INSERT INTO webshop.characteristics (CharacteristicID, CharacteristicTypeID, Value, ProductID) VALUES (2413, 16, "7680x4320", 124);
INSERT INTO webshop.characteristics (CharacteristicID, CharacteristicTypeID, Value, ProductID) VALUES (2414, 17, "Активная", 124);
INSERT INTO webshop.characteristics (CharacteristicID, CharacteristicTypeID, Value, ProductID) VALUES (2415, 3, "Нет", 124);
INSERT INTO webshop.characteristics (CharacteristicID, CharacteristicTypeID, Value, ProductID) VALUES (2416, 4, "DVI DisplayPort HDMI", 124);
INSERT INTO webshop.characteristics (CharacteristicID, CharacteristicTypeID, Value, ProductID) VALUES (2417, 5, "Нет", 124);
INSERT INTO webshop.characteristics (CharacteristicID, CharacteristicTypeID, Value, ProductID) VALUES (2418, 6, "7008 МГц", 124);
INSERT INTO webshop.characteristics (CharacteristicID, CharacteristicTypeID, Value, ProductID) VALUES (2419, 7, "170 x 111 x 39 мм", 124);
INSERT INTO webshop.characteristics (CharacteristicID, CharacteristicTypeID, Value, ProductID) VALUES (2420, 8, "300 Вт", 124);
INSERT INTO webshop.characteristics (CharacteristicID, CharacteristicTypeID, Value, ProductID) VALUES (2421, 9, "GeForce GTX 1050", 124);
INSERT INTO webshop.characteristics (CharacteristicID, CharacteristicTypeID, Value, ProductID) VALUES (2422, 19, "GDDR5", 124);
INSERT INTO webshop.characteristics (CharacteristicID, CharacteristicTypeID, Value, ProductID) VALUES (2423, 20, "36 месяцев", 124);
INSERT INTO webshop.characteristics (CharacteristicID, CharacteristicTypeID, Value, ProductID) VALUES (2424, 21, "1", 124);
INSERT INTO webshop.characteristics (CharacteristicID, CharacteristicTypeID, Value, ProductID) VALUES (2425, 22, "Мини", 124);
INSERT INTO webshop.characteristics (CharacteristicID, CharacteristicTypeID, Value, ProductID) VALUES (2426, 12, "128 бит", 124);
INSERT INTO webshop.characteristics (CharacteristicID, CharacteristicTypeID, Value, ProductID) VALUES (2427, 23, "DirectX 12, OpenGL 4.5", 124);
INSERT INTO webshop.characteristics (CharacteristicID, CharacteristicTypeID, Value, ProductID) VALUES (2428, 13, "Нет", 124);
INSERT INTO webshop.characteristics (CharacteristicID, CharacteristicTypeID, Value, ProductID) VALUES (2429, 25, "2 ГБ", 124);
INSERT INTO webshop.characteristics (CharacteristicID, CharacteristicTypeID, Value, ProductID) VALUES (2430, 26, "Радиатор + вентилятор", 124);
INSERT INTO webshop.images (ImageID, Url, ProductID) VALUES (621, "https://i2.rozetka.ua/goods/2436737/msi_gtx_1050_aero_itx_2g_ocv1_images_2436737961.jpg", 124);
INSERT INTO webshop.images (ImageID, Url, ProductID) VALUES (622, "https://i1.rozetka.ua/goods/2436738/msi_gtx_1050_aero_itx_2g_ocv1_images_2436738065.jpg", 124);
INSERT INTO webshop.images (ImageID, Url, ProductID) VALUES (623, "https://i2.rozetka.ua/goods/2436738/msi_gtx_1050_aero_itx_2g_ocv1_images_2436738169.jpg", 124);
INSERT INTO webshop.images (ImageID, Url, ProductID) VALUES (624, "https://i1.rozetka.ua/goods/2436738/msi_gtx_1050_aero_itx_2g_ocv1_images_2436738273.jpg", 124);
INSERT INTO webshop.images (ImageID, Url, ProductID) VALUES (625, "https://i1.rozetka.ua/goods/2436738/msi_gtx_1050_aero_itx_2g_ocv1_images_2436738377.jpg", 124);
INSERT INTO webshop.comments (CommentID, Nickname, Rating, Message, Date, ProductID) VALUES (314, "Коля G.", 0, "Всім хто новачок в цій справі хочу сказати практично всі популярні відеокарти (хоча всі)підійдуть до вашої материнки. Щоб дізнатися як працюватиме Ця відеокарта Ось список- 1050 - + 60-80фпс 1030 - + 30-50фпс 1060 - + 80-120фпс Процесори- Від... Еще intel pentium до intel i5 це буде приблизно 10-30фпс (це середньо в CS-GO) До фпс вибраної відекарти плюсуєте фпс процесора і получаєте середній фпс Ну а память і ssd відповідає за інше Якщо потрібні поради або зауваження до мене пишіть і я постараюся відповісти сподобався репост жміть лайк несподобався дизлайк дакую що дочитали до кінця Достоинства: Загалом вона одна з найсильніших серед 1050 за свою ціну-якість Недостатки: Максимально грілася до 67*", "2018-1-3", 124);
INSERT INTO webshop.comments (CommentID, Nickname, Rating, Message, Date, ProductID) VALUES (315, "Владимир Арнаут", 0, "Вопрос к представителю компании MSI: Для чего был запущен в продажу данный конкретный продукт и в чём его отличие от уже присутствующих на рынке - MSI GeForce GTX1050 2048Mb OC и GeForce GTX 1050 AERO ITX 2G OC ну и т.д.? Просто выбираю одну из них для компактной сборки. Заранее спасибо за ответ!", "2018-1-1", 124);
INSERT INTO webshop.comments (CommentID, Nickname, Rating, Message, Date, ProductID) VALUES (316, "Владислав", 0, "Подойдет ди к материнке ASRock 960GM ?", "2017-11-2", 124);
-- =====================================================================
INSERT INTO webshop.products (ProductID, ProductTypeID, Title, Description, Price) VALUES (125, 6, "MSI PCI-Ex GeForce GTX 1050 Ti 4GT OC 4GB GDDR5 (128bit) (1341/7009) (DVI, HDMI, DisplayPort) (GTX 1050 TI 4GT OC)", "Мощная игровая платформа на базе ПК GeForce GTX демонстрирует наивысшую производительность и поддерживает передовые технологии NVIDIA GameWorks и GeForce Experience в самых современных компьютерных играх. Передовые игровые технологии Ядро Pascal разработано специально для работы с дисплеями следующего поколения, включая решения для виртуальной реальности, ультравысокое разрешение и подключение нескольких мониторов. Технологии NVIDIA GameWorks обеспечивают максимально плавный геймплей и кинематографическое качество. Кроме этого, становится возможным осуществлять захват видео с революционно новыми возможностями — углом обзора 360 градусов. Производительность Видеокарта на основе графического ядра Pascal демонстрирует высочайшую производительность и энергоэффективность, а такие особенности как, ультрабыстрые транзисторы FinFET и поддержка DirectX 12, способствуют плавному геймплею и высокой скорости в играх. Система охлаждения с двумя вентиляторами Два вентилятора покрывают большую область радиатора, делая рассеяние тепла более эффективным. Компоненты Military Class 4 Одним из решающих факторов в производительности является качество используемых компонентов. Вот почему MSI использует только MIL-STD-810G сертифицированные компоненты. Только эти компоненты оказались в состоянии выдержать напряженные условия экстремального гейминга и разгона. Твердотельные конденсаторы Solid CAP с их алюминиевым сердечником долгое время являются одним из определяющих факторов в дизайне, так как обеспечивают более низкое эквивалентное последовательное сопротивление (ESR), а также 10-летний срок службы. NVIDIA G-SYNC Плавный, быстрый, завораживающий реалистичностью геймплей без разрывов картинки, дрожания изображения и лагов. Afterburner MSI Afterburner – это самое популярное приложение в мире для разгона графических карт, которое позволяет получить полный контроль над видеокартой. Утилита также позволяет получать исчерпывающую информацию об аппаратной части вашего ПК, производить настройку работы вентиляторов, осуществлять запись видео и выполнять тестирование.", 7531);
INSERT INTO webshop.characteristics (CharacteristicID, CharacteristicTypeID, Value, ProductID) VALUES (2431, 1, "PCI-Express x16 3.0", 125);
INSERT INTO webshop.characteristics (CharacteristicID, CharacteristicTypeID, Value, ProductID) VALUES (2432, 2, "Базовая частота: 1341 МГц В режиме разгона: 1455 МГц", 125);
INSERT INTO webshop.characteristics (CharacteristicID, CharacteristicTypeID, Value, ProductID) VALUES (2433, 16, "7680x4320", 125);
INSERT INTO webshop.characteristics (CharacteristicID, CharacteristicTypeID, Value, ProductID) VALUES (2434, 17, "Активная", 125);
INSERT INTO webshop.characteristics (CharacteristicID, CharacteristicTypeID, Value, ProductID) VALUES (2435, 3, "Нет", 125);
INSERT INTO webshop.characteristics (CharacteristicID, CharacteristicTypeID, Value, ProductID) VALUES (2436, 4, "DVI DisplayPort HDMI", 125);
INSERT INTO webshop.characteristics (CharacteristicID, CharacteristicTypeID, Value, ProductID) VALUES (2437, 5, "Нет", 125);
INSERT INTO webshop.characteristics (CharacteristicID, CharacteristicTypeID, Value, ProductID) VALUES (2438, 6, "7008 МГц", 125);
INSERT INTO webshop.characteristics (CharacteristicID, CharacteristicTypeID, Value, ProductID) VALUES (2439, 7, "215 x 112 x 38 мм", 125);
INSERT INTO webshop.characteristics (CharacteristicID, CharacteristicTypeID, Value, ProductID) VALUES (2440, 8, "300 Вт", 125);
INSERT INTO webshop.characteristics (CharacteristicID, CharacteristicTypeID, Value, ProductID) VALUES (2441, 9, "GeForce GTX 1050 Ti", 125);
INSERT INTO webshop.characteristics (CharacteristicID, CharacteristicTypeID, Value, ProductID) VALUES (2442, 19, "GDDR5", 125);
INSERT INTO webshop.characteristics (CharacteristicID, CharacteristicTypeID, Value, ProductID) VALUES (2443, 20, "36 месяцев", 125);
INSERT INTO webshop.characteristics (CharacteristicID, CharacteristicTypeID, Value, ProductID) VALUES (2444, 21, "1", 125);
INSERT INTO webshop.characteristics (CharacteristicID, CharacteristicTypeID, Value, ProductID) VALUES (2445, 22, "Стандартная", 125);
INSERT INTO webshop.characteristics (CharacteristicID, CharacteristicTypeID, Value, ProductID) VALUES (2446, 12, "128 бит", 125);
INSERT INTO webshop.characteristics (CharacteristicID, CharacteristicTypeID, Value, ProductID) VALUES (2447, 13, "Нет", 125);
INSERT INTO webshop.characteristics (CharacteristicID, CharacteristicTypeID, Value, ProductID) VALUES (2448, 25, "4 ГБ", 125);
INSERT INTO webshop.characteristics (CharacteristicID, CharacteristicTypeID, Value, ProductID) VALUES (2449, 26, "Dual Fan", 125);
INSERT INTO webshop.images (ImageID, Url, ProductID) VALUES (626, "https://i1.rozetka.ua/goods/1770924/msi_gtx_1050_ti_4gt_oc_images_1770924940.jpg", 125);
INSERT INTO webshop.images (ImageID, Url, ProductID) VALUES (627, "https://i2.rozetka.ua/goods/1770926/msi_gtx_1050_ti_4gt_oc_images_1770926123.jpg", 125);
INSERT INTO webshop.images (ImageID, Url, ProductID) VALUES (628, "https://i1.rozetka.ua/goods/1770926/msi_gtx_1050_ti_4gt_oc_images_1770926214.jpg", 125);
INSERT INTO webshop.images (ImageID, Url, ProductID) VALUES (629, "https://i2.rozetka.ua/goods/1770926/msi_gtx_1050_ti_4gt_oc_images_1770926305.jpg", 125);
INSERT INTO webshop.images (ImageID, Url, ProductID) VALUES (630, "https://i2.rozetka.ua/goods/1770926/msi_gtx_1050_ti_4gt_oc_images_1770926396.jpg", 125);
INSERT INTO webshop.images (ImageID, Url, ProductID) VALUES (631, "https://i1.rozetka.ua/goods/1770926/msi_gtx_1050_ti_4gt_oc_images_1770926487.jpg", 125);
INSERT INTO webshop.images (ImageID, Url, ProductID) VALUES (632, "https://i1.rozetka.ua/goods/1770926/msi_gtx_1050_ti_4gt_oc_images_1770926578.jpg", 125);
INSERT INTO webshop.images (ImageID, Url, ProductID) VALUES (633, "https://i1.rozetka.ua/goods/1770926/msi_gtx_1050_ti_4gt_oc_images_1770926669.jpg", 125);
INSERT INTO webshop.comments (CommentID, Nickname, Rating, Message, Date, ProductID) VALUES (317, "Василь Заровецький", 5, "Купляв на розетці в серпні (тоді вона була дешевша). Грав на ній wot, pubg, LoL, fcry4. Wot на макс настройках в сд клієнті все супер, fps в районі 60-100 кадрів. Pubg - на середніх відчутні мікрофрізи фпс 35+-, на мінімалках літає без тормозів. Lol - на макс настройках фпс 120-160, в самих масових... Еще зарубах біля нашора не падає нижче 90. В fcry 4 на середньо-високих лагів немає", "2018-1-2", 125);
INSERT INTO webshop.comments (CommentID, Nickname, Rating, Message, Date, ProductID) VALUES (318, "Гость", 0, "Чи все підібране добре і скіки ФПС буде в ГТА 5 и т.д. Сборка(вмісті с цією відюхою): Материнка: Asus H110M-K (s1151, Intel H110, PCI-Ex16 для 6-7 поколений под сокет LGA1151), Проц: Pentium G4560 3.5GHz/8GT/s/3MB, Ця відюха, ОЗУ: Kingston DDR-4 2133 2x4GB PC4-17000 HyperX, І шо лучше SSD, HDD і на... Еще скільки шоб качати ігри ГТА5, КСГО. PUBG і т.д. Дякую!!! І на скіки БР нада?", "2018-1-2", 125);
INSERT INTO webshop.comments (CommentID, Nickname, Rating, Message, Date, ProductID) VALUES (319, "cortezmvp", 4, "Ребят,стоит брать эту видеокарту или от Asus? Просто цена сильно не отличается , а производители разные", "2018-1-0", 125);
-- =====================================================================
INSERT INTO webshop.products (ProductID, ProductTypeID, Title, Description, Price) VALUES (126, 6, "MSI PCI-Ex GeForce GTX 1050 Ti Aero ITX OCV1 4GB GDDR5 (128bit) (1341/7008) (DVI, HDMI, DisplayPort) (GTX 1050 TI AERO ITX 4G OCV1)", "Мощная игровая платформа на базе ПК Драйверы Game Ready для GeForce GTX демонстрирует наивысшую производительность и поддерживает передовые технологии NVIDIA GameWorks и GeForce Experience в самых современных компьютерных играх. Поддержка решения для виртуальной Откройте для себя новое поколение виртуальной реальности, минимальные задержки и plug-and-play совместимость с самыми популярными гарнитурами. Все это становится возможным благодаря технологиям NVIDIA VRWorks. Виртуальный звук, физика и ощущения позволят вам слышать и чувствовать каждый момент. Передовые игровые технологии Ядро Pascal разработано специально для работы с дисплеями следующего поколения, включая решения для виртуальной реальности, ультра-высокое разрешение и подключение нескольких мониторов. Технологии NVIDIA GameWorks обеспечивают максимально плавный геймплей и кинематографическое качество. Кроме этого, становится возможным осуществлять захват видео с революционно новыми возможностями — углом обзора 360 градусов. Производительность Видеокарты на основе графического ядра Pascal демонстрируют высочайшую производительность и энергоэффективность, а такие особенности как, ультрабыстрые транзисторы FinFET и поддержка DirectX 12, способствуют плавному геймплею и высокой скорости в играх. Компоненты Military Class 4 Одним из определяющих факторов в вопросе высокой производительности является качество используемых компонентов. Вот почему MSI использует электронные компоненты, сертифицированные по стандарту MIL-STD-810G. Доказано, что эти компоненты имеют высокий уровень надежности, достаточный для работы в жестких условиях экстремальных, игровых нагрузок и при разгоне в течение продолжительного времени использования. Специальные конденсаторы Hi-c CAP обеспечивают стабильное питание графического процессора и способствуют высоким показателям при разгоне. Используемые твердотельные конденсаторы имеют экстремально-высокую надежность и улучшенную эффективность. Будущее гейминга Плавный, быстрый, завораживающий реалистичностью геймплей без разрывов картинки, дрожания изображения и лагов. Изображение сверхвысокой четкости (UHD) является в четыре раза более четким по сравнению с изображением 1080p. Высочайшая детализация картинки способствует более резкому и четкому изображению во время игры. Подготовьтесь к эре виртуальной реальности вместе с MSI Для того чтобы в полной мере насладиться впечатляющими мирами виртуальной реальности необходимо высокопроизводительное оборудование. Хотите подготовить вашу систему к поддержке технологий VR? MSI — ведущий мировой бренд в мире high-end гейминга и киберспорта дает совет как это сделать. Объединяя только самые передовые технологии, MSI создает оборудование для приложений виртуальной реальности. MSI переносит любителей компьютерных игр на совершенно новый уровень реализма виртуальной реальности, где игры оживают. Afterburner MSI Afterburner – это самое популярное приложение в мире для разгона графических карт, которое позволяет получить полный контроль над видеокартой. Утилита также позволяет получать исчерпывающую информацию об аппаратной части вашего ПК, производить настройку работы вентиляторов, осуществлять запись видео и выполнять тестирование.", 1738);
INSERT INTO webshop.characteristics (CharacteristicID, CharacteristicTypeID, Value, ProductID) VALUES (2450, 1, "PCI-Express x16 3.0", 126);
INSERT INTO webshop.characteristics (CharacteristicID, CharacteristicTypeID, Value, ProductID) VALUES (2451, 2, "Базовая частота: 1341 МГц В режиме разгона: 1455 МГц", 126);
INSERT INTO webshop.characteristics (CharacteristicID, CharacteristicTypeID, Value, ProductID) VALUES (2452, 16, "7680x4320", 126);
INSERT INTO webshop.characteristics (CharacteristicID, CharacteristicTypeID, Value, ProductID) VALUES (2453, 17, "Активная", 126);
INSERT INTO webshop.characteristics (CharacteristicID, CharacteristicTypeID, Value, ProductID) VALUES (2454, 3, "Нет", 126);
INSERT INTO webshop.characteristics (CharacteristicID, CharacteristicTypeID, Value, ProductID) VALUES (2455, 4, "DVI DisplayPort HDMI", 126);
INSERT INTO webshop.characteristics (CharacteristicID, CharacteristicTypeID, Value, ProductID) VALUES (2456, 5, "Нет", 126);
INSERT INTO webshop.characteristics (CharacteristicID, CharacteristicTypeID, Value, ProductID) VALUES (2457, 6, "7008 МГц", 126);
INSERT INTO webshop.characteristics (CharacteristicID, CharacteristicTypeID, Value, ProductID) VALUES (2458, 7, "170 x 111 x 39 мм", 126);
INSERT INTO webshop.characteristics (CharacteristicID, CharacteristicTypeID, Value, ProductID) VALUES (2459, 8, "300 Вт", 126);
INSERT INTO webshop.characteristics (CharacteristicID, CharacteristicTypeID, Value, ProductID) VALUES (2460, 9, "GeForce GTX 1050 Ti", 126);
INSERT INTO webshop.characteristics (CharacteristicID, CharacteristicTypeID, Value, ProductID) VALUES (2461, 19, "GDDR5", 126);
INSERT INTO webshop.characteristics (CharacteristicID, CharacteristicTypeID, Value, ProductID) VALUES (2462, 20, "36 месяцев", 126);
INSERT INTO webshop.characteristics (CharacteristicID, CharacteristicTypeID, Value, ProductID) VALUES (2463, 21, "1", 126);
INSERT INTO webshop.characteristics (CharacteristicID, CharacteristicTypeID, Value, ProductID) VALUES (2464, 22, "Мини", 126);
INSERT INTO webshop.characteristics (CharacteristicID, CharacteristicTypeID, Value, ProductID) VALUES (2465, 12, "128 бит", 126);
INSERT INTO webshop.characteristics (CharacteristicID, CharacteristicTypeID, Value, ProductID) VALUES (2466, 23, "DirectX 12, OpenGL 4.5", 126);
INSERT INTO webshop.characteristics (CharacteristicID, CharacteristicTypeID, Value, ProductID) VALUES (2467, 13, "Нет", 126);
INSERT INTO webshop.characteristics (CharacteristicID, CharacteristicTypeID, Value, ProductID) VALUES (2468, 25, "4 ГБ", 126);
INSERT INTO webshop.characteristics (CharacteristicID, CharacteristicTypeID, Value, ProductID) VALUES (2469, 26, "Радиатор + вентилятор", 126);
INSERT INTO webshop.images (ImageID, Url, ProductID) VALUES (634, "https://i2.rozetka.ua/goods/2044409/copy_msi_gtx_1050_ti_aero_itx_4g_oc_593fa7467af9a_images_2044409532.jpg", 126);
INSERT INTO webshop.images (ImageID, Url, ProductID) VALUES (635, "https://i2.rozetka.ua/goods/2044410/copy_msi_gtx_1050_ti_aero_itx_4g_oc_593fa7467af9a_images_2044410324.jpg", 126);
INSERT INTO webshop.images (ImageID, Url, ProductID) VALUES (636, "https://i1.rozetka.ua/goods/2044411/copy_msi_gtx_1050_ti_aero_itx_4g_oc_593fa7467af9a_images_2044411368.jpg", 126);
INSERT INTO webshop.images (ImageID, Url, ProductID) VALUES (637, "https://i2.rozetka.ua/goods/2044412/copy_msi_gtx_1050_ti_aero_itx_4g_oc_593fa7467af9a_images_2044412226.jpg", 126);
INSERT INTO webshop.images (ImageID, Url, ProductID) VALUES (638, "https://i1.rozetka.ua/goods/2044413/copy_msi_gtx_1050_ti_aero_itx_4g_oc_593fa7467af9a_images_2044413198.jpg", 126);
INSERT INTO webshop.images (ImageID, Url, ProductID) VALUES (639, "https://i2.rozetka.ua/goods/2044413/copy_msi_gtx_1050_ti_aero_itx_4g_oc_593fa7467af9a_images_2044413774.jpg", 126);
INSERT INTO webshop.images (ImageID, Url, ProductID) VALUES (640, "https://i2.rozetka.ua/goods/2044414/copy_msi_gtx_1050_ti_aero_itx_4g_oc_593fa7467af9a_images_2044414410.jpg", 126);
INSERT INTO webshop.images (ImageID, Url, ProductID) VALUES (641, "https://i1.rozetka.ua/goods/2044415/copy_msi_gtx_1050_ti_aero_itx_4g_oc_593fa7467af9a_images_2044415112.jpg", 126);
INSERT INTO webshop.comments (CommentID, Nickname, Rating, Message, Date, ProductID) VALUES (320, "Александр Тодорович", 0, "На материнку ASUS A68HM-K подойдёт?", "2018-1-2", 126);
INSERT INTO webshop.comments (CommentID, Nickname, Rating, Message, Date, ProductID) VALUES (321, "Павел", 3, "В последних версиях 1050 \ 1050 TI от MSI с приставкой V1 с одним вентилятором 3 фазы питания вместо 4-х. Похоже MSI пошла по пути сомнительной экономии, причем в магазинах об этом не указывают и продают как полноценную версию без приставки V1. Не стоит брать OCV1, она длиннее и имеет... Еще урезанную схему питания. Возможно лучше версия OC, так как питание в ней не урезано. Трещат дроссели при высоком fps. Разочарован. Достоинства: Работает Недостатки: треск дросселей, урезанная схема питания", "2018-1-6", 126);
INSERT INTO webshop.comments (CommentID, Nickname, Rating, Message, Date, ProductID) VALUES (322, "Матвей", 0, "Пойдёт ли к материнке Asus M5A78L LE?", "2018-1-3", 126);
-- =====================================================================
INSERT INTO webshop.products (ProductID, ProductTypeID, Title, Description, Price) VALUES (127, 6, "MSI PCI-Ex GeForce GTX 1050 Ti GAMING X 4GB GDDR5 (128bit) (1354/7008) (DVI, HDMI, DisplayPort) (GTX 1050 TI GAMING X 4G)", "TWIN FROZR VI - непревзойденное охлаждение Новый дизайн TWIN FROZR VI от MSI поднимает планку в воздушном охлаждении видеокарт на неслыханный уровень. Новое охлаждение на 40% тише своего предшественника Twin Frozr V. Разница кроется в деталях. Динамическая LED подсветка Компоненты Military Class Оптимизированный дизайн печатной платы Радиатор Вентилятор TORX 2.0 Технология Zero Frozr TWIN FROZR VI: Низкая температура, бесшумная работа и стабильная производительность Идеально сбалансированное высокоэффективное охлаждение обеспечивает стабильную производительность видеокарты в играх, оставаясь аюбсолютно бесшумным. Низкая температура Максимальная температура при шуме 40дБ (10 минут теста FireStrike) Бесшумная работа Уровень шума Стабильная производительность Стабильная производительностьНестабильность в работе ВЕНТИЛЯТОРЫ TORX 2.0 — КОМАНДНАЯ РАБОТА ДЛЯ БОЛЬШЕЙ ЭФФЕКТИВНОСТИ Так же, как в играх, эксклюзивная технология для вентиляторов MSI TORX 2.0 использует силу командной работы, чтобы Twin Frozr VI смог достичь новых уровней охлаждения. Конструкция вентиляторов TORX 2.0 генерирует на 22% большее давление воздуха для чрезвычайно бесшумной работы в пылу боя. Рассеивающие лопасти вентилятора Традиционные лопасти вентилятора ZERO FROZR — ОСТАВАЙСЯ БЕСШУМНЫМ Впервые представленная MSI в 2008 году технология ZeroFrozr стала сегодня отраслевым стандартом среди графических карт. Она устраняет шум вентилятора, прекращая их вращение в условиях низкой нагрузки. Это означает, что вы можете сосредоточиться на игре без лишнего шума от вентиляторов. > 60°C: Вентиляторы вращаются Вентиляторы вращаются во время интенсивных игр или бенчмаркинга < 60°C: Вентиляторы остановлены Вентиляторы не вращаются во время простоя, мультимедиа или лёгких игр СОЗДАЙ АТМОСФЕРУ С КРУТЫМИ LED-ЕФФЕКТАМИ Каждым светодиодом можно управлять индивидуально, выбирая любой из режимов анимации, доступных в MSI Gaming App, начиная от визуализации вашего внутриигрового звука или музыки до спокойной подсветки, дыхания или даже режима молнии. И конечно, вы можете просто отключить их. Программное обеспечение MSI Gaming App MSI Dragon eye MSI Afterburner XSplit Gamecaster WTFast Поддерживает технологии", 15189);
INSERT INTO webshop.characteristics (CharacteristicID, CharacteristicTypeID, Value, ProductID) VALUES (2470, 1, "PCI-Express x16 3.0", 127);
INSERT INTO webshop.characteristics (CharacteristicID, CharacteristicTypeID, Value, ProductID) VALUES (2471, 2, "Gaming Mode: 1354 МГц (GPU Boost: 1468 МГц) OC Mode: 1379 МГц (GPU Boost: 1493 МГц) Silent Mode: 1290 МГц (GPU Boost: 1392 МГц)", 127);
INSERT INTO webshop.characteristics (CharacteristicID, CharacteristicTypeID, Value, ProductID) VALUES (2472, 16, "7680x4320", 127);
INSERT INTO webshop.characteristics (CharacteristicID, CharacteristicTypeID, Value, ProductID) VALUES (2473, 17, "Активная", 127);
INSERT INTO webshop.characteristics (CharacteristicID, CharacteristicTypeID, Value, ProductID) VALUES (2474, 3, "6 pin", 127);
INSERT INTO webshop.characteristics (CharacteristicID, CharacteristicTypeID, Value, ProductID) VALUES (2475, 4, "DVI DisplayPort HDMI", 127);
INSERT INTO webshop.characteristics (CharacteristicID, CharacteristicTypeID, Value, ProductID) VALUES (2476, 5, "Нет", 127);
INSERT INTO webshop.characteristics (CharacteristicID, CharacteristicTypeID, Value, ProductID) VALUES (2477, 6, "Gaming/Silent Mode: 7008 МГц OC Mode: 7108 МГц", 127);
INSERT INTO webshop.characteristics (CharacteristicID, CharacteristicTypeID, Value, ProductID) VALUES (2478, 7, "229 x 131 x 39 мм", 127);
INSERT INTO webshop.characteristics (CharacteristicID, CharacteristicTypeID, Value, ProductID) VALUES (2479, 8, "300 Вт", 127);
INSERT INTO webshop.characteristics (CharacteristicID, CharacteristicTypeID, Value, ProductID) VALUES (2480, 9, "GeForce GTX 1050 Ti", 127);
INSERT INTO webshop.characteristics (CharacteristicID, CharacteristicTypeID, Value, ProductID) VALUES (2481, 19, "GDDR5", 127);
INSERT INTO webshop.characteristics (CharacteristicID, CharacteristicTypeID, Value, ProductID) VALUES (2482, 20, "36 месяцев", 127);
INSERT INTO webshop.characteristics (CharacteristicID, CharacteristicTypeID, Value, ProductID) VALUES (2483, 21, "1 (DVI-D)", 127);
INSERT INTO webshop.characteristics (CharacteristicID, CharacteristicTypeID, Value, ProductID) VALUES (2484, 22, "Стандартная", 127);
INSERT INTO webshop.characteristics (CharacteristicID, CharacteristicTypeID, Value, ProductID) VALUES (2485, 12, "128 бит", 127);
INSERT INTO webshop.characteristics (CharacteristicID, CharacteristicTypeID, Value, ProductID) VALUES (2486, 13, "Нет", 127);
INSERT INTO webshop.characteristics (CharacteristicID, CharacteristicTypeID, Value, ProductID) VALUES (2487, 25, "4 ГБ", 127);
INSERT INTO webshop.characteristics (CharacteristicID, CharacteristicTypeID, Value, ProductID) VALUES (2488, 26, "TWIN FROZR VI", 127);
INSERT INTO webshop.images (ImageID, Url, ProductID) VALUES (642, "https://i2.rozetka.ua/goods/1770937/copy_msi_gtx_1050_ti_gaming_4g_580e754284336_images_1770937407.jpg", 127);
INSERT INTO webshop.images (ImageID, Url, ProductID) VALUES (643, "https://i1.rozetka.ua/goods/1770937/copy_msi_gtx_1050_ti_gaming_4g_580e754284336_images_1770937498.jpg", 127);
INSERT INTO webshop.images (ImageID, Url, ProductID) VALUES (644, "https://i2.rozetka.ua/goods/1770937/copy_msi_gtx_1050_ti_gaming_4g_580e754284336_images_1770937589.jpg", 127);
INSERT INTO webshop.images (ImageID, Url, ProductID) VALUES (645, "https://i2.rozetka.ua/goods/1770937/copy_msi_gtx_1050_ti_gaming_4g_580e754284336_images_1770937680.jpg", 127);
INSERT INTO webshop.images (ImageID, Url, ProductID) VALUES (646, "https://i1.rozetka.ua/goods/1770937/copy_msi_gtx_1050_ti_gaming_4g_580e754284336_images_1770937771.jpg", 127);
INSERT INTO webshop.images (ImageID, Url, ProductID) VALUES (647, "https://i2.rozetka.ua/goods/1770978/msi_gtx_1050_ti_gaming_x_4g_images_1770978231.jpg", 127);
INSERT INTO webshop.images (ImageID, Url, ProductID) VALUES (648, "https://i1.rozetka.ua/goods/1770979/msi_gtx_1050_ti_gaming_x_4g_images_1770979302.jpg", 127);
INSERT INTO webshop.images (ImageID, Url, ProductID) VALUES (649, "https://i1.rozetka.ua/goods/1770979/msi_gtx_1050_ti_gaming_x_4g_images_1770979610.jpg", 127);
INSERT INTO webshop.images (ImageID, Url, ProductID) VALUES (650, "https://i1.rozetka.ua/goods/1770979/msi_gtx_1050_ti_gaming_x_4g_images_1770979904.jpg", 127);
INSERT INTO webshop.images (ImageID, Url, ProductID) VALUES (651, "https://i2.rozetka.ua/goods/1770980/msi_gtx_1050_ti_gaming_x_4g_images_1770980212.jpg", 127);
INSERT INTO webshop.images (ImageID, Url, ProductID) VALUES (652, "https://i2.rozetka.ua/goods/1770980/msi_gtx_1050_ti_gaming_x_4g_images_1770980422.jpg", 127);
INSERT INTO webshop.images (ImageID, Url, ProductID) VALUES (653, "https://i1.rozetka.ua/goods/1770983/msi_gtx_1050_ti_gaming_x_4g_images_1770983285.jpg", 127);
INSERT INTO webshop.images (ImageID, Url, ProductID) VALUES (654, "https://i2.rozetka.ua/goods/1770983/msi_gtx_1050_ti_gaming_x_4g_images_1770983474.jpg", 127);
INSERT INTO webshop.comments (CommentID, Nickname, Rating, Message, Date, ProductID) VALUES (323, "Михаил Меткалов", 0, "Подойдет ли к материнке gigabyte b85m-ds3h ??", "2018-1-1", 127);
INSERT INTO webshop.comments (CommentID, Nickname, Rating, Message, Date, ProductID) VALUES (324, "Гость", 0, "Здравствуйте! Скажите мой Блок питания на 350w запустит эту видеокарту?", "2018-1-4", 127);
INSERT INTO webshop.comments (CommentID, Nickname, Rating, Message, Date, ProductID) VALUES (325, "Дмитрий Баранник", 0, "Видеокарта довольна хороша. С своими задачами справляется на ура. На данный момент, тянет все топ игры на ”высоких и ультрах”. С виду очень красивая. Довольно тихая и холодная карточка, с разгоном средняя её температура 60-66 градусов. Хороший продукт за такую цену. Достоинства: Это MSI, тихая, холодная, просто шикарная :)) Недостатки: Не выявил.", "2018-1-1", 127);
-- =====================================================================
INSERT INTO webshop.products (ProductID, ProductTypeID, Title, Description, Price) VALUES (128, 6, "MSI PCI-Ex GeForce GTX 1060 OC 6GB GDDR5 (192bit) (1544/8008) (DVI, HDMI, DisplayPort) (GTX 1060 6GT OCV1)", "Самые современные игровые технологии Архитектура Pascal удовлетворяет требованиям дисплеев нового поколения, включая VR-дисплеи и дисплеи ультравысокого разрешения, поддерживая подключение нескольких мониторов. Она оснащена технологиями nVidia GameWorks, которые обеспечивают плавный и кинематографичный игровой процесс. Кроме того, она поддерживает революционную технологию для записи изображения с охватом в 360 градусов. Два вентилятора Два вентилятора покрывают большую площадь радиатора и делают более эффективным рассеивание тепла. Компоненты Military Class 4 Одним из определяющих факторов в вопросе высокой производительности является качество используемых компонентов. Вот почему MSI использует электронные компоненты, сертифицированные по стандарту MIL-STD-810G. Доказано, что эти компоненты имеют высокий уровень надежности, достаточный для работы в жестких условиях экстремальных, игровых нагрузок и при разгоне в течение продолжительного времени использования. Специальные конденсаторы Hi-c CAP обеспечивают стабильное питание графического процессора и способствуют высоким показателям при разгоне. Используемые твердотельные конденсаторы имеют экстремально-высокую надежность и улучшенную эффективность. Будущее гейминга Плавный, быстрый, завораживающий реалистичностью геймплей без разрывов картинки, дрожания изображения и лагов. Изображение сверхвысокой четкости (UHD) является в четыре раза более четким по сравнению с изображением 1080p. Высочайшая детализация картинки способствует более резкому и четкому изображению во время игры. Подготовьтесь к эре виртуальной реальности вместе с MSI Для того чтобы в полной мере насладиться впечатляющими мирами виртуальной реальности необходимо высокопроизводительное оборудование. Хотите подготовить вашу систему к поддержке технологий VR? MSI — ведущий мировой бренд в мире high-end гейминга и киберспорта дает совет как это сделать. Объединяя только самые передовые технологии, MSI создает оборудование для приложений виртуальной реальности. MSI переносит любителей компьютерных игр на совершенно новый уровень реализма виртуальной реальности, где игры оживают. Afterburner MSI Afterburner – это самое популярное приложение в мире для разгона графических карт, которое позволяет получить полный контроль над видеокартой. Утилита также позволяет получать исчерпывающую информацию об аппаратной части вашего ПК, производить настройку работы вентиляторов, осуществлять запись видео и выполнять тестирование.", 1570);
INSERT INTO webshop.characteristics (CharacteristicID, CharacteristicTypeID, Value, ProductID) VALUES (2489, 1, "PCI-Express x16 3.0", 128);
INSERT INTO webshop.characteristics (CharacteristicID, CharacteristicTypeID, Value, ProductID) VALUES (2490, 2, "Базовая частота: 1544 МГц В режиме разгона: 1759 МГц", 128);
INSERT INTO webshop.characteristics (CharacteristicID, CharacteristicTypeID, Value, ProductID) VALUES (2491, 17, "Активная", 128);
INSERT INTO webshop.characteristics (CharacteristicID, CharacteristicTypeID, Value, ProductID) VALUES (2492, 3, "6 pin", 128);
INSERT INTO webshop.characteristics (CharacteristicID, CharacteristicTypeID, Value, ProductID) VALUES (2493, 4, "DVI DisplayPort HDMI", 128);
INSERT INTO webshop.characteristics (CharacteristicID, CharacteristicTypeID, Value, ProductID) VALUES (2494, 5, "Нет", 128);
INSERT INTO webshop.characteristics (CharacteristicID, CharacteristicTypeID, Value, ProductID) VALUES (2495, 6, "8008 МГц", 128);
INSERT INTO webshop.characteristics (CharacteristicID, CharacteristicTypeID, Value, ProductID) VALUES (2496, 7, "247 х 115 х 39 мм", 128);
INSERT INTO webshop.characteristics (CharacteristicID, CharacteristicTypeID, Value, ProductID) VALUES (2497, 8, "400 Вт", 128);
INSERT INTO webshop.characteristics (CharacteristicID, CharacteristicTypeID, Value, ProductID) VALUES (2498, 9, "GeForce GTX 1060", 128);
INSERT INTO webshop.characteristics (CharacteristicID, CharacteristicTypeID, Value, ProductID) VALUES (2499, 19, "GDDR5", 128);
INSERT INTO webshop.characteristics (CharacteristicID, CharacteristicTypeID, Value, ProductID) VALUES (2500, 20, "36 месяцев", 128);
INSERT INTO webshop.characteristics (CharacteristicID, CharacteristicTypeID, Value, ProductID) VALUES (2501, 21, "1", 128);
INSERT INTO webshop.characteristics (CharacteristicID, CharacteristicTypeID, Value, ProductID) VALUES (2502, 22, "Стандартная", 128);
INSERT INTO webshop.characteristics (CharacteristicID, CharacteristicTypeID, Value, ProductID) VALUES (2503, 12, "192 бит", 128);
INSERT INTO webshop.characteristics (CharacteristicID, CharacteristicTypeID, Value, ProductID) VALUES (2504, 23, "DirectX 12, OpenGL 4.5", 128);
INSERT INTO webshop.characteristics (CharacteristicID, CharacteristicTypeID, Value, ProductID) VALUES (2505, 13, "Нет", 128);
INSERT INTO webshop.characteristics (CharacteristicID, CharacteristicTypeID, Value, ProductID) VALUES (2506, 25, "6 ГБ", 128);
INSERT INTO webshop.characteristics (CharacteristicID, CharacteristicTypeID, Value, ProductID) VALUES (2507, 26, "Dual Fans", 128);
INSERT INTO webshop.images (ImageID, Url, ProductID) VALUES (655, "https://i2.rozetka.ua/goods/1704344/copy_msi_gtx_1060_armor_6g_oc_57b71991e0892_images_1704344527.jpg", 128);
INSERT INTO webshop.images (ImageID, Url, ProductID) VALUES (656, "https://i2.rozetka.ua/goods/1704344/copy_msi_gtx_1060_armor_6g_oc_57b71991e0892_images_1704344618.jpg", 128);
INSERT INTO webshop.images (ImageID, Url, ProductID) VALUES (657, "https://i1.rozetka.ua/goods/1704344/copy_msi_gtx_1060_armor_6g_oc_57b71991e0892_images_1704344709.jpg", 128);
INSERT INTO webshop.images (ImageID, Url, ProductID) VALUES (658, "https://i1.rozetka.ua/goods/1704344/copy_msi_gtx_1060_armor_6g_oc_57b71991e0892_images_1704344800.jpg", 128);
INSERT INTO webshop.images (ImageID, Url, ProductID) VALUES (659, "https://i1.rozetka.ua/goods/1704344/copy_msi_gtx_1060_armor_6g_oc_57b71991e0892_images_1704344891.jpg", 128);
INSERT INTO webshop.images (ImageID, Url, ProductID) VALUES (660, "https://i2.rozetka.ua/goods/1704344/copy_msi_gtx_1060_armor_6g_oc_57b71991e0892_images_1704344982.jpg", 128);
INSERT INTO webshop.images (ImageID, Url, ProductID) VALUES (661, "https://i2.rozetka.ua/goods/1704345/copy_msi_gtx_1060_armor_6g_oc_57b71991e0892_images_1704345073.jpg", 128);
INSERT INTO webshop.images (ImageID, Url, ProductID) VALUES (662, "https://i1.rozetka.ua/goods/1704345/copy_msi_gtx_1060_armor_6g_oc_57b71991e0892_images_1704345157.jpg", 128);
INSERT INTO webshop.comments (CommentID, Nickname, Rating, Message, Date, ProductID) VALUES (326, "Гость", 0, "В мене і5 4590, на скільки розкриє він цю відеокарту? Чи краще брати gtx 1050ti?", "2018-1-4", 128);
INSERT INTO webshop.comments (CommentID, Nickname, Rating, Message, Date, ProductID) VALUES (327, "Юрий", 5, "Доставили быстро. Карта приятная, очень тихая -- даже на фоне новенького залмановский кулера процессора ее совсем не слышно. Шестипиновое питание радует. Производительность в играх при разрешении 1920*1200 и макс. настройках тоже радует, а температура выше 60 пока не поднималась. Отличный... Еще вариант за такую цену. Достоинства: Цена, производительность, тихая работа Недостатки: Пока не заметил", "2018-1-6", 128);
INSERT INTO webshop.comments (CommentID, Nickname, Rating, Message, Date, ProductID) VALUES (328, "Горченко Андрей", 0, "У меня Core i5 - 4590 3.3Ghz/6Mb. Раскроет данный процессор эту видеокарту?", "2018-1-4", 128);
-- =====================================================================
INSERT INTO webshop.products (ProductID, ProductTypeID, Title, Description, Price) VALUES (129, 6, "MSI PCI-Ex GeForce GTX 1060 V1 6GB GDDR5 (192bit) (1506/8008) (DVI, HDMI, DisplayPort) (GTX 1060 6GT V1)", "Охлаждение с двумя вентиляторами Два вентилятора покрывают большую область радиатора, делая рассеяние тепла более эффективным. Компоненты Military Class 4 Одним из определяющих факторов в вопросе высокой производительности является качество используемых компонентов. Вот почему MSI в своих видеокартах Armor2X использует электронные компоненты, сертифицированные по стандарту MIL-STD-810G. Доказано, что только эти компоненты имеют высокий уровень надежности, достаточный для работы в жестких условиях экстремальных, игровых нагрузок и при разгоне в течение продолжительного времени использования. Будущее гейминга Плавный, быстрый, завораживающий реалистичностью геймплей без разрывов картинки, дрожания изображения и лагов. Изображение сверхвысокой четкости (UHD) является в четыре раза более четким по сравнению с изображением 1080p. Высочайшая детализация картинки способствует более резкому и четкому изображению во время игры. Подготовьтесь к эре виртуальной реальности вместе с MSI Для того чтобы в полной мере насладиться впечатляющими мирами виртуальной реальности, необходимо высокопроизводительное оборудование. Хотите подготовить вашу систему к поддержке технологий VR? MSI — ведущий мировой бренд в мире high-end гейминга и киберспорта дает совет, как это сделать. Объединяя только самые передовые технологии, MSI создает оборудование для приложений виртуальной реальности. MSI переносит любителей компьютерных игр на совершенно новый уровень реализма виртуальной реальности, где игры оживают. Afterburner MSI Afterburner – это самое популярное приложение в мире для разгона графических карт, которое позволяет получить полный контроль над видеокартой. Утилита также позволяет получать исчерпывающую информацию об аппаратной части вашего ПК, производить настройку работы вентиляторов, осуществлять запись видео и выполнять тестирование.", 2566);
INSERT INTO webshop.characteristics (CharacteristicID, CharacteristicTypeID, Value, ProductID) VALUES (2508, 1, "PCI-Express x16 3.0", 129);
INSERT INTO webshop.characteristics (CharacteristicID, CharacteristicTypeID, Value, ProductID) VALUES (2509, 2, "Базовая частота: 1506 МГц В режиме разгона: 1708 МГц", 129);
INSERT INTO webshop.characteristics (CharacteristicID, CharacteristicTypeID, Value, ProductID) VALUES (2510, 16, "7680x4320", 129);
INSERT INTO webshop.characteristics (CharacteristicID, CharacteristicTypeID, Value, ProductID) VALUES (2511, 17, "Активная", 129);
INSERT INTO webshop.characteristics (CharacteristicID, CharacteristicTypeID, Value, ProductID) VALUES (2512, 3, "6 pin", 129);
INSERT INTO webshop.characteristics (CharacteristicID, CharacteristicTypeID, Value, ProductID) VALUES (2513, 4, "DVI DisplayPort HDMI", 129);
INSERT INTO webshop.characteristics (CharacteristicID, CharacteristicTypeID, Value, ProductID) VALUES (2514, 5, "Нет", 129);
INSERT INTO webshop.characteristics (CharacteristicID, CharacteristicTypeID, Value, ProductID) VALUES (2515, 6, "8008 МГц", 129);
INSERT INTO webshop.characteristics (CharacteristicID, CharacteristicTypeID, Value, ProductID) VALUES (2516, 7, "243 x 115 x 39 мм", 129);
INSERT INTO webshop.characteristics (CharacteristicID, CharacteristicTypeID, Value, ProductID) VALUES (2517, 8, "400 Вт", 129);
INSERT INTO webshop.characteristics (CharacteristicID, CharacteristicTypeID, Value, ProductID) VALUES (2518, 9, "GeForce GTX 1060", 129);
INSERT INTO webshop.characteristics (CharacteristicID, CharacteristicTypeID, Value, ProductID) VALUES (2519, 19, "GDDR5", 129);
INSERT INTO webshop.characteristics (CharacteristicID, CharacteristicTypeID, Value, ProductID) VALUES (2520, 20, "36 месяцев", 129);
INSERT INTO webshop.characteristics (CharacteristicID, CharacteristicTypeID, Value, ProductID) VALUES (2521, 21, "1", 129);
INSERT INTO webshop.characteristics (CharacteristicID, CharacteristicTypeID, Value, ProductID) VALUES (2522, 22, "Стандартная", 129);
INSERT INTO webshop.characteristics (CharacteristicID, CharacteristicTypeID, Value, ProductID) VALUES (2523, 12, "192 бит", 129);
INSERT INTO webshop.characteristics (CharacteristicID, CharacteristicTypeID, Value, ProductID) VALUES (2524, 23, "DirectX 12, OpenGL 4.5", 129);
INSERT INTO webshop.characteristics (CharacteristicID, CharacteristicTypeID, Value, ProductID) VALUES (2525, 13, "Нет", 129);
INSERT INTO webshop.characteristics (CharacteristicID, CharacteristicTypeID, Value, ProductID) VALUES (2526, 25, "6 ГБ", 129);
INSERT INTO webshop.characteristics (CharacteristicID, CharacteristicTypeID, Value, ProductID) VALUES (2527, 26, "Радиатор + 2 х Вентилятора", 129);
INSERT INTO webshop.images (ImageID, Url, ProductID) VALUES (663, "https://i2.rozetka.ua/goods/2096013/msi_gtx_1060_6gt_v1_images_2096013486.jpg", 129);
INSERT INTO webshop.images (ImageID, Url, ProductID) VALUES (664, "https://i2.rozetka.ua/goods/2095980/msi_gtx_1060_6gt_ocv1_images_2095980152.jpg", 129);
INSERT INTO webshop.images (ImageID, Url, ProductID) VALUES (665, "https://i2.rozetka.ua/goods/2095980/msi_gtx_1060_6gt_ocv1_images_2095980243.jpg", 129);
INSERT INTO webshop.images (ImageID, Url, ProductID) VALUES (666, "https://i2.rozetka.ua/goods/2095980/msi_gtx_1060_6gt_ocv1_images_2095980334.jpg", 129);
INSERT INTO webshop.images (ImageID, Url, ProductID) VALUES (667, "https://i1.rozetka.ua/goods/2095980/msi_gtx_1060_6gt_ocv1_images_2095980425.jpg", 129);
INSERT INTO webshop.images (ImageID, Url, ProductID) VALUES (668, "https://i1.rozetka.ua/goods/2095980/msi_gtx_1060_6gt_ocv1_images_2095980516.jpg", 129);
INSERT INTO webshop.comments (CommentID, Nickname, Rating, Message, Date, ProductID) VALUES (329, "Виталий", 0, "Когда будет новый завоз карт в Украину?", "2018-0-3", 129);
INSERT INTO webshop.comments (CommentID, Nickname, Rating, Message, Date, ProductID) VALUES (330, "Артем", 0, "Прогибается текстолит. При установке карты в ПК под собственным весом. Достоинства: 2х кулерная Недостатки: тонкий текстолит", "2018-0-3", 129);
INSERT INTO webshop.comments (CommentID, Nickname, Rating, Message, Date, ProductID) VALUES (331, "Максим", 5, "Скажите пожалуйста, отключаются ли кулера при отсутствии нагрузки? До скольких градусов и на скольких RPM нагревается карта в FurMark и в играх на FullHD и ультра настройках: Sniper Elite 4, Battlefield 1, Assassin’s Creed: Syndicate, Grand Theft Auto V, Tom Clancy's Ghost Recon Wildlands, The... Еще Witcher 3, Project CARS, Call of Duty: WWII (для корректного сравнения скажите какое у Вас охлаждение корпуса?) и сколько при этом FPS? Свистят ли дроссели? (интересует как с ограничением 60 FPS, так и без ограничения). Провисает ли карта, если да, то в каком месте и насколько миллиметров?", "2017-10-0", 129);
-- =====================================================================
INSERT INTO webshop.products (ProductID, ProductTypeID, Title, Description, Price) VALUES (130, 6, "MSI PCI-Ex GeForce GTX 1060 Aero ITX OC 6GB GDDR5 (192bit) (1544/8008) (DVI, 2 x HDMI, 2 x DisplayPort) (GTX 1060 AERO ITX 6G OC)", "Мощная игровая платформа на базе ПК Драйверы Game Ready для GeForce GTX демонстрирует наивысшую производительность и поддерживает передовые технологии NVIDIA GameWorks и GeForce Experience в самых современных компьютерных играх. Поддержка решения для виртуальной Откройте для себя новое поколение виртуальной реальности, минимальные задержки и plug-and-play совместимость с самыми популярными гарнитурами. Все это становится возможным благодаря технологиям NVIDIA VRWorks. Виртуальный звук, физика и ощущения позволят вам слышать и чувствовать каждый момент. Передовые игровые технологии Ядро Pascal разработано специально для работы с дисплеями следующего поколения, включая решения для виртуальной реальности, ультра-высокое разрешение и подключение нескольких мониторов. Технологии NVIDIA GameWorks обеспечивают максимально плавный геймплей и кинематографическое качество. Кроме этого, становится возможным осуществлять захват видео с революционно новыми возможностями — углом обзора 360 градусов. Производительность Видеокарты на основе графического ядра Pascal демонстрируют высочайшую производительность и энергоэффективность, а такие особенности как, ультрабыстрые транзисторы FinFET и поддержка DirectX 12, способствуют плавному геймплею и высокой скорости в играх. Компоненты Military Class 4 Одним из определяющих факторов в вопросе высокой производительности является качество используемых компонентов. Вот почему MSI использует электронные компоненты, сертифицированные по стандарту MIL-STD-810G. Доказано, что эти компоненты имеют высокий уровень надежности, достаточный для работы в жестких условиях экстремальных, игровых нагрузок и при разгоне в течение продолжительного времени использования. Специальные конденсаторы Hi-c CAP обеспечивают стабильное питание графического процессора и способствуют высоким показателям при разгоне. Используемые твердотельные конденсаторы имеют экстремально-высокую надежность и улучшенную эффективность. Будущее гейминга Плавный, быстрый, завораживающий реалистичностью геймплей без разрывов картинки, дрожания изображения и лагов. Изображение сверхвысокой четкости (UHD) является в четыре раза более четким по сравнению с изображением 1080p. Высочайшая детализация картинки способствует более резкому и четкому изображению во время игры. Подготовьтесь к эре виртуальной реальности вместе с MSI Для того чтобы в полной мере насладиться впечатляющими мирами виртуальной реальности необходимо высокопроизводительное оборудование. Хотите подготовить вашу систему к поддержке технологий VR? MSI — ведущий мировой бренд в мире high-end гейминга и киберспорта дает совет как это сделать. Объединяя только самые передовые технологии, MSI создает оборудование для приложений виртуальной реальности. MSI переносит любителей компьютерных игр на совершенно новый уровень реализма виртуальной реальности, где игры оживают. Afterburner MSI Afterburner – это самое популярное приложение в мире для разгона графических карт, которое позволяет получить полный контроль над видеокартой. Утилита также позволяет получать исчерпывающую информацию об аппаратной части вашего ПК, производить настройку работы вентиляторов, осуществлять запись видео и выполнять тестирование.", 19521);
INSERT INTO webshop.characteristics (CharacteristicID, CharacteristicTypeID, Value, ProductID) VALUES (2528, 1, "PCI-Express x16 3.0", 130);
INSERT INTO webshop.characteristics (CharacteristicID, CharacteristicTypeID, Value, ProductID) VALUES (2529, 2, "Базовая частота: 1544 МГц В режиме разгона: 1759 МГц", 130);
INSERT INTO webshop.characteristics (CharacteristicID, CharacteristicTypeID, Value, ProductID) VALUES (2530, 16, "2560x1600", 130);
INSERT INTO webshop.characteristics (CharacteristicID, CharacteristicTypeID, Value, ProductID) VALUES (2531, 17, "Активная", 130);
INSERT INTO webshop.characteristics (CharacteristicID, CharacteristicTypeID, Value, ProductID) VALUES (2532, 3, "6 pin", 130);
INSERT INTO webshop.characteristics (CharacteristicID, CharacteristicTypeID, Value, ProductID) VALUES (2533, 4, "DVI DisplayPort HDMI", 130);
INSERT INTO webshop.characteristics (CharacteristicID, CharacteristicTypeID, Value, ProductID) VALUES (2534, 5, "Нет", 130);
INSERT INTO webshop.characteristics (CharacteristicID, CharacteristicTypeID, Value, ProductID) VALUES (2535, 6, "8008 МГц", 130);
INSERT INTO webshop.characteristics (CharacteristicID, CharacteristicTypeID, Value, ProductID) VALUES (2536, 7, "175 x 115 x 38 мм", 130);
INSERT INTO webshop.characteristics (CharacteristicID, CharacteristicTypeID, Value, ProductID) VALUES (2537, 8, "400 Вт", 130);
INSERT INTO webshop.characteristics (CharacteristicID, CharacteristicTypeID, Value, ProductID) VALUES (2538, 9, "GeForce GTX 1060", 130);
INSERT INTO webshop.characteristics (CharacteristicID, CharacteristicTypeID, Value, ProductID) VALUES (2539, 19, "GDDR5", 130);
INSERT INTO webshop.characteristics (CharacteristicID, CharacteristicTypeID, Value, ProductID) VALUES (2540, 20, "36 месяцев", 130);
INSERT INTO webshop.characteristics (CharacteristicID, CharacteristicTypeID, Value, ProductID) VALUES (2541, 21, "1", 130);
INSERT INTO webshop.characteristics (CharacteristicID, CharacteristicTypeID, Value, ProductID) VALUES (2542, 22, "Мини", 130);
INSERT INTO webshop.characteristics (CharacteristicID, CharacteristicTypeID, Value, ProductID) VALUES (2543, 12, "192 бит", 130);
INSERT INTO webshop.characteristics (CharacteristicID, CharacteristicTypeID, Value, ProductID) VALUES (2544, 23, "DirectX 12, OpenGL 4.5", 130);
INSERT INTO webshop.characteristics (CharacteristicID, CharacteristicTypeID, Value, ProductID) VALUES (2545, 13, "Нет", 130);
INSERT INTO webshop.characteristics (CharacteristicID, CharacteristicTypeID, Value, ProductID) VALUES (2546, 25, "6 ГБ", 130);
INSERT INTO webshop.characteristics (CharacteristicID, CharacteristicTypeID, Value, ProductID) VALUES (2547, 26, "Радиатор + вентилятор", 130);
INSERT INTO webshop.images (ImageID, Url, ProductID) VALUES (669, "https://i2.rozetka.ua/goods/2136657/msi_gtx_1060_aero_itx_6g_oc_images_2136657685.jpg", 130);
INSERT INTO webshop.images (ImageID, Url, ProductID) VALUES (670, "https://i2.rozetka.ua/goods/2136658/msi_gtx_1060_aero_itx_6g_oc_images_2136658315.jpg", 130);
INSERT INTO webshop.images (ImageID, Url, ProductID) VALUES (671, "https://i1.rozetka.ua/goods/2136658/msi_gtx_1060_aero_itx_6g_oc_images_2136658931.jpg", 130);
INSERT INTO webshop.images (ImageID, Url, ProductID) VALUES (672, "https://i1.rozetka.ua/goods/2136659/msi_gtx_1060_aero_itx_6g_oc_images_2136659414.jpg", 130);
INSERT INTO webshop.images (ImageID, Url, ProductID) VALUES (673, "https://i2.rozetka.ua/goods/2136659/msi_gtx_1060_aero_itx_6g_oc_images_2136659918.jpg", 130);
INSERT INTO webshop.comments (CommentID, Nickname, Rating, Message, Date, ProductID) VALUES (332, "Алексей Яремич", 0, "Брал где-то в 10м сесяце 2017, память самсунг, выдает 24.5Mh Eth и 320Sol Zec рекомендую. Достоинства: Мощьная, очень тихая Недостатки: Нет", "2018-0-0", 130);
INSERT INTO webshop.comments (CommentID, Nickname, Rating, Message, Date, ProductID) VALUES (333, "Сергей", 0, "Что за память сейчас попадается? Хюникс?", "2018-0-0", 130);
INSERT INTO webshop.comments (CommentID, Nickname, Rating, Message, Date, ProductID) VALUES (334, "Костянтин Щербань", 5, "приобрел себе данную видеокарту ... хочу поблагодарить разработчиков за прекрасный продукт, который соответствует Комментариям. Очень хорошая производительность, графика без лагов, продуманная физика, в общем картой удивлен, отношение цены и качества. Большое спасибо розетке за оперативность и... Еще хорошее обслуживание Достоинства: плавная, быстрая, производительна, все игры тянет на УРА! Недостатки: не обнаружено", "2018-0-2", 130);
-- =====================================================================
INSERT INTO webshop.products (ProductID, ProductTypeID, Title, Description, Price) VALUES (131, 6, "MSI PCI-Ex GeForce GTX 1060 Armor OCV1 6GB GDDR5 (192bit) (1544/8008) (DVI, 2 x HDMI, 2 x DisplayPort) (GTX 1060 ARMOR 6G OCV1)", "Самые современные игровые технологии Архитектура Pascal удовлетворяет требованиям дисплеев нового поколения, включая VR-дисплеи и дисплеи ультравысокого разрешения, поддерживая подключение нескольких мониторов. Она оснащена технологиями nVidia GameWorks, которые обеспечивают плавный и кинематографичный игровой процесс. Кроме того, она поддерживает революционную технологию для записи изображения с охватом в 360 градусов. Классический черно-белый дизайн Будь стильным вместе с уникальными графическими картами MSI Armor. Унаследовав дизайн armor shield, видеокарты выполнены в стильном черно-белом цвете. Идеальное решение для геймеров и кейс моддеров, которые ищут уникальный продукт для своих работ. Именно здесь гейминг встречает класс. Два вентилятора Система охлаждения Armor 2X имеет два вентилятора MSI TorX. Благодаря запатентованному дизайну, вентиляторы MSI TorX обеспечивают великолепное охлаждение, оставаясь при этом невероятно тихими. Zero Frozr – оставайтесь незамеченными Впервые представленная в 2008 году технология MSI Zero Frozr не осталась незамеченной, в то время как сейчас, она уже успела стать индустриальным стандартом. Суть технологии заключается в управлении вентиляторами, которые полностью останавливаются при отсутствии нагрузки. Таким образом, вы можете полностью сосредоточиться на игре, не отвлекаясь на шум вентиляторов. Радиатор и контроль воздушного потока Под стильным кожухом и двумя вентиляторами скрывается массивный радиатор с огромным количеством алюминиевых ребер охлаждения, рассеивающих тепло от графического процессора. Медные тепловые трубки имеют хороший тепловой контакт с радиатором, что способствует эффективному охлаждению. Алюминиевые ребра охлаждения в купе с технологией Airflow Control максимально эффективно рассеивают тепло, идущее от тепловых трубок. Будущее гейминга Плавный, быстрый, завораживающий реалистичностью геймплей без разрывов картинки, дрожания изображения и лагов. Изображение сверхвысокой четкости (UHD) является в четыре раза более четким по сравнению с изображением 1080p. Высочайшая детализация картинки способствует более резкому и четкому изображению во время игры. Подготовьтесь к эре виртуальной реальности вместе с MSI Для того чтобы в полной мере насладиться впечатляющими мирами виртуальной реальности необходимо высокопроизводительное оборудование. Хотите подготовить вашу систему к поддержке технологий VR? MSI — ведущий мировой бренд в мире high-end гейминга и киберспорта дает совет как это сделать. Объединяя только самые передовые технологии, MSI создает оборудование для приложений виртуальной реальности. MSI переносит любителей компьютерных игр на совершенно новый уровень реализма виртуальной реальности, где игры оживают. Afterburner MSI Afterburner – это самое популярное приложение в мире для разгона графических карт, которое позволяет получить полный контроль над видеокартой. Утилита также позволяет получать исчерпывающую информацию об аппаратной части вашего ПК, производить настройку работы вентиляторов, осуществлять запись видео и выполнять тестирование.", 7571);
INSERT INTO webshop.characteristics (CharacteristicID, CharacteristicTypeID, Value, ProductID) VALUES (2548, 1, "PCI-Express x16 3.0", 131);
INSERT INTO webshop.characteristics (CharacteristicID, CharacteristicTypeID, Value, ProductID) VALUES (2549, 2, "Базовая частота: 1544 МГц В режиме разгона: 1759 МГц", 131);
INSERT INTO webshop.characteristics (CharacteristicID, CharacteristicTypeID, Value, ProductID) VALUES (2550, 16, "7680x4320", 131);
INSERT INTO webshop.characteristics (CharacteristicID, CharacteristicTypeID, Value, ProductID) VALUES (2551, 17, "Активная", 131);
INSERT INTO webshop.characteristics (CharacteristicID, CharacteristicTypeID, Value, ProductID) VALUES (2552, 3, "8 pin", 131);
INSERT INTO webshop.characteristics (CharacteristicID, CharacteristicTypeID, Value, ProductID) VALUES (2553, 4, "DVI DisplayPort HDMI", 131);
INSERT INTO webshop.characteristics (CharacteristicID, CharacteristicTypeID, Value, ProductID) VALUES (2554, 5, "Нет", 131);
INSERT INTO webshop.characteristics (CharacteristicID, CharacteristicTypeID, Value, ProductID) VALUES (2555, 6, "8008 МГц", 131);
INSERT INTO webshop.characteristics (CharacteristicID, CharacteristicTypeID, Value, ProductID) VALUES (2556, 7, "275 x 137 x 41 мм", 131);
INSERT INTO webshop.characteristics (CharacteristicID, CharacteristicTypeID, Value, ProductID) VALUES (2557, 8, "400 Вт", 131);
INSERT INTO webshop.characteristics (CharacteristicID, CharacteristicTypeID, Value, ProductID) VALUES (2558, 9, "GeForce GTX 1060", 131);
INSERT INTO webshop.characteristics (CharacteristicID, CharacteristicTypeID, Value, ProductID) VALUES (2559, 19, "GDDR5", 131);
INSERT INTO webshop.characteristics (CharacteristicID, CharacteristicTypeID, Value, ProductID) VALUES (2560, 20, "36 месяцев", 131);
INSERT INTO webshop.characteristics (CharacteristicID, CharacteristicTypeID, Value, ProductID) VALUES (2561, 21, "1", 131);
INSERT INTO webshop.characteristics (CharacteristicID, CharacteristicTypeID, Value, ProductID) VALUES (2562, 22, "Стандартная", 131);
INSERT INTO webshop.characteristics (CharacteristicID, CharacteristicTypeID, Value, ProductID) VALUES (2563, 12, "192 бит", 131);
INSERT INTO webshop.characteristics (CharacteristicID, CharacteristicTypeID, Value, ProductID) VALUES (2564, 23, "DirectX 12, OpenGL 4.5", 131);
INSERT INTO webshop.characteristics (CharacteristicID, CharacteristicTypeID, Value, ProductID) VALUES (2565, 13, "Нет", 131);
INSERT INTO webshop.characteristics (CharacteristicID, CharacteristicTypeID, Value, ProductID) VALUES (2566, 25, "6 ГБ", 131);
INSERT INTO webshop.characteristics (CharacteristicID, CharacteristicTypeID, Value, ProductID) VALUES (2567, 26, "Armor 2X", 131);
INSERT INTO webshop.images (ImageID, Url, ProductID) VALUES (674, "https://i1.rozetka.ua/goods/1777598/msi_gtx_1060_armor_6g_ocv1_images_1777598881.jpg", 131);
INSERT INTO webshop.images (ImageID, Url, ProductID) VALUES (675, "https://i2.rozetka.ua/goods/1777598/msi_gtx_1060_armor_6g_ocv1_images_1777598972.jpg", 131);
INSERT INTO webshop.images (ImageID, Url, ProductID) VALUES (676, "https://i1.rozetka.ua/goods/1777599/msi_gtx_1060_armor_6g_ocv1_images_1777599161.jpg", 131);
INSERT INTO webshop.images (ImageID, Url, ProductID) VALUES (677, "https://i2.rozetka.ua/goods/1777599/msi_gtx_1060_armor_6g_ocv1_images_1777599364.jpg", 131);
INSERT INTO webshop.images (ImageID, Url, ProductID) VALUES (678, "https://i2.rozetka.ua/goods/1777599/msi_gtx_1060_armor_6g_ocv1_images_1777599602.jpg", 131);
INSERT INTO webshop.images (ImageID, Url, ProductID) VALUES (679, "https://i2.rozetka.ua/goods/1777600/msi_gtx_1060_armor_6g_ocv1_images_1777600064.jpg", 131);
INSERT INTO webshop.images (ImageID, Url, ProductID) VALUES (680, "https://i2.rozetka.ua/goods/1777600/msi_gtx_1060_armor_6g_ocv1_images_1777600155.jpg", 131);
INSERT INTO webshop.images (ImageID, Url, ProductID) VALUES (681, "https://i2.rozetka.ua/goods/1777600/msi_gtx_1060_armor_6g_ocv1_images_1777600246.jpg", 131);
INSERT INTO webshop.images (ImageID, Url, ProductID) VALUES (682, "https://i2.rozetka.ua/goods/1777601/msi_gtx_1060_armor_6g_ocv1_images_1777601485.jpg", 131);
INSERT INTO webshop.images (ImageID, Url, ProductID) VALUES (683, "https://i2.rozetka.ua/goods/1777573/copy_msi_gtx_1060_armor_6g_oc_5821c52b34459_images_1777573184.jpg", 131);
INSERT INTO webshop.images (ImageID, Url, ProductID) VALUES (684, "https://i1.rozetka.ua/goods/1777573/copy_msi_gtx_1060_armor_6g_oc_5821c52b34459_images_1777573366.jpg", 131);
INSERT INTO webshop.comments (CommentID, Nickname, Rating, Message, Date, ProductID) VALUES (335, "Юрий", 3, "Вопрос к представителю компании MSI. Нормально ли такой перегрев до 94. Была на ремонте, по словам сделали ребол и все хорошо. Но перегрев так и остался. Достоинства: По параметрам хорошая Недостатки: Перегревается никто ничего сделать не пожет", "2018-1-4", 131);
INSERT INTO webshop.comments (CommentID, Nickname, Rating, Message, Date, ProductID) VALUES (336, "Александр", 0, "Ирония) Видеокарта называется Armor (броня). Но на ней нет бекплейта)", "2018-1-6", 131);
INSERT INTO webshop.comments (CommentID, Nickname, Rating, Message, Date, ProductID) VALUES (337, "Олександр Шостак", 0, "Будет ли тут всё сочетаться? Надо ли что то менять? Достоинства: - Недостатки: -", "2018-1-4", 131);
-- =====================================================================
INSERT INTO webshop.products (ProductID, ProductTypeID, Title, Description, Price) VALUES (132, 6, "MSI PCI-Ex GeForce GTX 1060 Gaming 6GB GDDR5 (192bit) (1518/8008) (DVI, HDMI, 3 x DisplayPort) (GTX 1060 GAMING 6G)", "MSI GeForce GTX 1060 Gaming GeForce GTX 1060 Gaming демонстрирует наивысшую производительность и поддерживает передовые технологии NVIDIA GameWorks и GeForce Experience в самых современных компьютерных играх. Самые современные игровые технологии Архитектура Pascal удовлетворяет требованиям дисплеев нового поколения, включая VR-дисплеи и дисплеи ультравысокого разрешения, поддерживая подключение нескольких мониторов. Она оснащена технологиями NVIDIA GameWorks, которые обеспечивают плавный и кинематографичный игровой процесс. Кроме того, она поддерживает революционную технологию для записи изображения с охватом в 360 градусов. Поддержка VR Откройте для себя виртуальную реальность нового поколения, низкие задержки и совместимость plug-and-play с лучшими VR-гарнитурами — все это благодаря технологиям NVIDIA VRWorks. Звуковое сопровождение, физика и тактильные ощущения в VR позволят вам прочувствовать каждый момент игрового процесса. Двухрядные подшипники Двухрядные подшипники обеспечивают вентиляторам MSI TORX 2.0 продолжительный срок эксплуатации, гарантируя беспроблемный гейминг в течение многих лет. Работая под нагрузкой, вентиляторы остаются практически бесшумными. Это позволяет видеокарте оставаться холодной даже во время самых тяжелых игровых сессий. Zero Frozr – оставайтесь незамеченными Впервые представленная в 2008 году технология MSI ZeroFrozr не осталась незамеченной, в то время как сейчас, она уже успела стать индустриальным стандартом. Суть технологии заключается в управлении вентиляторами, которые полностью останавливаются при отсутствии нагрузки. Таким образом, вы можете полностью сосредоточиться на игре, не отвлекаясь на шум вентиляторов. Расширенный набор интерфейсов GeForce GTX 1060 Gaming имеет 5 портов: 1 x DVI 3 x DisplayPort 1.4 1 x HDMI 2.0", 10650);
INSERT INTO webshop.characteristics (CharacteristicID, CharacteristicTypeID, Value, ProductID) VALUES (2568, 1, "PCI-Express x16 3.0", 132);
INSERT INTO webshop.characteristics (CharacteristicID, CharacteristicTypeID, Value, ProductID) VALUES (2569, 2, "OC Mode: Базовая частота: 1531 МГц В режиме разгона: 1746 МГц Gaming Mode: Базовая частота: 1518 МГц В режиме разгона: 1733 МГц Silent Mode: Базовая частота: 1506 МГц В режиме разгона: 1708 МГц", 132);
INSERT INTO webshop.characteristics (CharacteristicID, CharacteristicTypeID, Value, ProductID) VALUES (2570, 16, "7680x4320", 132);
INSERT INTO webshop.characteristics (CharacteristicID, CharacteristicTypeID, Value, ProductID) VALUES (2571, 17, "Активная", 132);
INSERT INTO webshop.characteristics (CharacteristicID, CharacteristicTypeID, Value, ProductID) VALUES (2572, 3, "8 pin", 132);
INSERT INTO webshop.characteristics (CharacteristicID, CharacteristicTypeID, Value, ProductID) VALUES (2573, 4, "DVI DisplayPort HDMI", 132);
INSERT INTO webshop.characteristics (CharacteristicID, CharacteristicTypeID, Value, ProductID) VALUES (2574, 5, "Нет", 132);
INSERT INTO webshop.characteristics (CharacteristicID, CharacteristicTypeID, Value, ProductID) VALUES (2575, 6, "Gaming Mode/Silent Mode/OC Mode: 8008 МГц", 132);
INSERT INTO webshop.characteristics (CharacteristicID, CharacteristicTypeID, Value, ProductID) VALUES (2576, 7, "277 х 140 х 39 мм", 132);
INSERT INTO webshop.characteristics (CharacteristicID, CharacteristicTypeID, Value, ProductID) VALUES (2577, 8, "400 Вт", 132);
INSERT INTO webshop.characteristics (CharacteristicID, CharacteristicTypeID, Value, ProductID) VALUES (2578, 9, "GeForce GTX 1060", 132);
INSERT INTO webshop.characteristics (CharacteristicID, CharacteristicTypeID, Value, ProductID) VALUES (2579, 19, "GDDR5", 132);
INSERT INTO webshop.characteristics (CharacteristicID, CharacteristicTypeID, Value, ProductID) VALUES (2580, 20, "36 месяцев", 132);
INSERT INTO webshop.characteristics (CharacteristicID, CharacteristicTypeID, Value, ProductID) VALUES (2581, 21, "1", 132);
INSERT INTO webshop.characteristics (CharacteristicID, CharacteristicTypeID, Value, ProductID) VALUES (2582, 22, "Стандартная", 132);
INSERT INTO webshop.characteristics (CharacteristicID, CharacteristicTypeID, Value, ProductID) VALUES (2583, 12, "192 бит", 132);
INSERT INTO webshop.characteristics (CharacteristicID, CharacteristicTypeID, Value, ProductID) VALUES (2584, 23, "DirectX 12, OpenGL 4.5", 132);
INSERT INTO webshop.characteristics (CharacteristicID, CharacteristicTypeID, Value, ProductID) VALUES (2585, 13, "Нет", 132);
INSERT INTO webshop.characteristics (CharacteristicID, CharacteristicTypeID, Value, ProductID) VALUES (2586, 25, "6 ГБ", 132);
INSERT INTO webshop.characteristics (CharacteristicID, CharacteristicTypeID, Value, ProductID) VALUES (2587, 26, "Twin Frozr VI", 132);
INSERT INTO webshop.images (ImageID, Url, ProductID) VALUES (685, "https://i1.rozetka.ua/goods/1748245/msi_geforce_gtx_1060_gaming_6g_images_1748245451.jpg", 132);
INSERT INTO webshop.images (ImageID, Url, ProductID) VALUES (686, "https://i1.rozetka.ua/goods/1748341/msi_gtx_1060_gaming_6g_images_1748341372.jpg", 132);
INSERT INTO webshop.images (ImageID, Url, ProductID) VALUES (687, "https://i2.rozetka.ua/goods/1748341/msi_gtx_1060_gaming_6g_images_1748341512.jpg", 132);
INSERT INTO webshop.images (ImageID, Url, ProductID) VALUES (688, "https://i2.rozetka.ua/goods/1748341/msi_gtx_1060_gaming_6g_images_1748341659.jpg", 132);
INSERT INTO webshop.images (ImageID, Url, ProductID) VALUES (689, "https://i2.rozetka.ua/goods/1748341/msi_gtx_1060_gaming_6g_images_1748341827.jpg", 132);
INSERT INTO webshop.images (ImageID, Url, ProductID) VALUES (690, "https://i1.rozetka.ua/goods/1748342/msi_gtx_1060_gaming_6g_images_1748342009.jpg", 132);
INSERT INTO webshop.images (ImageID, Url, ProductID) VALUES (691, "https://i1.rozetka.ua/goods/1748342/msi_gtx_1060_gaming_6g_images_1748342149.jpg", 132);
INSERT INTO webshop.images (ImageID, Url, ProductID) VALUES (692, "https://i1.rozetka.ua/goods/1748342/msi_gtx_1060_gaming_6g_images_1748342303.jpg", 132);
INSERT INTO webshop.images (ImageID, Url, ProductID) VALUES (693, "https://i1.rozetka.ua/goods/1748342/msi_gtx_1060_gaming_6g_images_1748342471.jpg", 132);
INSERT INTO webshop.images (ImageID, Url, ProductID) VALUES (694, "https://i2.rozetka.ua/goods/1748342/msi_gtx_1060_gaming_6g_images_1748342604.jpg", 132);
INSERT INTO webshop.images (ImageID, Url, ProductID) VALUES (695, "https://i1.rozetka.ua/goods/1748345/msi_gtx_1060_gaming_6g_images_1748345824.jpg", 132);
INSERT INTO webshop.images (ImageID, Url, ProductID) VALUES (696, "https://i2.rozetka.ua/goods/1748345/msi_gtx_1060_gaming_6g_images_1748345929.jpg", 132);
INSERT INTO webshop.images (ImageID, Url, ProductID) VALUES (697, "https://i1.rozetka.ua/goods/1748346/msi_gtx_1060_gaming_6g_images_1748346097.jpg", 132);
INSERT INTO webshop.images (ImageID, Url, ProductID) VALUES (698, "https://i1.rozetka.ua/goods/1748346/msi_gtx_1060_gaming_6g_images_1748346209.jpg", 132);
INSERT INTO webshop.images (ImageID, Url, ProductID) VALUES (699, "https://i2.rozetka.ua/goods/1748346/msi_gtx_1060_gaming_6g_images_1748346377.jpg", 132);
INSERT INTO webshop.images (ImageID, Url, ProductID) VALUES (700, "https://i1.rozetka.ua/goods/1748346/msi_gtx_1060_gaming_6g_images_1748346517.jpg", 132);
INSERT INTO webshop.images (ImageID, Url, ProductID) VALUES (701, "https://i2.rozetka.ua/goods/1748346/msi_gtx_1060_gaming_6g_images_1748346657.jpg", 132);
INSERT INTO webshop.images (ImageID, Url, ProductID) VALUES (702, "https://i2.rozetka.ua/goods/1748346/msi_gtx_1060_gaming_6g_images_1748346818.jpg", 132);
INSERT INTO webshop.images (ImageID, Url, ProductID) VALUES (703, "https://i1.rozetka.ua/goods/1748245/msi_geforce_gtx_1060_gaming_6g_images_1748245311.jpg", 132);
INSERT INTO webshop.comments (CommentID, Nickname, Rating, Message, Date, ProductID) VALUES (338, "Roman", 0, "То чувство когда ты купил её за 10к ))) Достоинства: Идеальная видеокарта для FullHD Недостатки: Пока нет", "2018-1-1", 132);
INSERT INTO webshop.comments (CommentID, Nickname, Rating, Message, Date, ProductID) VALUES (339, "Maks", 0, "Подойдёт ли этот кабель в данную видеокарту для подключения в монитор Кабель Atcom DVI-D Dual Link 1.8 м (8057) Подробнее: https://rozetka.com.ua/atcom_8057/p7648280/", "2018-1-0", 132);
INSERT INTO webshop.comments (CommentID, Nickname, Rating, Message, Date, ProductID) VALUES (340, "Miner155", 0, "Подойдет ли проц i5-7400", "2017-10-2", 132);
-- =====================================================================
INSERT INTO webshop.products (ProductID, ProductTypeID, Title, Description, Price) VALUES (133, 6, "MSI PCI-Ex GeForce GTX 1060 Gaming X 6GB GDDR5 (192bit) (1569/8008) (DVI, HDMI, 3 x DisplayPort) (GTX 1060 GAMING X 6G)", "TWIN FROZR VI - непревзойденное охлаждение Новый дизайн TWIN FROZR VI от MSI поднимает планку в воздушном охлаждении видеокарт на неслыханный уровень. Новое охлаждение на 40% тише своего предшественника Twin Frozr V. Разница кроется в деталях. Динамическая LED подсветка RGB LED подсветка Компоненты Military Class Радиатор зоны памяти и VRM Оптимизированный дизайн печатной платы Задняя металлическая пластина Радиатор Вентилятор TORX 2.0 Технология Zero Frozr TWIN FROZR VI: Низкая температура, бесшумная работа и стабильная производительность Идеально сбалансированное высокоэффективное охлаждение обеспечивает стабильную производительность видеокарты в играх, оставаясь аюбсолютно бесшумным. Низкая температура Максимальная температура при шуме 40дБ (10 минут теста FireStrike) Бесшумная работа Уровень шума Стабильная производительность Стабильная производительностьНестабильность в работе ВЕНТИЛЯТОРЫ TORX 2.0 — КОМАНДНАЯ РАБОТА ДЛЯ БОЛЬШЕЙ ЭФФЕКТИВНОСТИ Так же, как в играх, эксклюзивная технология для вентиляторов MSI TORX 2.0 использует силу командной работы, чтобы Twin Frozr VI смог достичь новых уровней охлаждения. Конструкция вентиляторов TORX 2.0 генерирует на 22% большее давление воздуха для чрезвычайно бесшумной работы в пылу боя. Рассеивающие лопасти вентилятора Традиционные лопасти вентилятора ZERO FROZR — ОСТАВАЙСЯ БЕСШУМНЫМ Впервые представленная MSI в 2008 году технология ZeroFrozr стала сегодня отраслевым стандартом среди графических карт. Она устраняет шум вентилятора, прекращая их вращение в условиях низкой нагрузки. Это означает, что вы можете сосредоточиться на игре без лишнего шума от вентиляторов. > 60°C: Вентиляторы вращаются Вентиляторы вращаются во время интенсивных игр или бенчмаркинга < 60°C: Вентиляторы остановлены Вентиляторы не вращаются во время простоя, мультимедиа или лёгких игр СОЗДАЙ АТМОСФЕРУ С КРУТЫМИ LED-ЕФФЕКТАМИ Каждым светодиодом можно управлять индивидуально, выбирая любой из режимов анимации, доступных в MSI Gaming App, начиная от визуализации вашего внутриигрового звука или музыки до спокойной подсветки, дыхания или даже режима молнии. И конечно, вы можете просто отключить их. Программное обеспечение MSI Gaming App MSI Dragon eye MSI Afterburner XSplit Gamecaster WTFast Поддерживает технологии", 12217);
INSERT INTO webshop.characteristics (CharacteristicID, CharacteristicTypeID, Value, ProductID) VALUES (2588, 1, "PCI-Express x16 3.0", 133);
INSERT INTO webshop.characteristics (CharacteristicID, CharacteristicTypeID, Value, ProductID) VALUES (2589, 2, "OC Mode: Базовая частота: 1594 МГц В режиме разгона: 1809 МГц Gaming Mode: Базовая частота: 1569 МГц В режиме разгона: 1784 МГц Silent Mode: Базовая частота: 1506 МГц В режиме разгона: 1708 МГц", 133);
INSERT INTO webshop.characteristics (CharacteristicID, CharacteristicTypeID, Value, ProductID) VALUES (2590, 16, "7680x4320", 133);
INSERT INTO webshop.characteristics (CharacteristicID, CharacteristicTypeID, Value, ProductID) VALUES (2591, 17, "Активная", 133);
INSERT INTO webshop.characteristics (CharacteristicID, CharacteristicTypeID, Value, ProductID) VALUES (2592, 3, "8 pin", 133);
INSERT INTO webshop.characteristics (CharacteristicID, CharacteristicTypeID, Value, ProductID) VALUES (2593, 4, "DVI DisplayPort HDMI", 133);
INSERT INTO webshop.characteristics (CharacteristicID, CharacteristicTypeID, Value, ProductID) VALUES (2594, 5, "Нет", 133);
INSERT INTO webshop.characteristics (CharacteristicID, CharacteristicTypeID, Value, ProductID) VALUES (2595, 6, "Gaming Mode/Silent Mode: 8008 МГц OC Mode: 8108 МГц", 133);
INSERT INTO webshop.characteristics (CharacteristicID, CharacteristicTypeID, Value, ProductID) VALUES (2596, 7, "277 х 140 х 39 мм", 133);
INSERT INTO webshop.characteristics (CharacteristicID, CharacteristicTypeID, Value, ProductID) VALUES (2597, 8, "400 Вт", 133);
INSERT INTO webshop.characteristics (CharacteristicID, CharacteristicTypeID, Value, ProductID) VALUES (2598, 9, "GeForce GTX 1060", 133);
INSERT INTO webshop.characteristics (CharacteristicID, CharacteristicTypeID, Value, ProductID) VALUES (2599, 19, "GDDR5", 133);
INSERT INTO webshop.characteristics (CharacteristicID, CharacteristicTypeID, Value, ProductID) VALUES (2600, 20, "36 месяцев", 133);
INSERT INTO webshop.characteristics (CharacteristicID, CharacteristicTypeID, Value, ProductID) VALUES (2601, 21, "1", 133);
INSERT INTO webshop.characteristics (CharacteristicID, CharacteristicTypeID, Value, ProductID) VALUES (2602, 22, "Стандартная", 133);
INSERT INTO webshop.characteristics (CharacteristicID, CharacteristicTypeID, Value, ProductID) VALUES (2603, 12, "192 бит", 133);
INSERT INTO webshop.characteristics (CharacteristicID, CharacteristicTypeID, Value, ProductID) VALUES (2604, 23, "DirectX 12, OpenGL 4.5", 133);
INSERT INTO webshop.characteristics (CharacteristicID, CharacteristicTypeID, Value, ProductID) VALUES (2605, 13, "Нет", 133);
INSERT INTO webshop.characteristics (CharacteristicID, CharacteristicTypeID, Value, ProductID) VALUES (2606, 25, "6 ГБ", 133);
INSERT INTO webshop.characteristics (CharacteristicID, CharacteristicTypeID, Value, ProductID) VALUES (2607, 26, "Twin Frozr VI", 133);
INSERT INTO webshop.images (ImageID, Url, ProductID) VALUES (704, "https://i1.rozetka.ua/goods/1673042/msi_gtx_1060_gaming_x_6g_images_1673042256.jpg", 133);
INSERT INTO webshop.images (ImageID, Url, ProductID) VALUES (705, "https://i2.rozetka.ua/goods/1673042/msi_gtx_1060_gaming_x_6g_images_1673042347.jpg", 133);
INSERT INTO webshop.images (ImageID, Url, ProductID) VALUES (706, "https://i1.rozetka.ua/goods/1673042/msi_gtx_1060_gaming_x_6g_images_1673042438.jpg", 133);
INSERT INTO webshop.images (ImageID, Url, ProductID) VALUES (707, "https://i1.rozetka.ua/goods/1673042/msi_gtx_1060_gaming_x_6g_images_1673042557.jpg", 133);
INSERT INTO webshop.images (ImageID, Url, ProductID) VALUES (708, "https://i2.rozetka.ua/goods/1673042/msi_gtx_1060_gaming_x_6g_images_1673042893.jpg", 133);
INSERT INTO webshop.images (ImageID, Url, ProductID) VALUES (709, "https://i2.rozetka.ua/goods/1673043/msi_gtx_1060_gaming_x_6g_images_1673043166.jpg", 133);
INSERT INTO webshop.images (ImageID, Url, ProductID) VALUES (710, "https://i1.rozetka.ua/goods/1673043/msi_gtx_1060_gaming_x_6g_images_1673043348.jpg", 133);
INSERT INTO webshop.images (ImageID, Url, ProductID) VALUES (711, "https://i1.rozetka.ua/goods/1673043/msi_gtx_1060_gaming_x_6g_images_1673043439.jpg", 133);
INSERT INTO webshop.images (ImageID, Url, ProductID) VALUES (712, "https://i1.rozetka.ua/goods/1673043/msi_gtx_1060_gaming_x_6g_images_1673043607.jpg", 133);
INSERT INTO webshop.images (ImageID, Url, ProductID) VALUES (713, "https://i2.rozetka.ua/goods/1673043/msi_gtx_1060_gaming_x_6g_images_1673043894.jpg", 133);
INSERT INTO webshop.images (ImageID, Url, ProductID) VALUES (714, "https://i2.rozetka.ua/goods/1673043/msi_gtx_1060_gaming_x_6g_images_1673043712.jpg", 133);
INSERT INTO webshop.images (ImageID, Url, ProductID) VALUES (715, "https://i1.rozetka.ua/goods/1673044/msi_gtx_1060_gaming_x_6g_images_1673044622.jpg", 133);
INSERT INTO webshop.images (ImageID, Url, ProductID) VALUES (716, "https://i1.rozetka.ua/goods/1673043/msi_gtx_1060_gaming_x_6g_images_1673043985.jpg", 133);
INSERT INTO webshop.images (ImageID, Url, ProductID) VALUES (717, "https://i2.rozetka.ua/goods/1673044/msi_gtx_1060_gaming_x_6g_images_1673044076.jpg", 133);
INSERT INTO webshop.images (ImageID, Url, ProductID) VALUES (718, "https://i1.rozetka.ua/goods/1673044/msi_gtx_1060_gaming_x_6g_images_1673044167.jpg", 133);
INSERT INTO webshop.images (ImageID, Url, ProductID) VALUES (719, "https://i2.rozetka.ua/goods/1673044/msi_gtx_1060_gaming_x_6g_images_1673044349.jpg", 133);
INSERT INTO webshop.images (ImageID, Url, ProductID) VALUES (720, "https://i1.rozetka.ua/goods/1673044/msi_gtx_1060_gaming_x_6g_images_1673044440.jpg", 133);
INSERT INTO webshop.images (ImageID, Url, ProductID) VALUES (721, "https://i2.rozetka.ua/goods/1673043/msi_gtx_1060_gaming_x_6g_images_1673043803.jpg", 133);
INSERT INTO webshop.images (ImageID, Url, ProductID) VALUES (722, "https://i1.rozetka.ua/goods/1673044/msi_gtx_1060_gaming_x_6g_images_1673044531.jpg", 133);
INSERT INTO webshop.comments (CommentID, Nickname, Rating, Message, Date, ProductID) VALUES (341, "Николай Павличенко", 0, "стоит ее брать для i7 7700k?", "2018-1-1", 133);
INSERT INTO webshop.comments (CommentID, Nickname, Rating, Message, Date, ProductID) VALUES (342, "Гость", 0, "Когда ожидать поставку??", "2018-1-0", 133);
INSERT INTO webshop.comments (CommentID, Nickname, Rating, Message, Date, ProductID) VALUES (343, "Матийчин Сергій", 0, "Підійде відеокарта до материнської плати ”asus h110m-k”", "2018-1-5", 133);
-- =====================================================================
INSERT INTO webshop.products (ProductID, ProductTypeID, Title, Description, Price) VALUES (134, 6, "MSI PCI-Ex GeForce GTX 1070 Armor 8GB GDDR5 (256bit) (1506/8008) (DVI, HDMI, 3 x DisplayPort) (GTX 1070 ARMOR 8G)", "GeForce GTX демонстрирует наивысшую производительность и поддерживает передовые технологии NVIDIA GameWorks и GeForce Experience в самых современных компьютерных играх. Лучшая графика для виртуальной реальности Уникальный функционал NVIDIA гарантирует вам оптимальный уровень производительности, качество изображения и минимальные задержки при работе с приложениями VR виртуальной реальности. Улучшайте ваш игровой опыт Самый простой способ обновить видео драйвера, оптимизировать производительность в играх и делиться успехами. Плавный геймплей без разрывов изображения Синхронизируйте частоту кадров монитора с видеокартой GeForce GTX GPU и наслаждайтесь плавным игровым процессом. Классический черно-белый дизайн Будь стильным вместе с уникальными графическими картами MSI ARMOR. Унаследовав дизайн armor shield, видеокарты выполнены в стильном черно-белом цвете. Идеальное решение для геймеров и кейс моддеров, которые ищут уникальный продукт для своих работ. Именно здесь гейминг встречает класс. Два вентилятора Система охлаждения ARMOR 2X имеет два вентилятора MSI TORX. Благодаря запатентованному дизайну, вентиляторы MSI TORX обеспечивают великолепное охлаждение, оставаясь при этом невероятно тихими. Радиатор и контроль воздушного потока Под стильным кожухом и двумя вентиляторами скрывается массивный радиатор с огромным количеством алюминиевых ребер охлаждения, рассеивающих тепло от графического процессора. Медные тепловые трубки имеют хороший тепловой контакт с радиатором, что способствует эффективному охлаждению. Алюминиевые ребра охлаждения в купе с технологией Airflow Control максимально эффективно рассеивают тепло, идущее от тепловых трубок. MULTI GPU Графические карты MSI Armor полностью поддерживают установку нескольких GPU в режиме NVIDIA SLI. Будущее гейминга Плавный, быстрый, завораживающий реалистичностью геймплей без разрывов картинки, дрожания изображения и лагов. Изображение сверхвысокой четкости (UHD) является в четыре раза более четким по сравнению с изображением 1080p. Высочайшая детализация картинки способствует более резкому и четкому изображению во время игры. Подготовтесь к эре виртуальной реальности вместе с MSI Для того чтобы в полной мере насладиться впечатляющими мирами виртуальной реальности необходимо высокопроизводительное оборудование. Хотите подготовить вашу систему к поддержке технологий VR? MSI — ведущий мировой бренд в мире high-end гейминга и киберспорта дает совет как это сделать. Объединяя только самые передовые технологии, MSI создает оборудование для приложений виртуальной реальности. MSI переносит любителей компьютерных игр на совершенно новый уровень реализма виртуальной реальности, где игры оживают. Afterburner MSI Afterburner – это самое популярное приложение в мире для разгона графических карт, которое позволяет получить полный контроль над видеокартой. Утилита также позволяет получать исчерпывающую информацию об аппаратной части вашего ПК, производить настройку работы вентиляторов, осуществлять запись видео и выполнять тестирование.", 8794);
INSERT INTO webshop.characteristics (CharacteristicID, CharacteristicTypeID, Value, ProductID) VALUES (2608, 1, "PCI-Express x16 3.0", 134);
INSERT INTO webshop.characteristics (CharacteristicID, CharacteristicTypeID, Value, ProductID) VALUES (2609, 2, "Базовая: 1506 МГц В режиме разгона: 1683 МГц", 134);
INSERT INTO webshop.characteristics (CharacteristicID, CharacteristicTypeID, Value, ProductID) VALUES (2610, 16, "7680x4320", 134);
INSERT INTO webshop.characteristics (CharacteristicID, CharacteristicTypeID, Value, ProductID) VALUES (2611, 17, "Активная", 134);
INSERT INTO webshop.characteristics (CharacteristicID, CharacteristicTypeID, Value, ProductID) VALUES (2612, 3, "8 pin", 134);
INSERT INTO webshop.characteristics (CharacteristicID, CharacteristicTypeID, Value, ProductID) VALUES (2613, 4, "DVI DisplayPort HDMI", 134);
INSERT INTO webshop.characteristics (CharacteristicID, CharacteristicTypeID, Value, ProductID) VALUES (2614, 5, "Есть", 134);
INSERT INTO webshop.characteristics (CharacteristicID, CharacteristicTypeID, Value, ProductID) VALUES (2615, 6, "8008 МГц", 134);
INSERT INTO webshop.characteristics (CharacteristicID, CharacteristicTypeID, Value, ProductID) VALUES (2616, 7, "279 x 140 x 37 мм", 134);
INSERT INTO webshop.characteristics (CharacteristicID, CharacteristicTypeID, Value, ProductID) VALUES (2617, 8, "500 Вт", 134);
INSERT INTO webshop.characteristics (CharacteristicID, CharacteristicTypeID, Value, ProductID) VALUES (2618, 9, "GeForce GTX 1070", 134);
INSERT INTO webshop.characteristics (CharacteristicID, CharacteristicTypeID, Value, ProductID) VALUES (2619, 19, "GDDR5", 134);
INSERT INTO webshop.characteristics (CharacteristicID, CharacteristicTypeID, Value, ProductID) VALUES (2620, 20, "36 месяцев", 134);
INSERT INTO webshop.characteristics (CharacteristicID, CharacteristicTypeID, Value, ProductID) VALUES (2621, 21, "1", 134);
INSERT INTO webshop.characteristics (CharacteristicID, CharacteristicTypeID, Value, ProductID) VALUES (2622, 22, "Стандартная", 134);
INSERT INTO webshop.characteristics (CharacteristicID, CharacteristicTypeID, Value, ProductID) VALUES (2623, 12, "256 бит", 134);
INSERT INTO webshop.characteristics (CharacteristicID, CharacteristicTypeID, Value, ProductID) VALUES (2624, 23, "DirectX 12, OpenGL 4.5", 134);
INSERT INTO webshop.characteristics (CharacteristicID, CharacteristicTypeID, Value, ProductID) VALUES (2625, 13, "Нет", 134);
INSERT INTO webshop.characteristics (CharacteristicID, CharacteristicTypeID, Value, ProductID) VALUES (2626, 25, "8 ГБ", 134);
INSERT INTO webshop.characteristics (CharacteristicID, CharacteristicTypeID, Value, ProductID) VALUES (2627, 26, "Вентиляторы MSI TORX + радиатор", 134);
INSERT INTO webshop.images (ImageID, Url, ProductID) VALUES (723, "https://i2.rozetka.ua/goods/2163367/copy_msi_gtx_1070_armor_8g_oc_59a3fd17b70ab_images_2163367928.jpg", 134);
INSERT INTO webshop.images (ImageID, Url, ProductID) VALUES (724, "https://i2.rozetka.ua/goods/2163368/copy_msi_gtx_1070_armor_8g_oc_59a3fd17b70ab_images_2163368054.jpg", 134);
INSERT INTO webshop.images (ImageID, Url, ProductID) VALUES (725, "https://i2.rozetka.ua/goods/2163368/copy_msi_gtx_1070_armor_8g_oc_59a3fd17b70ab_images_2163368180.jpg", 134);
INSERT INTO webshop.images (ImageID, Url, ProductID) VALUES (726, "https://i2.rozetka.ua/goods/2163368/copy_msi_gtx_1070_armor_8g_oc_59a3fd17b70ab_images_2163368292.jpg", 134);
INSERT INTO webshop.images (ImageID, Url, ProductID) VALUES (727, "https://i1.rozetka.ua/goods/2163368/copy_msi_gtx_1070_armor_8g_oc_59a3fd17b70ab_images_2163368383.jpg", 134);
INSERT INTO webshop.images (ImageID, Url, ProductID) VALUES (728, "https://i1.rozetka.ua/goods/2163371/msi_gtx_1070_armor_8g_images_2163371932.jpg", 134);
INSERT INTO webshop.comments (CommentID, Nickname, Rating, Message, Date, ProductID) VALUES (344, "Антон Стрелец Викторович", 4, "Простая и надёжная кирка для майнера Для игр хватит с головой. Crysis 3 запустился на макс настройках (Full HD) с полным антиалайзингом. Брал не для игр, потому на них не тестировал. Достоинства: 430-450 SOL при небольшом разгоне (+400 по памяти), держит Power Limit -35 Недостатки: Система охлаждения далеко не лучшая", "2018-1-4", 134);
-- =====================================================================
INSERT INTO webshop.products (ProductID, ProductTypeID, Title, Description, Price) VALUES (135, 6, "MSI PCI-Ex GeForce GTX 1070 Armor 8GB GDDR5 (256bit) (1556/8008) (DVI, HDMI, 3 x DisplayPort) (GTX 1070 ARMOR 8G OC)", "GeForce GTX демонстрирует наивысшую производительность и поддерживает передовые технологии NVIDIA GameWorks и GeForce Experience в самых современных компьютерных играх. Лучшая графика для виртуальной реальности Уникальный функционал NVIDIA гарантирует вам оптимальный уровень производительности, качество изображения и минимальные задержки при работе с приложениями VR виртуальной реальности. Улучшайте ваш игровой опыт Самый простой способ обновить видео драйвера, оптимизировать производительность в играх и делиться успехами. Плавный геймплей без разрывов изображения Синхронизируйте частоту кадров монитора с видеокартой GeForce GTX GPU и наслаждайтесь плавным игровым процессом. Классический черно-белый дизайн Будь стильным вместе с уникальными графическими картами MSI ARMOR. Унаследовав дизайн armor shield, видеокарты выполнены в стильном черно-белом цвете. Идеальное решение для геймеров и кейс моддеров, которые ищут уникальный продукт для своих работ. Именно здесь гейминг встречает класс. Два вентилятора Система охлаждения ARMOR 2X имеет два вентилятора MSI TORX. Благодаря запатентованному дизайну, вентиляторы MSI TORX обеспечивают великолепное охлаждение, оставаясь при этом невероятно тихими. Радиатор и контроль воздушного потока Под стильным кожухом и двумя вентиляторами скрывается массивный радиатор с огромным количеством алюминиевых ребер охлаждения, рассеивающих тепло от графического процессора. Медные тепловые трубки имеют хороший тепловой контакт с радиатором, что способствует эффективному охлаждению. Алюминиевые ребра охлаждения в купе с технологией Airflow Control максимально эффективно рассеивают тепло, идущее от тепловых трубок. MULTI GPU Графические карты MSI Armor полностью поддерживают установку нескольких GPU в режиме NVIDIA SLI. Будущее гейминга Плавный, быстрый, завораживающий реалистичностью геймплей без разрывов картинки, дрожания изображения и лагов. Изображение сверхвысокой четкости (UHD) является в четыре раза более четким по сравнению с изображением 1080p. Высочайшая детализация картинки способствует более резкому и четкому изображению во время игры. Подготовтесь к эре виртуальной реальности вместе с MSI Для того чтобы в полной мере насладиться впечатляющими мирами виртуальной реальности необходимо высокопроизводительное оборудование. Хотите подготовить вашу систему к поддержке технологий VR? MSI — ведущий мировой бренд в мире high-end гейминга и киберспорта дает совет как это сделать. Объединяя только самые передовые технологии, MSI создает оборудование для приложений виртуальной реальности. MSI переносит любителей компьютерных игр на совершенно новый уровень реализма виртуальной реальности, где игры оживают. Afterburner MSI Afterburner – это самое популярное приложение в мире для разгона графических карт, которое позволяет получить полный контроль над видеокартой. Утилита также позволяет получать исчерпывающую информацию об аппаратной части вашего ПК, производить настройку работы вентиляторов, осуществлять запись видео и выполнять тестирование.", 7911);
INSERT INTO webshop.characteristics (CharacteristicID, CharacteristicTypeID, Value, ProductID) VALUES (2628, 1, "PCI-Express x16 3.0", 135);
INSERT INTO webshop.characteristics (CharacteristicID, CharacteristicTypeID, Value, ProductID) VALUES (2629, 2, "Базовая: 1556 МГц В режиме разгона: 1746 МГц", 135);
INSERT INTO webshop.characteristics (CharacteristicID, CharacteristicTypeID, Value, ProductID) VALUES (2630, 16, "7680x4320", 135);
INSERT INTO webshop.characteristics (CharacteristicID, CharacteristicTypeID, Value, ProductID) VALUES (2631, 17, "Активная", 135);
INSERT INTO webshop.characteristics (CharacteristicID, CharacteristicTypeID, Value, ProductID) VALUES (2632, 3, "8 pin", 135);
INSERT INTO webshop.characteristics (CharacteristicID, CharacteristicTypeID, Value, ProductID) VALUES (2633, 4, "DVI DisplayPort HDMI", 135);
INSERT INTO webshop.characteristics (CharacteristicID, CharacteristicTypeID, Value, ProductID) VALUES (2634, 5, "Есть", 135);
INSERT INTO webshop.characteristics (CharacteristicID, CharacteristicTypeID, Value, ProductID) VALUES (2635, 6, "8008 МГц", 135);
INSERT INTO webshop.characteristics (CharacteristicID, CharacteristicTypeID, Value, ProductID) VALUES (2636, 7, "279 x 140 x 37 мм", 135);
INSERT INTO webshop.characteristics (CharacteristicID, CharacteristicTypeID, Value, ProductID) VALUES (2637, 8, "500 Вт", 135);
INSERT INTO webshop.characteristics (CharacteristicID, CharacteristicTypeID, Value, ProductID) VALUES (2638, 9, "GeForce GTX 1070", 135);
INSERT INTO webshop.characteristics (CharacteristicID, CharacteristicTypeID, Value, ProductID) VALUES (2639, 19, "GDDR5", 135);
INSERT INTO webshop.characteristics (CharacteristicID, CharacteristicTypeID, Value, ProductID) VALUES (2640, 20, "36 месяцев", 135);
INSERT INTO webshop.characteristics (CharacteristicID, CharacteristicTypeID, Value, ProductID) VALUES (2641, 21, "1", 135);
INSERT INTO webshop.characteristics (CharacteristicID, CharacteristicTypeID, Value, ProductID) VALUES (2642, 22, "Стандартная", 135);
INSERT INTO webshop.characteristics (CharacteristicID, CharacteristicTypeID, Value, ProductID) VALUES (2643, 12, "256 бит", 135);
INSERT INTO webshop.characteristics (CharacteristicID, CharacteristicTypeID, Value, ProductID) VALUES (2644, 23, "DirectX 12, OpenGL 4.5", 135);
INSERT INTO webshop.characteristics (CharacteristicID, CharacteristicTypeID, Value, ProductID) VALUES (2645, 13, "Нет", 135);
INSERT INTO webshop.characteristics (CharacteristicID, CharacteristicTypeID, Value, ProductID) VALUES (2646, 25, "8 ГБ", 135);
INSERT INTO webshop.characteristics (CharacteristicID, CharacteristicTypeID, Value, ProductID) VALUES (2647, 26, "Вентиляторы MSI TORX + радиатор", 135);
INSERT INTO webshop.images (ImageID, Url, ProductID) VALUES (729, "https://i1.rozetka.ua/goods/1655594/msi_gtx_1070_armor_8g_oc_images_1655594259.jpg", 135);
INSERT INTO webshop.images (ImageID, Url, ProductID) VALUES (730, "https://i1.rozetka.ua/goods/1655594/msi_gtx_1070_armor_8g_oc_images_1655594623.jpg", 135);
INSERT INTO webshop.images (ImageID, Url, ProductID) VALUES (731, "https://i2.rozetka.ua/goods/1655594/msi_gtx_1070_armor_8g_oc_images_1655594077.jpg", 135);
INSERT INTO webshop.images (ImageID, Url, ProductID) VALUES (732, "https://i1.rozetka.ua/goods/1655594/msi_gtx_1070_armor_8g_oc_images_1655594532.jpg", 135);
INSERT INTO webshop.images (ImageID, Url, ProductID) VALUES (733, "https://i2.rozetka.ua/goods/1655594/msi_gtx_1070_armor_8g_oc_images_1655594399.jpg", 135);
INSERT INTO webshop.images (ImageID, Url, ProductID) VALUES (734, "https://i2.rozetka.ua/goods/1655594/msi_gtx_1070_armor_8g_oc_images_1655594168.jpg", 135);
INSERT INTO webshop.comments (CommentID, Nickname, Rating, Message, Date, ProductID) VALUES (345, "Сергей Волошин", 0, "i3-8100 как себя будет вместе чувствовать? Достоинства: + Недостатки: -", "2018-0-0", 135);
INSERT INTO webshop.comments (CommentID, Nickname, Rating, Message, Date, ProductID) VALUES (346, "Денис", 4, "Напишу и я отзыв о карте - может кому пригодится. Сразу оговорюсь, что карту покупал не в розетке. Пользуюсь уже три месяца. Когда её купил сильно меня напрягала температура карты - 65-67градусов в играх на авто режиме вентилятора. Конечно же частоты ядра прыгали от 1995 (или около... Ещеeufvcydfsuwfxvryzabraxzwydryevqux того) до 1884 - в зависимости от температуры. Мне такая позиция карты не совсем пришлась по душе, а вентиляторы выкручивать руками не хотелось, потому как карта очень тихая. Не долго думая я приступил к андервольту. Одно попробовал, второе, третье, и в результате сейчас она у меня работает на вольтаже 0.900v, +500мгц по памяти, при частоте ядра 1987мгц при этом частота ядра никогда теперь не опускается ниже этого значения. Температура карты выше 60 градусов не поднимается. В целом карта неплохая, но цена дороговата, как для такой простой системы охлаждения. Стоит ли переплачивать за нечто большее в лице скажем Asus Strix или Aorus от Gigabyte - ну это смотря что вы хотите от этой карты. У меня под боком есть Aorus, и имея очень внушительную систему охлаждения (огромный радиатор, прямой контакт трубок с чипом, три вентилятора), в нагрузке, разница от MSI будет в 3-4 градуса по чипу в стоке, в андервольте ещё меньше....но думается мне, что Aorus берут не для стока в противном случае, это самая бессмысленная покупка. К этой карте, как и ко всем GTX 1070 - настоятельно рекомендую процессоры Intel не ниже Haswell. Как итог всему написанному здесь здесь, могу лишь сказать, что покупка MSI Armor на 100% оправдана. Только не ленитесь, и настраивайте вольтажи и частоты сами не надеясь на производителя - ведь он не в состоянии делать чипы одинакового качества и уж тем более это отслеживать. Просто попробуйте сами что то изменить. Всем удачных побед! Достоинства: Тихая. Достаточно производительная для FullHD. При тонкой настройке параметров, потребление карты может не превышать 120Вт, что исключает необходимость апгрейда недорого блока питания. Недостатки: Из за простоватой системы охлаждения, необходимо ручное вмешательство в настройки подачи напряжения. Это не проблема, это просто цена за более или менее доступную GTX 1070.", "2017-10-3", 135);
INSERT INTO webshop.comments (CommentID, Nickname, Rating, Message, Date, ProductID) VALUES (347, "Сергей", 0, "в паре с I7 4790 и 16гигов ддр3 все просто летает повторюсь карта очень холодная 65выше не видел в целом очень доволен, надеюсь что мси доработают биос, пред топовая карта и с глюками, уже год прошол а биоса путьнего так и нет Достоинства: тихая холодная не выше65градусов не видел Недостатки: не до конца оптимизирован биос под память микрон.скачал последний с саита мси .некоторые тесты не проходит слетают дрова а также МСИ афтобернер.", "2017-8-1", 135);
-- =====================================================================
INSERT INTO webshop.products (ProductID, ProductTypeID, Title, Description, Price) VALUES (136, 6, "MSI PCI-Ex GeForce GTX 1070 Gaming 8GB GDDR5 (256bit) (1518/8008) (DVI, HDMI, 3 x DisplayPort) (GTX 1070 GAMING 8G)", "GeForce GTX Gaming 8G демонстрирует наивысшую производительность и поддерживает передовые технологии NVIDIA GameWorks и GeForce Experience в самых современных компьютерных играх. Поддержка решений для виртуальной реальности Откройте для себя новое поколение виртуальной реальности, минимальные задержки и plug-and-play совместимость с самыми популярными гарнитурами. Все это становится возможным благодаря технологиям NVIDIA VRWorks. Виртуальный звук, физика и ощущения позволят вам слышать и чувствовать каждый момент. Передовые игровые технологии Ядро Pascal разработано специально для работы с дисплеями следующего поколения, включая решения для виртуальной реальности, ультра-высокое разрешение и подключение нескольких мониторов. Технологии NVIDIA GameWorks обеспечивают максимально плавный геймплей и кинематографическое качество. Кроме этого, становится возможным осуществлять захват видео с революционно новыми возможностями — углом обзора 360 градусов. Производительность Видеокарты на основе графического ядра Pascal демонстрируют высочайшую производительность и энергоэффективность, а такие особенности как, ультра-быстрые транзисторы FinFET и поддержка DirectX 12, способствуют плавному геймплею и высокой скорости в играх. Вентиляторы TORX 2.0 Вентиляторы TORX Fan 2.0 — это новая версия вентиляторов с запатентованной технологией TORX Fan, благодаря которой увеличивается мощность воздушного потока на 22% для лучшего охлаждения и снижается уровень шума. Дисперсионные лопасти вентилятора имеют более крутой профиль, что способствует большему ускорению воздушного потока, увеличивая эффективность охлаждения. Двойной шарикоподшипник Двухрядные подшипники обеспечивают вентиляторам MSI TORX 2.0 продолжительный срок эксплуатации, гарантируя беспроблемный гейминг в течение многих. Работая под нагрузкой, вентиляторы остаются практическими бесшумными. Это позволяет видеокарте оставаться холодной даже во время самых тяжелых игровых сессий. ZeroFrozr – оставайтесь незамеченными Впервые представленная в 2008 году технология MSI ZeroFrozr не осталось незамеченной, в то время как сейчас, она уже успела стать индустриальным стандартом. Суть технологии заключается в управлении вентиляторами, которые полностью останавливаются при отсутствии нагрузки. Таким образом, вы можете полностью сосредоточиться на игре, не отвлекаясь на шум вентиляторов. Создайте подходящую атмосферу с помощью крутых светодиодных эффектов Каждый светодиод контролируется индивидуально при помощи выбранного эффекта анимации через приложение MSI Gaming App: от эффектов мерцания в такт музыки из игры до эффектов breathing, flashing и постоянного свечения. И, конечно, в любой момент подсветку можно выключить. Технология Airflow Control Используя передовые аэродинамические свойства, технология управления воздушным потоком направляет больше воздуха непосредственно на тепловые трубки Twin Frozr VI. Специальные дефлекторы на радиаторе увеличивают площадь охлаждаемой поверхности, что означает более низкие температуры во время игры. Радиатор Медные тепловые трубки толщиной до 8 мм, имеют квадратную форму и гладкую поверхность в месте контакта, улучшают передачу тепла от поверхности к медному радиатору охлаждения. Для отвода тепла непосредственно с поверхности мощного графического процессора в видеокартах серии MSI Gaming используется массивная, никелированная, медная пластина основания. Пластина основания собирает тепло с поверхности графического процессора и передает его тепловым трубкам для последующего отвода и рассеяния. Подключение дополнительного питания Эксклюзивный дизайн печатной платы для высокой производительность, мощное охлаждение и дополнительный коннектор питания 6-pin способствуют запредельному оверклокингу. Улучшенный дизайн PWM 10-фазный дизайн преобразователя напряжения и высококачественные компоненты Military Class гарантируют экстремальную надежность и превосходные результаты оверклокинга. Multi GPU В стремлении получить от игры максимум, энтузиасты компьютерных игр всегда в поисках дополнительной производительности. Использование нескольких видеокарт в режиме SLI, это отличный способ сделать ваш компьютер мощнее. Графические карты MSI Gaming полностью поддерживают технологии использования нескольких видеокарт multi GPU. Backplate Мощная видеокарта нуждается в надежной конструкции сборки, чтобы использовать ее производительность на максимум. MSI Gaming — видеокарта оснащена прочной металлической задней панелью, для дополнительной жесткости. Матовая черная отделка дополняет дизайн Twin Frozr VI в совершенстве. Будущее гейминга G-Sync — плавный, быстрый, завораживающий реалистичностью геймплей без разрывов картинки, дрожания изображения и лагов. Изображение сверхвысокой четкости (UHD) является в четыре раза более четким по сравнению с изображением 1080p. Высочайшая детализация картинки способствует более резкому и четкому изображению во время игры. Подготовтесь к эре виртуальной реальности вместе с MSI Для того чтобы в полной мере насладиться впечатляющими мирами виртуальной реальности необходимо высокопроизводительное оборудование. Хотите подготовить вашу систему к поддержке технологий VR? MSI — ведущий мировой бренд в мире high-end гейминга и киберспорта дает совет как это сделать. Объединяя только самые передовые технологии, MSI создает оборудование для приложений виртуальной реальности. MSI переносит любителей компьютерных игр на совершенно новый уровень реализма виртуальной реальности, где игры оживают. Технология One Click VR Для того чтобы ощутить все преимущества технологий VR необходимо иметь высокопроизводительный компьютер. Приложение MSI Gaming App при помощи всего одного клика мобилизует все возможности вашего компьютера, увеличивая его производительность, а также не позволяет другим приложениям использовать ресурсы ПК. Приложение Gaming APP Приложение MSI Gaming App позволяет одним кликом выбрать нужный профиль производительности для получения дополнительной мощности в играх, или тихой работы при небольших нагрузках. Приложение также имеет специальную вкладку EyeRest, позволяющую получить доступ к настройкам, улучшающим качество изображения. Вкладка LED control позволяет управлять светодиодными индикаторами MSI Gaming LED. Мониторинг в реальном времени частот GPU Core и DRAM, температур GPU и CPU и многое другое прямо в игре и любом другом приложении, работающим в полноэкранном режиме. Эксклюзивное приложение MSI Gaming App также доступно для Android. Теперь вы можете управлять вашей графической картой при помощи вашего смартфона, не прибегая к помощи Windows. Иной взгляд на гейминг MSI Dragon Eye позволяет просматривать видео с YouTube или Twitch Stream одновременно продолжая играть. Просто добавьте ссылку или стрим в приложение Dragon Eye. Выберите размер, положение, громкость, а также степень прозрачности окна и запускайте игру. С помощью горячих клавиш вы можете управлять воспроизведением видео или регулировать громкость. Afterburner MSI Afterburner – это самое популярное приложение в мире для разгона графических карт, которое позволяет получить полный контроль над видеокартой. Утилита также позволяет получать исчерпывающую информацию об аппаратной части вашего ПК, производить настройку работы вентиляторов, осуществлять запись видео и выполнять тестирование.", 5659);
INSERT INTO webshop.characteristics (CharacteristicID, CharacteristicTypeID, Value, ProductID) VALUES (2648, 1, "PCI-Express x16 3.0", 136);
INSERT INTO webshop.characteristics (CharacteristicID, CharacteristicTypeID, Value, ProductID) VALUES (2649, 2, "Gaming Mode: Базовая частота: 1518 МГц В режиме разгона: 1708 МГц OC Mode: Базовая частота: 1531 МГц В режиме разгона: 1721 МГц Silent Mode: Базовая частота: 1506 МГц В режиме разгона: 1683 МГц", 136);
INSERT INTO webshop.characteristics (CharacteristicID, CharacteristicTypeID, Value, ProductID) VALUES (2650, 16, "7680x4320", 136);
INSERT INTO webshop.characteristics (CharacteristicID, CharacteristicTypeID, Value, ProductID) VALUES (2651, 17, "Активная", 136);
INSERT INTO webshop.characteristics (CharacteristicID, CharacteristicTypeID, Value, ProductID) VALUES (2652, 3, "6 + 8 pin", 136);
INSERT INTO webshop.characteristics (CharacteristicID, CharacteristicTypeID, Value, ProductID) VALUES (2653, 4, "DVI DisplayPort HDMI", 136);
INSERT INTO webshop.characteristics (CharacteristicID, CharacteristicTypeID, Value, ProductID) VALUES (2654, 5, "Есть", 136);
INSERT INTO webshop.characteristics (CharacteristicID, CharacteristicTypeID, Value, ProductID) VALUES (2655, 6, "8008 МГц", 136);
INSERT INTO webshop.characteristics (CharacteristicID, CharacteristicTypeID, Value, ProductID) VALUES (2656, 7, "279 x 140 x 42 мм", 136);
INSERT INTO webshop.characteristics (CharacteristicID, CharacteristicTypeID, Value, ProductID) VALUES (2657, 8, "500 Вт", 136);
INSERT INTO webshop.characteristics (CharacteristicID, CharacteristicTypeID, Value, ProductID) VALUES (2658, 9, "GeForce GTX 1070", 136);
INSERT INTO webshop.characteristics (CharacteristicID, CharacteristicTypeID, Value, ProductID) VALUES (2659, 19, "GDDR5", 136);
INSERT INTO webshop.characteristics (CharacteristicID, CharacteristicTypeID, Value, ProductID) VALUES (2660, 20, "36 месяцев", 136);
INSERT INTO webshop.characteristics (CharacteristicID, CharacteristicTypeID, Value, ProductID) VALUES (2661, 21, "1", 136);
INSERT INTO webshop.characteristics (CharacteristicID, CharacteristicTypeID, Value, ProductID) VALUES (2662, 22, "Стандартная", 136);
INSERT INTO webshop.characteristics (CharacteristicID, CharacteristicTypeID, Value, ProductID) VALUES (2663, 12, "256 бит", 136);
INSERT INTO webshop.characteristics (CharacteristicID, CharacteristicTypeID, Value, ProductID) VALUES (2664, 23, "DirectX 12, OpenGL 4.5", 136);
INSERT INTO webshop.characteristics (CharacteristicID, CharacteristicTypeID, Value, ProductID) VALUES (2665, 13, "Нет", 136);
INSERT INTO webshop.characteristics (CharacteristicID, CharacteristicTypeID, Value, ProductID) VALUES (2666, 25, "8 ГБ", 136);
INSERT INTO webshop.characteristics (CharacteristicID, CharacteristicTypeID, Value, ProductID) VALUES (2667, 26, "MSI Twin Frozr VI", 136);
INSERT INTO webshop.images (ImageID, Url, ProductID) VALUES (735, "https://i1.rozetka.ua/goods/1766356/copy_msi_gtx_1070_gaming_z_8g_5805fb47b4018_images_1766356068.jpg", 136);
INSERT INTO webshop.images (ImageID, Url, ProductID) VALUES (736, "https://i1.rozetka.ua/goods/1766356/copy_msi_gtx_1070_gaming_z_8g_5805fb47b4018_images_1766356425.jpg", 136);
INSERT INTO webshop.images (ImageID, Url, ProductID) VALUES (737, "https://i1.rozetka.ua/goods/1766356/copy_msi_gtx_1070_gaming_z_8g_5805fb47b4018_images_1766356642.jpg", 136);
INSERT INTO webshop.images (ImageID, Url, ProductID) VALUES (738, "https://i1.rozetka.ua/goods/1766356/copy_msi_gtx_1070_gaming_z_8g_5805fb47b4018_images_1766356880.jpg", 136);
INSERT INTO webshop.images (ImageID, Url, ProductID) VALUES (739, "https://i1.rozetka.ua/goods/1766488/msi_gtx_1070_gaming_8g_images_1766488473.jpg", 136);
INSERT INTO webshop.images (ImageID, Url, ProductID) VALUES (740, "https://i1.rozetka.ua/goods/1766488/msi_gtx_1070_gaming_8g_images_1766488837.jpg", 136);
INSERT INTO webshop.images (ImageID, Url, ProductID) VALUES (741, "https://i2.rozetka.ua/goods/1766489/msi_gtx_1070_gaming_8g_images_1766489376.jpg", 136);
INSERT INTO webshop.images (ImageID, Url, ProductID) VALUES (742, "https://i1.rozetka.ua/goods/1766489/msi_gtx_1070_gaming_8g_images_1766489838.jpg", 136);
INSERT INTO webshop.images (ImageID, Url, ProductID) VALUES (743, "https://i1.rozetka.ua/goods/1766489/msi_gtx_1070_gaming_8g_images_1766489950.jpg", 136);
INSERT INTO webshop.images (ImageID, Url, ProductID) VALUES (744, "https://i1.rozetka.ua/goods/1766490/msi_gtx_1070_gaming_8g_images_1766490069.jpg", 136);
INSERT INTO webshop.images (ImageID, Url, ProductID) VALUES (745, "https://i1.rozetka.ua/goods/1766490/msi_gtx_1070_gaming_8g_images_1766490223.jpg", 136);
INSERT INTO webshop.images (ImageID, Url, ProductID) VALUES (746, "https://i1.rozetka.ua/goods/1766490/msi_gtx_1070_gaming_8g_images_1766490811.jpg", 136);
INSERT INTO webshop.images (ImageID, Url, ProductID) VALUES (747, "https://i2.rozetka.ua/goods/1766491/msi_gtx_1070_gaming_8g_images_1766491000.jpg", 136);
INSERT INTO webshop.images (ImageID, Url, ProductID) VALUES (748, "https://i2.rozetka.ua/goods/1766491/msi_gtx_1070_gaming_8g_images_1766491168.jpg", 136);
INSERT INTO webshop.comments (CommentID, Nickname, Rating, Message, Date, ProductID) VALUES (348, "titan-bud", 0, "Подскажите нужен ли мне переходник для этой видеокарты для монитора LG 23MP48HQ-P? Если нужен то какой? Или для такой видеокарти надо покупать другой монитор, больше грц, или больше размер, или...? Подскажите норм. моник где-то за 400-500 дол. Достоинства: Дешевле чем у других. Недостатки: Для Украины дорого!", "2018-1-1", 136);
INSERT INTO webshop.comments (CommentID, Nickname, Rating, Message, Date, ProductID) VALUES (349, "Paul Karpenko", 0, "Прошу совета по поводу сборки! Хорошо ли все элементы будут взаимодействовать между собой? Какое охлаждение требуется? Процессор - Intel Core i5-8600K Материнская плата - Asus Prime Z370-A ОЗУ - Kingston DDR4-3000 16 HyperX Predator Black Жесткий диск - Seagate BarraCuda HDD... Еще 3TB 7200rpm SSD диск - Kingston SSDNow A400 240GB Видеокарта - MSI PCI-Ex GeForce GTX 1070 Gaming 8GB Блок питания - Zalman ZM700-TX 700W Корпус - Fractal Design Meshify C", "2018-1-4", 136);
INSERT INTO webshop.comments (CommentID, Nickname, Rating, Message, Date, ProductID) VALUES (350, "Харчук Володимир", 5, "В штатном режиме всегда горит подсветка и вентиляторы стартуют с 60 градусов что ведет к скачку температуры вследствие не мгновенного отклика системы охлаждения. То есть, когда вентили стартуют на автомате то карта по сути слегка поджаривается. Спустя какое-то время подсветка просто надоедает а... Еще из-за скачков температуры возникают вопросы - как долго проработает карта в таком режиме? Чтобы отключить подсветку нужна прога MSI Gaming App а тонкой настройкой вентилей (и еще много чем) заведует прога MSI Afterburner. Проблема в том, что эти две проги между собой плохо дружат когда одновременно работают - сбоят показания термодатчиков, это видно по их периодическому пропаданию из отчета Аида64 и ошибкам FanExpert от Asus. В итоге я оставил Afterburner для управления драйвером и вентилятором а для подсветки поставил утилиту MSI LED Tool.exe, разработанную за бугром человеком который столкнулся с теми же проблемами (в Яндексе загулите чтобы ссылку показало), стартует она из автозагрузки под Win 10, из реестра не запускается. Теперь и тихо, и холодно и все в едином строгом стиле. При длительной загрузке чипа на 100% температура не поднимается выше 67 а обычно 58-59. Внешний термодатчик, засунутый между радиатором VRM и радиатором чипа показывает 55 градусов. Как по мне так идеально ) UPD от 06.09.2017 Для раскрытия потенциала карты нужен Core i7, т.к. Core i5 7600k не хватает примерно на 10% при частоте 4,2 GHz (сцена штурма здания AATIS в CoDIW настройки все на максимуме разрешение 1920х1080). Карта недогружена а проц уже 100% и FPS 60->35 ( Достоинства: 1. Мощная 2. Тихая 3. Холодная 4. Наиболее грамотно спроектированная система охлаждения среди аналогов (отдельно чип, отдельно память и отдельно VRM), что оказалось решающим. Пришлось изучить ... Еще термоснимки всех конкурентов чтобы разобраться кто как сделал охлад и у кого какие температуры после бублика ). Недостатки: Прога ”MSI Afterburning” и ”MSI Gaming App” плохо работают совместно. Подробнее в комментах.", "2017-11-5", 136);
-- =====================================================================
INSERT INTO webshop.products (ProductID, ProductTypeID, Title, Description, Price) VALUES (137, 6, "MSI PCI-Ex GeForce GTX 1070 Ti Armor 8GB GDDR5 (256bit) (1607/8008) (DVI, HDMI, 3 x DisplayPort) (GTX 1070 Ti ARMOR 8G)", "GeForce GTX демонстрирует наивысшую производительность и поддерживает передовые технологии NVIDIA GameWorks и GeForce Experience в самых современных компьютерных играх. Лучшая графика для виртуальной реальности Уникальный функционал NVIDIA гарантирует вам оптимальный уровень производительности, качество изображения и минимальные задержки при работе с приложениями VR виртуальной реальности. Улучшайте ваш игровой опыт Самый простой способ обновить видео драйвера, оптимизировать производительность в играх и делиться успехами. Плавный геймплей без разрывов изображения Синхронизируйте частоту кадров монитора с видеокартой GeForce GTX GPU и наслаждайтесь плавным игровым процессом. Классический черно-белый дизайн Будь стильным вместе с уникальными графическими картами MSI ARMOR. Унаследовав дизайн armor shield, видеокарты выполнены в стильном черно-белом цвете. Идеальное решение для геймеров и кейс моддеров, которые ищут уникальный продукт для своих работ. Именно здесь гейминг встречает класс. Два вентилятора Система охлаждения ARMOR 2X имеет два вентилятора MSI TORX. Благодаря запатентованному дизайну, вентиляторы MSI TORX обеспечивают великолепное охлаждение, оставаясь при этом невероятно тихими. Радиатор и контроль воздушного потока Под стильным кожухом и двумя вентиляторами скрывается массивный радиатор с огромным количеством алюминиевых ребер охлаждения, рассеивающих тепло от графического процессора. Медные тепловые трубки имеют хороший тепловой контакт с радиатором, что способствует эффективному охлаждению. Алюминиевые ребра охлаждения в купе с технологией Airflow Control максимально эффективно рассеивают тепло, идущее от тепловых трубок. MULTI GPU Графические карты MSI Armor полностью поддерживают установку нескольких GPU в режиме NVIDIA SLI. Будущее гейминга Плавный, быстрый, завораживающий реалистичностью геймплей без разрывов картинки, дрожания изображения и лагов. Изображение сверхвысокой четкости (UHD) является в четыре раза более четким по сравнению с изображением 1080p. Высочайшая детализация картинки способствует более резкому и четкому изображению во время игры. Подготовьтесь к эре виртуальной реальности вместе с MSI Для того чтобы в полной мере насладиться впечатляющими мирами виртуальной реальности необходимо высокопроизводительное оборудование. Хотите подготовить вашу систему к поддержке технологий VR? MSI — ведущий мировой бренд в мире high-end гейминга и киберспорта дает совет как это сделать. Объединяя только самые передовые технологии, MSI создает оборудование для приложений виртуальной реальности. MSI переносит любителей компьютерных игр на совершенно новый уровень реализма виртуальной реальности, где игры оживают. Afterburner MSI Afterburner – это самое популярное приложение в мире для разгона графических карт, которое позволяет получить полный контроль над видеокартой. Утилита также позволяет получать исчерпывающую информацию об аппаратной части вашего ПК, производить настройку работы вентиляторов, осуществлять запись видео и выполнять тестирование.", 19526);
INSERT INTO webshop.characteristics (CharacteristicID, CharacteristicTypeID, Value, ProductID) VALUES (2668, 1, "PCI-Express x16 3.0", 137);
INSERT INTO webshop.characteristics (CharacteristicID, CharacteristicTypeID, Value, ProductID) VALUES (2669, 2, "Базовая: 1607 МГц В режиме разгона: 1683 МГц", 137);
INSERT INTO webshop.characteristics (CharacteristicID, CharacteristicTypeID, Value, ProductID) VALUES (2670, 16, "7680x4320", 137);
INSERT INTO webshop.characteristics (CharacteristicID, CharacteristicTypeID, Value, ProductID) VALUES (2671, 17, "Активная", 137);
INSERT INTO webshop.characteristics (CharacteristicID, CharacteristicTypeID, Value, ProductID) VALUES (2672, 3, "6 + 8 pin", 137);
INSERT INTO webshop.characteristics (CharacteristicID, CharacteristicTypeID, Value, ProductID) VALUES (2673, 4, "DVI DisplayPort HDMI", 137);
INSERT INTO webshop.characteristics (CharacteristicID, CharacteristicTypeID, Value, ProductID) VALUES (2674, 5, "Есть", 137);
INSERT INTO webshop.characteristics (CharacteristicID, CharacteristicTypeID, Value, ProductID) VALUES (2675, 6, "8008 МГц", 137);
INSERT INTO webshop.characteristics (CharacteristicID, CharacteristicTypeID, Value, ProductID) VALUES (2676, 7, "279 x 140 x 37 мм", 137);
INSERT INTO webshop.characteristics (CharacteristicID, CharacteristicTypeID, Value, ProductID) VALUES (2677, 8, "500 Вт", 137);
INSERT INTO webshop.characteristics (CharacteristicID, CharacteristicTypeID, Value, ProductID) VALUES (2678, 9, "GeForce GTX 1070 Ti", 137);
INSERT INTO webshop.characteristics (CharacteristicID, CharacteristicTypeID, Value, ProductID) VALUES (2679, 19, "GDDR5", 137);
INSERT INTO webshop.characteristics (CharacteristicID, CharacteristicTypeID, Value, ProductID) VALUES (2680, 20, "36 месяцев", 137);
INSERT INTO webshop.characteristics (CharacteristicID, CharacteristicTypeID, Value, ProductID) VALUES (2681, 21, "1", 137);
INSERT INTO webshop.characteristics (CharacteristicID, CharacteristicTypeID, Value, ProductID) VALUES (2682, 22, "Стандартная", 137);
INSERT INTO webshop.characteristics (CharacteristicID, CharacteristicTypeID, Value, ProductID) VALUES (2683, 12, "256 бит", 137);
INSERT INTO webshop.characteristics (CharacteristicID, CharacteristicTypeID, Value, ProductID) VALUES (2684, 23, "DirectX 12, OpenGL 4.5", 137);
INSERT INTO webshop.characteristics (CharacteristicID, CharacteristicTypeID, Value, ProductID) VALUES (2685, 13, "Нет", 137);
INSERT INTO webshop.characteristics (CharacteristicID, CharacteristicTypeID, Value, ProductID) VALUES (2686, 25, "8 ГБ", 137);
INSERT INTO webshop.characteristics (CharacteristicID, CharacteristicTypeID, Value, ProductID) VALUES (2687, 26, "Вентиляторы MSI TORX + радиатор", 137);
INSERT INTO webshop.images (ImageID, Url, ProductID) VALUES (749, "https://i1.rozetka.ua/goods/2307679/msi_gtx_1070_ti_armor_8g_images_2307679417.jpg", 137);
INSERT INTO webshop.images (ImageID, Url, ProductID) VALUES (750, "https://i1.rozetka.ua/goods/2307679/msi_gtx_1070_ti_armor_8g_images_2307679313.jpg", 137);
INSERT INTO webshop.images (ImageID, Url, ProductID) VALUES (751, "https://i2.rozetka.ua/goods/2307679/msi_gtx_1070_ti_armor_8g_images_2307679625.jpg", 137);
INSERT INTO webshop.images (ImageID, Url, ProductID) VALUES (752, "https://i1.rozetka.ua/goods/2307679/msi_gtx_1070_ti_armor_8g_images_2307679209.jpg", 137);
INSERT INTO webshop.images (ImageID, Url, ProductID) VALUES (753, "https://i1.rozetka.ua/goods/2307679/msi_gtx_1070_ti_armor_8g_images_2307679521.jpg", 137);
INSERT INTO webshop.comments (CommentID, Nickname, Rating, Message, Date, ProductID) VALUES (351, "Сергій Іванюк", 5, "Звичайна відеокарта, чим відрізняється 1070ТІ від 1070 я не знаю Достоинства: Хороша, не гаряча, нормальна швидкість роботи, проста в установленні Недостатки: Ціна, живлення 8+6 пін", "2018-0-1", 137);
INSERT INTO webshop.comments (CommentID, Nickname, Rating, Message, Date, ProductID) VALUES (352, "Денис", 5, "Пользуюсь продукцией MSI с 2012 года, очень доволен качеством данной продукции, за все время ни разу не подвела ни видеокарта, ни материнская плата от данного производителя. Старички уходят как говорится на задний план, вперёд идут молодые, так и я решил поменять свою MSI PCI-Ex GeForce GTX 660 TF... Еще 2GB, купленную на сайте Розетка вконце 2012 года на данную видеокарту. Брал видеокарту не здесь к сожалению, видеокарта действительно достойна внимания. Работает на материнской плате Z77A-G43 с процессором Intel Core i7-3770K @ 4.6 Ghz. В некоторых процессорозависимых играх, данный процессор как мне кажется видеокарту уже не раскрывает полноценно, но таких игр наверное не так много, либо же они просто мне не попадались :) Играю в PUBG (60-120fps) на ультра, Fortnite (100-150fps) тоже, GTA 5 (80-120fps). CS:GO ведёт себя странно, если честно большой разницы в FPS не заметил. На минимальных настройках, старая видеокарта выдает примерно такой же фреймрейт, выставив настройки повыше, те же ультра например, фреймрейт ведёт себя неоднозначно и иногда даже не стабильно, опускаясь с отметки в 300 до отметки 100, не понимаю в чём закономерность (драйвера последние). Проверял в основном на CSDM картах, где порядка 15 человек одновременно находится на карте. Ну и собственно World of Warcraft Legion в рейдах тоже проседает по FPS (примерно до 30-45fps), такое ощущение, что старичок процессор именно в CS:GO и World of Warcraft не дорабатывает нормально. Игры стоят на SSD. Конечно же хотелось бы перейти на более свежую платформу, но пока-что нет такой возможности. Надеюсь, мой отзыв будет кому-то полезен. Удачных покупок! Достоинства: Тихая, холодная Недостатки: Не выявил", "2018-0-1", 137);
INSERT INTO webshop.comments (CommentID, Nickname, Rating, Message, Date, ProductID) VALUES (353, "Олександр Мішакін", 0, "Купляв для ігор, не пожалкувал, все граю на максимумі рекомендую))) Достоинства: Саме то для ігор Недостатки: Поки не виявив", "2017-11-5", 137);
-- =====================================================================
INSERT INTO webshop.products (ProductID, ProductTypeID, Title, Description, Price) VALUES (138, 6, "MSI PCI-Ex GeForce GTX 1070 Ti Gaming 8GB GDDR5 (256bit) (1607/8008) (DVI, HDMI, 3 x DisplayPort) (GTX 1070 Ti GAMING 8G)", "GeForce GTX Gaming 8G демонстрирует наивысшую производительность и поддерживает передовые технологии NVIDIA GameWorks и GeForce Experience в самых современных компьютерных играх. Поддержка решений для виртуальной реальности Откройте для себя новое поколение виртуальной реальности, минимальные задержки и plug-and-play совместимость с самыми популярными гарнитурами. Все это становится возможным благодаря технологиям NVIDIA VRWorks. Виртуальный звук, физика и ощущения позволят вам слышать и чувствовать каждый момент. Передовые игровые технологии Ядро Pascal разработано специально для работы с дисплеями следующего поколения, включая решения для виртуальной реальности, ультра-высокое разрешение и подключение нескольких мониторов. Технологии NVIDIA GameWorks обеспечивают максимально плавный геймплей и кинематографическое качество. Кроме этого, становится возможным осуществлять захват видео с революционно новыми возможностями — углом обзора 360 градусов. Производительность Видеокарты на основе графического ядра Pascal демонстрируют высочайшую производительность и энергоэффективность, а такие особенности как, ультра-быстрые транзисторы FinFET и поддержка DirectX 12, способствуют плавному геймплею и высокой скорости в играх. Вентиляторы TORX 2.0 Вентиляторы TORX Fan 2.0 — это новая версия вентиляторов с запатентованной технологией TORX Fan, благодаря которой увеличивается мощность воздушного потока на 22% для лучшего охлаждения и снижается уровень шума. Дисперсионные лопасти вентилятора имеют более крутой профиль, что способствует большему ускорению воздушного потока, увеличивая эффективность охлаждения. Двойной шарикоподшипник Двухрядные подшипники обеспечивают вентиляторам MSI TORX 2.0 продолжительный срок эксплуатации, гарантируя беспроблемный гейминг в течение многих. Работая под нагрузкой, вентиляторы остаются практическими бесшумными. Это позволяет видеокарте оставаться холодной даже во время самых тяжелых игровых сессий. ZeroFrozr – оставайтесь незамеченными Впервые представленная в 2008 году технология MSI ZeroFrozr не осталось незамеченной, в то время как сейчас, она уже успела стать индустриальным стандартом. Суть технологии заключается в управлении вентиляторами, которые полностью останавливаются при отсутствии нагрузки. Таким образом, вы можете полностью сосредоточиться на игре, не отвлекаясь на шум вентиляторов. Создайте подходящую атмосферу с помощью крутых светодиодных эффектов Каждый светодиод контролируется индивидуально при помощи выбранного эффекта анимации через приложение MSI Gaming App: от эффектов мерцания в такт музыки из игры до эффектов breathing, flashing и постоянного свечения. И, конечно, в любой момент подсветку можно выключить. Технология Airflow Control Используя передовые аэродинамические свойства, технология управления воздушным потоком направляет больше воздуха непосредственно на тепловые трубки Twin Frozr VI. Специальные дефлекторы на радиаторе увеличивают площадь охлаждаемой поверхности, что означает более низкие температуры во время игры. Радиатор Медные тепловые трубки толщиной до 8 мм, имеют квадратную форму и гладкую поверхность в месте контакта, улучшают передачу тепла от поверхности к медному радиатору охлаждения. Для отвода тепла непосредственно с поверхности мощного графического процессора в видеокартах серии MSI Gaming используется массивная, никелированная, медная пластина основания. Пластина основания собирает тепло с поверхности графического процессора и передает его тепловым трубкам для последующего отвода и рассеяния. Подключение дополнительного питания Эксклюзивный дизайн печатной платы для высокой производительность, мощное охлаждение и дополнительный коннектор питания 6-pin способствуют запредельному оверклокингу. Улучшенный дизайн PWM 10-фазный дизайн преобразователя напряжения и высококачественные компоненты Military Class гарантируют экстремальную надежность и превосходные результаты оверклокинга. Multi GPU В стремлении получить от игры максимум, энтузиасты компьютерных игр всегда в поисках дополнительной производительности. Использование нескольких видеокарт в режиме SLI, это отличный способ сделать ваш компьютер мощнее. Графические карты MSI Gaming полностью поддерживают технологии использования нескольких видеокарт multi GPU. Backplate Мощная видеокарта нуждается в надежной конструкции сборки, чтобы использовать ее производительность на максимум. MSI Gaming — видеокарта оснащена прочной металлической задней панелью, для дополнительной жесткости. Матовая черная отделка дополняет дизайн Twin Frozr VI в совершенстве. Будущее гейминга G-Sync — плавный, быстрый, завораживающий реалистичностью геймплей без разрывов картинки, дрожания изображения и лагов. Изображение сверхвысокой четкости (UHD) является в четыре раза более четким по сравнению с изображением 1080p. Высочайшая детализация картинки способствует более резкому и четкому изображению во время игры. Подготовьтесь к эре виртуальной реальности вместе с MSI Для того чтобы в полной мере насладиться впечатляющими мирами виртуальной реальности необходимо высокопроизводительное оборудование. Хотите подготовить вашу систему к поддержке технологий VR? MSI — ведущий мировой бренд в мире high-end гейминга и киберспорта дает совет как это сделать. Объединяя только самые передовые технологии, MSI создает оборудование для приложений виртуальной реальности. MSI переносит любителей компьютерных игр на совершенно новый уровень реализма виртуальной реальности, где игры оживают. Технология One Click VR Для того чтобы ощутить все преимущества технологий VR необходимо иметь высокопроизводительный компьютер. Приложение MSI Gaming App при помощи всего одного клика мобилизует все возможности вашего компьютера, увеличивая его производительность, а также не позволяет другим приложениям использовать ресурсы ПК. Приложение Gaming APP Приложение MSI Gaming App позволяет одним кликом выбрать нужный профиль производительности для получения дополнительной мощности в играх, или тихой работы при небольших нагрузках. Приложение также имеет специальную вкладку EyeRest, позволяющую получить доступ к настройкам, улучшающим качество изображения. Вкладка LED control позволяет управлять светодиодными индикаторами MSI Gaming LED. Мониторинг в реальном времени частот GPU Core и DRAM, температур GPU и CPU и многое другое прямо в игре и любом другом приложении, работающим в полноэкранном режиме. Эксклюзивное приложение MSI Gaming App также доступно для Android. Теперь вы можете управлять вашей графической картой при помощи вашего смартфона, не прибегая к помощи Windows. Иной взгляд на гейминг MSI Dragon Eye позволяет просматривать видео с YouTube или Twitch Stream одновременно продолжая играть. Просто добавьте ссылку или стрим в приложение Dragon Eye. Выберите размер, положение, громкость, а также степень прозрачности окна и запускайте игру. С помощью горячих клавиш вы можете управлять воспроизведением видео или регулировать громкость. Afterburner MSI Afterburner – это самое популярное приложение в мире для разгона графических карт, которое позволяет получить полный контроль над видеокартой. Утилита также позволяет получать исчерпывающую информацию об аппаратной части вашего ПК, производить настройку работы вентиляторов, осуществлять запись видео и выполнять тестирование.", 15401);
INSERT INTO webshop.characteristics (CharacteristicID, CharacteristicTypeID, Value, ProductID) VALUES (2688, 1, "PCI-Express x16 3.0", 138);
INSERT INTO webshop.characteristics (CharacteristicID, CharacteristicTypeID, Value, ProductID) VALUES (2689, 2, "Базовая частота: 1607 МГц В режиме разгона: 1683 МГц", 138);
INSERT INTO webshop.characteristics (CharacteristicID, CharacteristicTypeID, Value, ProductID) VALUES (2690, 16, "7680x4320", 138);
INSERT INTO webshop.characteristics (CharacteristicID, CharacteristicTypeID, Value, ProductID) VALUES (2691, 17, "Активная", 138);
INSERT INTO webshop.characteristics (CharacteristicID, CharacteristicTypeID, Value, ProductID) VALUES (2692, 3, "6 + 8 pin", 138);
INSERT INTO webshop.characteristics (CharacteristicID, CharacteristicTypeID, Value, ProductID) VALUES (2693, 4, "DVI DisplayPort HDMI", 138);
INSERT INTO webshop.characteristics (CharacteristicID, CharacteristicTypeID, Value, ProductID) VALUES (2694, 5, "Есть", 138);
INSERT INTO webshop.characteristics (CharacteristicID, CharacteristicTypeID, Value, ProductID) VALUES (2695, 6, "8008 МГц", 138);
INSERT INTO webshop.characteristics (CharacteristicID, CharacteristicTypeID, Value, ProductID) VALUES (2696, 7, "279 x 140 x 42 мм", 138);
INSERT INTO webshop.characteristics (CharacteristicID, CharacteristicTypeID, Value, ProductID) VALUES (2697, 8, "500 Вт", 138);
INSERT INTO webshop.characteristics (CharacteristicID, CharacteristicTypeID, Value, ProductID) VALUES (2698, 9, "GeForce GTX 1070 Ti", 138);
INSERT INTO webshop.characteristics (CharacteristicID, CharacteristicTypeID, Value, ProductID) VALUES (2699, 19, "GDDR5", 138);
INSERT INTO webshop.characteristics (CharacteristicID, CharacteristicTypeID, Value, ProductID) VALUES (2700, 20, "36 месяцев", 138);
INSERT INTO webshop.characteristics (CharacteristicID, CharacteristicTypeID, Value, ProductID) VALUES (2701, 21, "1", 138);
INSERT INTO webshop.characteristics (CharacteristicID, CharacteristicTypeID, Value, ProductID) VALUES (2702, 22, "Стандартная", 138);
INSERT INTO webshop.characteristics (CharacteristicID, CharacteristicTypeID, Value, ProductID) VALUES (2703, 12, "256 бит", 138);
INSERT INTO webshop.characteristics (CharacteristicID, CharacteristicTypeID, Value, ProductID) VALUES (2704, 23, "DirectX 12, OpenGL 4.5", 138);
INSERT INTO webshop.characteristics (CharacteristicID, CharacteristicTypeID, Value, ProductID) VALUES (2705, 13, "Нет", 138);
INSERT INTO webshop.characteristics (CharacteristicID, CharacteristicTypeID, Value, ProductID) VALUES (2706, 25, "8 ГБ", 138);
INSERT INTO webshop.characteristics (CharacteristicID, CharacteristicTypeID, Value, ProductID) VALUES (2707, 26, "MSI Twin Frozr VI", 138);
INSERT INTO webshop.images (ImageID, Url, ProductID) VALUES (754, "https://i1.rozetka.ua/goods/2307656/msi_gtx_1070_ti_gaming_8g_images_2307656329.jpg", 138);
INSERT INTO webshop.images (ImageID, Url, ProductID) VALUES (755, "https://i1.rozetka.ua/goods/2307656/msi_gtx_1070_ti_gaming_8g_images_2307656433.jpg", 138);
INSERT INTO webshop.images (ImageID, Url, ProductID) VALUES (756, "https://i2.rozetka.ua/goods/2307656/msi_gtx_1070_ti_gaming_8g_images_2307656745.jpg", 138);
INSERT INTO webshop.images (ImageID, Url, ProductID) VALUES (757, "https://i1.rozetka.ua/goods/2307656/msi_gtx_1070_ti_gaming_8g_images_2307656537.jpg", 138);
INSERT INTO webshop.images (ImageID, Url, ProductID) VALUES (758, "https://i2.rozetka.ua/goods/2307656/msi_gtx_1070_ti_gaming_8g_images_2307656641.jpg", 138);
INSERT INTO webshop.comments (CommentID, Nickname, Rating, Message, Date, ProductID) VALUES (354, "Ярослав Кириленко", 0, "Чем отличается 1070 Ti от 1070? Объясните пожалуйста!", "2018-0-6", 138);
INSERT INTO webshop.comments (CommentID, Nickname, Rating, Message, Date, ProductID) VALUES (355, "Светлана Пошкребнёва", 0, "Здравствуйте,когда будет в наличии", "2017-11-5", 138);
INSERT INTO webshop.comments (CommentID, Nickname, Rating, Message, Date, ProductID) VALUES (356, "Сергей Марков", 5, "Благодарен одному из менеджеров который решил мою проблему при заказе, заказ по какой-то причине отменился :-) Менеджеру моего заказа респект!!! Картой очень доволен, просто нет слов! Магаз на Петровке просто громадный! Карточка стоит своих денег! Достоинства: Отличная новинка, память микрон Недостатки: Не обнаружил", "2017-11-5", 138);
-- =====================================================================
INSERT INTO webshop.products (ProductID, ProductTypeID, Title, Description, Price) VALUES (139, 6, "MSI PCI-Ex GeForce GTX 1080 Armor 8GB GDDR5X (256bit) (1607/10010) (DVI, HDMI, 3 x DisplayPort) (GTX 1080 ARMOR 8G)", "GeForce GTX демонстрирует наивысшую производительность и поддерживает передовые технологии NVIDIA GameWorks и GeForce Experience в самых современных компьютерных играх. Лучшая графика для виртуальной реальности Уникальный функционал NVIDIA гарантирует вам оптимальный уровень производительности, качество изображения и минимальные задержки при работе с приложениями VR виртуальной реальности. Улучшайте ваш игровой опыт Самый простой способ обновить видео драйвера, оптимизировать производительность в играх и делиться успехами. Плавный геймплей без разрывов изображения Синхронизируйте частоту кадров монитора с видеокартой GeForce GTX GPU и наслаждайтесь плавным игровым процессом. Классический черно-белый дизайн Будь стильным вместе с уникальными графическими картами MSI ARMOR. Унаследовав дизайн armor shield, видеокарты выполнены в стильном черно-белом цвете. Идеальное решение для геймеров и кейс моддеров, которые ищут уникальный продукт для своих работ. Именно здесь гейминг встречает класс. Два вентилятора Система охлаждения ARMOR 2X имеет два вентилятора MSI TORX. Благодаря запатентованному дизайну, вентиляторы MSI TORX обеспечивают великолепное охлаждение, оставаясь при этом невероятно тихими. Радиатор и контроль воздушного потока Под стильным кожухом и двумя вентиляторами скрывается массивный радиатор с огромным количеством алюминиевых ребер охлаждения, рассеивающих тепло от графического процессора. Медные тепловые трубки имеют хороший тепловой контакт с радиатором, что способствует эффективному охлаждению. Алюминиевые ребра охлаждения в купе с технологией Airflow Control максимально эффективно рассеивают тепло, идущее от тепловых трубок. MULTI GPU Графические карты MSI Armor полностью поддерживают установку нескольких GPU в режиме NVIDIA SLI. Будущее гейминга Плавный, быстрый, завораживающий реалистичностью геймплей без разрывов картинки, дрожания изображения и лагов. Изображение сверхвысокой четкости (UHD) является в четыре раза более четким по сравнению с изображением 1080p. Высочайшая детализация картинки способствует более резкому и четкому изображению во время игры. Подготовьтесь к эре виртуальной реальности вместе с MSI Для того чтобы в полной мере насладиться впечатляющими мирами виртуальной реальности необходимо высокопроизводительное оборудование. Хотите подготовить вашу систему к поддержке технологий VR? MSI — ведущий мировой бренд в мире high-end гейминга и киберспорта дает совет как это сделать. Объединяя только самые передовые технологии, MSI создает оборудование для приложений виртуальной реальности. MSI переносит любителей компьютерных игр на совершенно новый уровень реализма виртуальной реальности, где игры оживают. Afterburner MSI Afterburner – это самое популярное приложение в мире для разгона графических карт, которое позволяет получить полный контроль над видеокартой. Утилита также позволяет получать исчерпывающую информацию об аппаратной части вашего ПК, производить настройку работы вентиляторов, осуществлять запись видео и выполнять тестирование.", 19584);
INSERT INTO webshop.characteristics (CharacteristicID, CharacteristicTypeID, Value, ProductID) VALUES (2708, 1, "PCI-Express x16 3.0", 139);
INSERT INTO webshop.characteristics (CharacteristicID, CharacteristicTypeID, Value, ProductID) VALUES (2709, 2, "Базовая: 1607 МГц В режиме разгона: 1733 МГц", 139);
INSERT INTO webshop.characteristics (CharacteristicID, CharacteristicTypeID, Value, ProductID) VALUES (2710, 16, "7680x4320", 139);
INSERT INTO webshop.characteristics (CharacteristicID, CharacteristicTypeID, Value, ProductID) VALUES (2711, 17, "Активная", 139);
INSERT INTO webshop.characteristics (CharacteristicID, CharacteristicTypeID, Value, ProductID) VALUES (2712, 3, "6 + 8 pin", 139);
INSERT INTO webshop.characteristics (CharacteristicID, CharacteristicTypeID, Value, ProductID) VALUES (2713, 4, "DVI DisplayPort HDMI", 139);
INSERT INTO webshop.characteristics (CharacteristicID, CharacteristicTypeID, Value, ProductID) VALUES (2714, 5, "Есть", 139);
INSERT INTO webshop.characteristics (CharacteristicID, CharacteristicTypeID, Value, ProductID) VALUES (2715, 6, "10010 МГц", 139);
INSERT INTO webshop.characteristics (CharacteristicID, CharacteristicTypeID, Value, ProductID) VALUES (2716, 7, "279 x 140 x 37 мм", 139);
INSERT INTO webshop.characteristics (CharacteristicID, CharacteristicTypeID, Value, ProductID) VALUES (2717, 8, "500 Вт", 139);
INSERT INTO webshop.characteristics (CharacteristicID, CharacteristicTypeID, Value, ProductID) VALUES (2718, 9, "GeForce GTX 1080", 139);
INSERT INTO webshop.characteristics (CharacteristicID, CharacteristicTypeID, Value, ProductID) VALUES (2719, 19, "GDDR5X", 139);
INSERT INTO webshop.characteristics (CharacteristicID, CharacteristicTypeID, Value, ProductID) VALUES (2720, 20, "36 месяцев", 139);
INSERT INTO webshop.characteristics (CharacteristicID, CharacteristicTypeID, Value, ProductID) VALUES (2721, 21, "1", 139);
INSERT INTO webshop.characteristics (CharacteristicID, CharacteristicTypeID, Value, ProductID) VALUES (2722, 22, "Стандартная", 139);
INSERT INTO webshop.characteristics (CharacteristicID, CharacteristicTypeID, Value, ProductID) VALUES (2723, 12, "256 бит", 139);
INSERT INTO webshop.characteristics (CharacteristicID, CharacteristicTypeID, Value, ProductID) VALUES (2724, 23, "DirectX 12, OpenGL 4.5", 139);
INSERT INTO webshop.characteristics (CharacteristicID, CharacteristicTypeID, Value, ProductID) VALUES (2725, 13, "Нет", 139);
INSERT INTO webshop.characteristics (CharacteristicID, CharacteristicTypeID, Value, ProductID) VALUES (2726, 14, "Китай", 139);
INSERT INTO webshop.characteristics (CharacteristicID, CharacteristicTypeID, Value, ProductID) VALUES (2727, 25, "8 ГБ", 139);
INSERT INTO webshop.characteristics (CharacteristicID, CharacteristicTypeID, Value, ProductID) VALUES (2728, 26, "Вентиляторы MSI TORX + радиатор", 139);
INSERT INTO webshop.images (ImageID, Url, ProductID) VALUES (759, "https://i2.rozetka.ua/goods/2426998/copy_msi_gtx_1080_armor_8g_oc_5a37d5ab69253_images_2426998425.jpg", 139);
INSERT INTO webshop.images (ImageID, Url, ProductID) VALUES (760, "https://i2.rozetka.ua/goods/2426998/copy_msi_gtx_1080_armor_8g_oc_5a37d5ab69253_images_2426998745.jpg", 139);
INSERT INTO webshop.images (ImageID, Url, ProductID) VALUES (761, "https://i2.rozetka.ua/goods/2426998/copy_msi_gtx_1080_armor_8g_oc_5a37d5ab69253_images_2426998921.jpg", 139);
INSERT INTO webshop.images (ImageID, Url, ProductID) VALUES (762, "https://i1.rozetka.ua/goods/2426999/copy_msi_gtx_1080_armor_8g_oc_5a37d5ab69253_images_2426999161.jpg", 139);
INSERT INTO webshop.images (ImageID, Url, ProductID) VALUES (763, "https://i1.rozetka.ua/goods/2427086/msi_gtx_1080_armor_8g_images_2427086465.jpg", 139);
INSERT INTO webshop.comments (CommentID, Nickname, Rating, Message, Date, ProductID) VALUES (357, "Муса", 0, "В чем ее новизна?", "2017-11-6", 139);
-- =====================================================================
INSERT INTO webshop.products (ProductID, ProductTypeID, Title, Description, Price) VALUES (140, 6, "MSI PCI-Ex GeForce GTX 1080 Gaming 8GB GDDR5X (256bit) (1620/10010) (DVI, HDMI, 3 x DisplayPort) (GTX 1080 GAMING 8G)", "Новая видеокарта MSI GTX 1080 Gaming 8G. Впечатляющая система охлаждения Twin Frozr VI позволяет поднимать частоты графического процессора и видеопамяти еще выше и достигать нового уровня производительности в играх. Притягательный внешний вид кулера Twin Frozr, усилен огненно-красной подсветкой, в то время как, фирменный дракон MSI Gaming, расположившийся сбоку, подсвечивается RGB подсветкой с 16.8 миллионами цветов в соответствии с вашим настроением. В полностью новом, 10-ти фазном преобразователе питания используются компоненты Military Class 4. Видеокарта GTX 1080 Gaming 8G основана на новой архитектуре Pascal, а также имеет на борту 8 ГБ высокопроизводительной памяти GDDR5X. Поддерживает предельно высокое разрешение экрана! Next-Gen Gaming Technologies — nVidia Pascal GeForce GTX 1080 использует мощь Pascal для удовлетворения требований новейших дисплеев, а также VR, ультравысокого разрешения, в том числе с несколькими мониторами. Графический процессор, исполнен по 16-нанометровой технологи FinFET и содержит 2560 CUDA-блоков с итоговой вычислительной производительностью — 9 TFLOPS. Вентиляторы TORX 2.0 Вентиляторы TORX Fan 2.0 — это новая версия вентиляторов с запатентованной технологией TORX Fan, благодаря которой увеличивается мощность воздушного потока на 22% для лучшего охлаждения и снижается уровень шума. Двойной шарикоподшипник В новых вентиляторах установлены подшипники с двойным рядом шариков, что в свою очередь гарантирует бесшумную работу в течение продолжительного времени. Радиатор Является шедевром инженерного искусства, специально разработан, для большей эффективности охлаждения видеокарты. Каждая крошечная деталь сложной конструкции радиатора играет существенную роль в обеспечении охлаждения и тишины работы. Тепловые трубки, соединенные с массивным радиатором, изготовлены из меди и имеют диаметр 8 мм. Квадратное сечение трубки в месте соединения с никелированной медной пластиной основания, в сочетании со специальным термокомпаундом X, позволяют эффективно отводить тепло от вычислительного ядра Pascal. Технология Airflow Control Используя передовые аэродинамические свойства, технология управления воздушным потоком направляет больше воздуха непосредственно на тепловые трубки Twin Frozr VI. Специальные дефлекторы на радиаторе увеличивают площадь охлаждаемой поверхности, что означает более низкие температуры во время игры. Backplate Мощная видеокарта нуждается в надежной конструкции сборки, чтобы использовать ее производительность на максимум. MSI Gaming видеокарты оснащены прочной металлической задней панелью, для дополнительной жесткости. Матовая черная отделка дополняет дизайн Twin Frozr VI в совершенстве. Multi GPU Энтузиасты всегда ищут максимальные решения, чтобы получить более высокую производительность. И без того мощная видеокарта, также поддерживает SLI, что является отличным способом, чтобы выяснить предельные возможности вашей системы. VR Ready Чтобы с головой погрузиться в мир виртуальной реальности и при этом получить удовольствие, необходимо иметь высокопроизводительное железо. Благодаря тому, что MSI является мировым лидером игровой индустрии и киберспорта, инженеры и разработчики компании точно знают, как сделать систему гарантированно совместимой с лучшими VR-технологиями. Применяя в своих VR-совместимых продуктах только самые лучшие и современные технологии, MSI совместно с VR-партнёрами дарит геймерам экстремально реалистичный опыт в виртуальных мирах, заставляя игры становиться реальностью. MSI Gaming App Приложение MSI Gaming App позволяет геймерам быстро переключаться между режимами OC, Gaming и Silent. Последняя версия приложения MSI Gaming App имеет функцию One-click to VR, благодаря которой, ваш ПК может быть мгновенно оптимизирован для работы с технологиями виртуальной реальности. Кроме того, такие полезные функции как EyeRest и Dragon Eye улучшают качество изображения и позволяют просматривать видео на YouTube во время игры. Afterburner MSI Afterburner – признанный по всему миру кросс-вендорный инструмент для разгона графического процессора. Простой интерфейс предоставляет доступ к самой детальной информации по вашей видеокарте и позволяет перенастраивать на вашей видеокарте практически все, что возможно. Программа совместима с 64-битными приложениями и доступна на множестве языков, включая русский, испанский, китайский и корейский. Поддержка настройки и установки собственных скинов пользователя, любой почувствует себя как дома. Afterburner может управляться со смартфона на iOS или Android, а встроенная утилита Kombustor для бенчмаркинга даст всю информацию о подлинных показателях вашей видеокарты.", 12485);
INSERT INTO webshop.characteristics (CharacteristicID, CharacteristicTypeID, Value, ProductID) VALUES (2729, 1, "PCI-Express x16 3.0", 140);
INSERT INTO webshop.characteristics (CharacteristicID, CharacteristicTypeID, Value, ProductID) VALUES (2730, 2, "Gaming Mode: 1620 МГц (GPU Boost: 1759 МГц) OC Mode: 1632 МГц (GPU Boost: 1771 МГц) Silent Mode: 1607 МГц (GPU Boost: 1733 МГц)", 140);
INSERT INTO webshop.characteristics (CharacteristicID, CharacteristicTypeID, Value, ProductID) VALUES (2731, 16, "7680x4320", 140);
INSERT INTO webshop.characteristics (CharacteristicID, CharacteristicTypeID, Value, ProductID) VALUES (2732, 17, "Активная", 140);
INSERT INTO webshop.characteristics (CharacteristicID, CharacteristicTypeID, Value, ProductID) VALUES (2733, 3, "6 + 8 pin", 140);
INSERT INTO webshop.characteristics (CharacteristicID, CharacteristicTypeID, Value, ProductID) VALUES (2734, 4, "DVI DisplayPort HDMI", 140);
INSERT INTO webshop.characteristics (CharacteristicID, CharacteristicTypeID, Value, ProductID) VALUES (2735, 5, "Есть", 140);
INSERT INTO webshop.characteristics (CharacteristicID, CharacteristicTypeID, Value, ProductID) VALUES (2736, 6, "10010 МГц", 140);
INSERT INTO webshop.characteristics (CharacteristicID, CharacteristicTypeID, Value, ProductID) VALUES (2737, 7, "279 x 140 x 42 мм", 140);
INSERT INTO webshop.characteristics (CharacteristicID, CharacteristicTypeID, Value, ProductID) VALUES (2738, 8, "500 Вт", 140);
INSERT INTO webshop.characteristics (CharacteristicID, CharacteristicTypeID, Value, ProductID) VALUES (2739, 9, "GeForce GTX 1080", 140);
INSERT INTO webshop.characteristics (CharacteristicID, CharacteristicTypeID, Value, ProductID) VALUES (2740, 19, "GDDR5X", 140);
INSERT INTO webshop.characteristics (CharacteristicID, CharacteristicTypeID, Value, ProductID) VALUES (2741, 20, "36 месяцев", 140);
INSERT INTO webshop.characteristics (CharacteristicID, CharacteristicTypeID, Value, ProductID) VALUES (2742, 21, "1", 140);
INSERT INTO webshop.characteristics (CharacteristicID, CharacteristicTypeID, Value, ProductID) VALUES (2743, 22, "Стандартная", 140);
INSERT INTO webshop.characteristics (CharacteristicID, CharacteristicTypeID, Value, ProductID) VALUES (2744, 12, "256 бит", 140);
INSERT INTO webshop.characteristics (CharacteristicID, CharacteristicTypeID, Value, ProductID) VALUES (2745, 23, "DirectX 12, OpenGL 4.5", 140);
INSERT INTO webshop.characteristics (CharacteristicID, CharacteristicTypeID, Value, ProductID) VALUES (2746, 13, "Нет", 140);
INSERT INTO webshop.characteristics (CharacteristicID, CharacteristicTypeID, Value, ProductID) VALUES (2747, 25, "8 ГБ", 140);
INSERT INTO webshop.characteristics (CharacteristicID, CharacteristicTypeID, Value, ProductID) VALUES (2748, 26, "MSI Twin Frozr VI", 140);
INSERT INTO webshop.images (ImageID, Url, ProductID) VALUES (764, "https://i2.rozetka.ua/goods/1772822/msi_gtx_1080_gaming_8g_images_1772822206.jpg", 140);
INSERT INTO webshop.images (ImageID, Url, ProductID) VALUES (765, "https://i2.rozetka.ua/goods/1772822/msi_gtx_1080_gaming_8g_images_1772822297.jpg", 140);
INSERT INTO webshop.images (ImageID, Url, ProductID) VALUES (766, "https://i2.rozetka.ua/goods/1772822/msi_gtx_1080_gaming_8g_images_1772822388.jpg", 140);
INSERT INTO webshop.images (ImageID, Url, ProductID) VALUES (767, "https://i2.rozetka.ua/goods/1772822/msi_gtx_1080_gaming_8g_images_1772822570.jpg", 140);
INSERT INTO webshop.images (ImageID, Url, ProductID) VALUES (768, "https://i2.rozetka.ua/goods/1772822/msi_gtx_1080_gaming_8g_images_1772822661.jpg", 140);
INSERT INTO webshop.images (ImageID, Url, ProductID) VALUES (769, "https://i2.rozetka.ua/goods/1772822/msi_gtx_1080_gaming_8g_images_1772822843.jpg", 140);
INSERT INTO webshop.images (ImageID, Url, ProductID) VALUES (770, "https://i1.rozetka.ua/goods/1772823/msi_gtx_1080_gaming_8g_images_1772823109.jpg", 140);
INSERT INTO webshop.images (ImageID, Url, ProductID) VALUES (771, "https://i1.rozetka.ua/goods/1772823/msi_gtx_1080_gaming_8g_images_1772823571.jpg", 140);
INSERT INTO webshop.images (ImageID, Url, ProductID) VALUES (772, "https://i1.rozetka.ua/goods/1772823/msi_gtx_1080_gaming_8g_images_1772823844.jpg", 140);
INSERT INTO webshop.images (ImageID, Url, ProductID) VALUES (773, "https://i1.rozetka.ua/goods/1772823/msi_gtx_1080_gaming_8g_images_1772823935.jpg", 140);
INSERT INTO webshop.images (ImageID, Url, ProductID) VALUES (774, "https://i2.rozetka.ua/goods/1772824/msi_gtx_1080_gaming_8g_images_1772824026.jpg", 140);
INSERT INTO webshop.images (ImageID, Url, ProductID) VALUES (775, "https://i2.rozetka.ua/goods/1772824/msi_gtx_1080_gaming_8g_images_1772824117.jpg", 140);
INSERT INTO webshop.images (ImageID, Url, ProductID) VALUES (776, "https://i1.rozetka.ua/goods/1772824/msi_gtx_1080_gaming_8g_images_1772824208.jpg", 140);
INSERT INTO webshop.images (ImageID, Url, ProductID) VALUES (777, "https://i1.rozetka.ua/goods/1772824/msi_gtx_1080_gaming_8g_images_1772824299.jpg", 140);
INSERT INTO webshop.comments (CommentID, Nickname, Rating, Message, Date, ProductID) VALUES (358, "Андрей Корсун", 0, "Подойдет ли видеокарта до материнской платы MSI 970-A, и процессору AMD FX-8320", "2018-1-1", 140);
INSERT INTO webshop.comments (CommentID, Nickname, Rating, Message, Date, ProductID) VALUES (359, "Андрей Иванец", 0, "Операционка стоит на SSD Kingston HyperX 3K 120GB 2.5” SATAIII MLC (SH103S3/120G OEM) Подробнее: http://hard.rozetka.com.ua/kingston_sh103s3_120g_oem/p211217/ Игры на Kingston HyperX Savage 240GB 2.5” SATAIII MLC (SHSS37A/240G) Подробнее:... Еще https://my.rozetka.com.ua/profile/reviews/ Процессор Intel Core i5-3550 3.3GHz/5GT/s/6MB (BX80637I53550) s1155 BOX Подробнее: http://hard.rozetka.com.ua/intel_core_i5_3550_bx80637i53550/p212090/ Память Kingston DDR3-1600 8192MB PC3-12800 (KVR16N11/8_KVR16N11H/8) Подробнее: http://hard.rozetka.com.ua/kingston_kvr16n11_8/p227938/ Память Kingston DDR3-1333 4096MB PC3-10600 (KVR13N9/4-SEBK) Подробнее: http://hard.rozetka.com.ua/kingston_kvr13n9_4-sebk/p239873/ Материнская плата Asus P8Z77-V Deluxe (s1155, Intel Z77, PCI-Ex16) Подробнее: http://hard.rozetka.com.ua/asus_p8z77-v_deluxe/p213939/ Блок питания Chieftec APS-800C 800W Подробнее: http://hard.rozetka.com.ua/38348/p38348/ Эта видеокарта будет нормально работать ?", "2018-1-2", 140);
INSERT INTO webshop.comments (CommentID, Nickname, Rating, Message, Date, ProductID) VALUES (360, "Олег", 0, "Здравствуйте, вопрос к представителю компании данной видеокарте, ”потерпит ли видеокарта” пока мою материнскую плату MSI Z97 MPower MAX AC (s1150, Intel Z97, PCI-Ex16) процессор 4790К, без каких-то там потерь??? Или будет разница если будет стоять на материнской плате Z170, 270 и т.д??? Вообщем... Еще критично или нет? Зарание спасибо!", "2018-1-6", 140);
-- =====================================================================
INSERT INTO webshop.products (ProductID, ProductTypeID, Title, Description, Price) VALUES (141, 6, "MSI PCI-Ex GeForce GTX 1080 Gaming X 8GB GDDR5X (256bit) (1683/10108) (DVI, HDMI, 3 x DisplayPort) (GTX 1080 GAMING X 8G)", "TWIN FROZR VI - непревзойденное охлаждение Новый дизайн TWIN FROZR VI от MSI поднимает планку в воздушном охлаждении видеокарт на неслыханный уровень. Новое охлаждение на 40% тише своего предшественника Twin Frozr V. Разница кроется в деталях. Динамическая LED подсветка RGB LED подсветка Компоненты Military Class Радиатор зоны памяти и VRM Оптимизированный дизайн печатной платы Задняя металлическая пластина Радиатор Вентилятор TORX 2.0 Двойной шарикоподшипник Технология Zero Frozr TWIN FROZR VI: Низкая температура, бесшумная работа и стабильная производительность Идеально сбалансированное высокоэффективное охлаждение обеспечивает стабильную производительность видеокарты в играх, оставаясь аюбсолютно бесшумным. Низкая температура Максимальная температура при шуме 40дБ (10 минут теста FireStrike) Бесшумная работа Уровень шума Стабильная производительность Стабильная производительностьНестабильность в работе ВЕНТИЛЯТОРЫ TORX 2.0 — КОМАНДНАЯ РАБОТА ДЛЯ БОЛЬШЕЙ ЭФФЕКТИВНОСТИ Так же, как в играх, эксклюзивная технология для вентиляторов MSI TORX 2.0 использует силу командной работы, чтобы Twin Frozr VI смог достичь новых уровней охлаждения. Конструкция вентиляторов TORX 2.0 генерирует на 22% большее давление воздуха для чрезвычайно бесшумной работы в пылу боя. Рассеивающие лопасти вентилятора Традиционные лопасти вентилятора ДВОЙНОЙ ШАРИКОПОДШИПНИК Двойные шарикоподшипники обеспечивают вентиляторам MSI TORX 2.0 продолжительный срок эксплуатации, гарантируя беспроблемную работу в течение многих лет. Под нагрузкой, вентиляторы остаются практическими бесшумными. Это позволяет видеокарте оставаться холодной даже под самой высокой нагрузкой. ZERO FROZR — ОСТАВАЙСЯ БЕСШУМНЫМ Впервые представленная MSI в 2008 году технология ZeroFrozr стала сегодня отраслевым стандартом среди графических карт. Она устраняет шум вентилятора, прекращая их вращение в условиях низкой нагрузки. Это означает, что вы можете сосредоточиться на игре без лишнего шума от вентиляторов. > 60°C: Вентиляторы вращаются Вентиляторы вращаются во время интенсивных игр или бенчмаркинга < 60°C: Вентиляторы остановлены Вентиляторы не вращаются во время простоя, мультимедиа или лёгких игр СОЗДАЙ АТМОСФЕРУ С КРУТЫМИ LED-ЕФФЕКТАМИ Каждым светодиодом можно управлять индивидуально, выбирая любой из режимов анимации, доступных в MSI Gaming App, начиная от визуализации вашего внутриигрового звука или музыки до спокойной подсветки, дыхания или даже режима молнии. И конечно, вы можете просто отключить их. Программное обеспечение MSI Gaming App MSI Dragon eye MSI Afterburner XSplit Gamecaster WTFast Поддерживает технологии", 15814);
INSERT INTO webshop.characteristics (CharacteristicID, CharacteristicTypeID, Value, ProductID) VALUES (2749, 1, "PCI-Express x16 3.0", 141);
INSERT INTO webshop.characteristics (CharacteristicID, CharacteristicTypeID, Value, ProductID) VALUES (2750, 2, "Gaming Mode: 1683 МГц (GPU Boost: 1822 МГц) OC Mode: 1708 МГц (GPU Boost: 1847 МГц) Silent Mode: 1607 МГц (GPU Boost: 1733 МГц)", 141);
INSERT INTO webshop.characteristics (CharacteristicID, CharacteristicTypeID, Value, ProductID) VALUES (2751, 16, "7680x4320", 141);
INSERT INTO webshop.characteristics (CharacteristicID, CharacteristicTypeID, Value, ProductID) VALUES (2752, 17, "Активная", 141);
INSERT INTO webshop.characteristics (CharacteristicID, CharacteristicTypeID, Value, ProductID) VALUES (2753, 3, "6 + 8 pin", 141);
INSERT INTO webshop.characteristics (CharacteristicID, CharacteristicTypeID, Value, ProductID) VALUES (2754, 4, "DVI DisplayPort HDMI", 141);
INSERT INTO webshop.characteristics (CharacteristicID, CharacteristicTypeID, Value, ProductID) VALUES (2755, 5, "Есть", 141);
INSERT INTO webshop.characteristics (CharacteristicID, CharacteristicTypeID, Value, ProductID) VALUES (2756, 6, "10108 МГц", 141);
INSERT INTO webshop.characteristics (CharacteristicID, CharacteristicTypeID, Value, ProductID) VALUES (2757, 7, "279 x 140 x 42 мм", 141);
INSERT INTO webshop.characteristics (CharacteristicID, CharacteristicTypeID, Value, ProductID) VALUES (2758, 8, "500 Вт", 141);
INSERT INTO webshop.characteristics (CharacteristicID, CharacteristicTypeID, Value, ProductID) VALUES (2759, 9, "GeForce GTX 1080", 141);
INSERT INTO webshop.characteristics (CharacteristicID, CharacteristicTypeID, Value, ProductID) VALUES (2760, 19, "GDDR5X", 141);
INSERT INTO webshop.characteristics (CharacteristicID, CharacteristicTypeID, Value, ProductID) VALUES (2761, 20, "36 месяцев", 141);
INSERT INTO webshop.characteristics (CharacteristicID, CharacteristicTypeID, Value, ProductID) VALUES (2762, 21, "1", 141);
INSERT INTO webshop.characteristics (CharacteristicID, CharacteristicTypeID, Value, ProductID) VALUES (2763, 22, "Стандартная", 141);
INSERT INTO webshop.characteristics (CharacteristicID, CharacteristicTypeID, Value, ProductID) VALUES (2764, 12, "256 бит", 141);
INSERT INTO webshop.characteristics (CharacteristicID, CharacteristicTypeID, Value, ProductID) VALUES (2765, 23, "DirectX 12, OpenGL 4.5", 141);
INSERT INTO webshop.characteristics (CharacteristicID, CharacteristicTypeID, Value, ProductID) VALUES (2766, 13, "Нет", 141);
INSERT INTO webshop.characteristics (CharacteristicID, CharacteristicTypeID, Value, ProductID) VALUES (2767, 25, "8 ГБ", 141);
INSERT INTO webshop.characteristics (CharacteristicID, CharacteristicTypeID, Value, ProductID) VALUES (2768, 26, "MSI Twin Frozr VI", 141);
INSERT INTO webshop.images (ImageID, Url, ProductID) VALUES (778, "https://i2.rozetka.ua/goods/1628841/msi_gtx_1080_gaming_x_8g_images_1628841022.jpg", 141);
INSERT INTO webshop.images (ImageID, Url, ProductID) VALUES (779, "https://i1.rozetka.ua/goods/1628841/msi_gtx_1080_gaming_x_8g_images_1628841771.jpg", 141);
INSERT INTO webshop.images (ImageID, Url, ProductID) VALUES (780, "https://i1.rozetka.ua/goods/1628842/msi_gtx_1080_gaming_x_8g_images_1628842506.jpg", 141);
INSERT INTO webshop.images (ImageID, Url, ProductID) VALUES (781, "https://i1.rozetka.ua/goods/1628843/msi_gtx_1080_gaming_x_8g_images_1628843458.jpg", 141);
INSERT INTO webshop.images (ImageID, Url, ProductID) VALUES (782, "https://i2.rozetka.ua/goods/1628849/msi_gtx_1080_gaming_x_8g_images_1628849331.jpg", 141);
INSERT INTO webshop.images (ImageID, Url, ProductID) VALUES (783, "https://i1.rozetka.ua/goods/1628850/msi_gtx_1080_gaming_x_8g_images_1628850325.jpg", 141);
INSERT INTO webshop.images (ImageID, Url, ProductID) VALUES (784, "https://i2.rozetka.ua/goods/1628850/msi_gtx_1080_gaming_x_8g_images_1628850997.jpg", 141);
INSERT INTO webshop.images (ImageID, Url, ProductID) VALUES (785, "https://i1.rozetka.ua/goods/1628853/msi_gtx_1080_gaming_x_8g_images_1628853244.jpg", 141);
INSERT INTO webshop.images (ImageID, Url, ProductID) VALUES (786, "https://i1.rozetka.ua/goods/1628853/msi_gtx_1080_gaming_x_8g_images_1628853888.jpg", 141);
INSERT INTO webshop.images (ImageID, Url, ProductID) VALUES (787, "https://i1.rozetka.ua/goods/1628854/msi_gtx_1080_gaming_x_8g_images_1628854602.jpg", 141);
INSERT INTO webshop.images (ImageID, Url, ProductID) VALUES (788, "https://i1.rozetka.ua/goods/1628855/msi_gtx_1080_gaming_x_8g_images_1628855351.jpg", 141);
INSERT INTO webshop.images (ImageID, Url, ProductID) VALUES (789, "https://i1.rozetka.ua/goods/1628858/msi_gtx_1080_gaming_x_8g_images_1628858137.jpg", 141);
INSERT INTO webshop.images (ImageID, Url, ProductID) VALUES (790, "https://i1.rozetka.ua/goods/1628858/msi_gtx_1080_gaming_x_8g_images_1628858585.jpg", 141);
INSERT INTO webshop.images (ImageID, Url, ProductID) VALUES (791, "https://i1.rozetka.ua/goods/1628858/msi_gtx_1080_gaming_x_8g_images_1628858865.jpg", 141);
INSERT INTO webshop.comments (CommentID, Nickname, Rating, Message, Date, ProductID) VALUES (361, "Datebayoloo", 4, "Когда будет в наличии?", "2018-0-3", 141);
INSERT INTO webshop.comments (CommentID, Nickname, Rating, Message, Date, ProductID) VALUES (362, "Сакун Евгений", 5, "Пользуюсь данной видеокартой уже пол года с начала сентября и претензий к ней не обнаружено - одно удовольствие!) Видяха по прежнему холодная в любых нагрузках хотя нагрузить её не так то и просто) Подключено несколько экранов, любые игры на ультра высоких настройках тянет на ура и будет ещё долго... Еще тянуть. Дороговато конечно стоит, но удовольствие а иногда и прибыль от неё получаешь сопоставимое с ценой ;) Достоинства: Стоит своих денег Недостатки: не обнаружено", "2018-0-6", 141);
INSERT INTO webshop.comments (CommentID, Nickname, Rating, Message, Date, ProductID) VALUES (363, "Olexiy Vosmirko", 5, "Доволен картой на 90%. Для игр - самое оно. Для майнинга - хочу больше солов и чуть меньше температуру) Достоинства: Покупал как основную карту для игр и майнинга ночью\когда на работе. Справляется на ура! в Режиме авто Кулеры в простое до 60 градусов, только после начинают крутиться на 40%. Карту слышно при ... Еще оборотах кулеров от 60% и выше. При этом у меня очень тихий системник и БП. При майнинге при 100% нагрузке, разгоне +150\+1000 по ядру\памяти и PowerLimit 90% температура держится в районе 71 градуса при 70-72% оборотов кулера и при этом выдает ~580 сол. Недостатки: Как игровая карта - все устраивает и все летает. Как майнинговая - хотелось побольше солов при разгоне", "2018-0-5", 141);
-- =====================================================================
INSERT INTO webshop.products (ProductID, ProductTypeID, Title, Description, Price) VALUES (142, 6, "MSI PCI-Ex GeForce GTX 1080 Ti AERO OC 11GB GDDR5X (352bit) (1506/11016) (HDMI, 3 x DisplayPort) (GTX 1080 Ti AERO 11G OC)", "Драйверы Game Ready для GeForce GTX GeForce GTX демонстрирует наивысшую производительность и поддерживает передовые технологии NVIDIA GameWorks и GeForce Experience в самых современных компьютерных играх. Поддержка решений для виртуальной реальности Откройте для себя новое поколение виртуальной реальности, минимальные задержки и plug-and-play совместимость с самыми популярными гарнитурами. Все это становится возможным благодаря технологиям NVIDIA VRWorks. Виртуальный звук, физика и ощущения позволят вам слышать и чувствовать каждый момент. Передовые игровые технологии Ядро Pascal разработано специально для работы с дисплеями следующего поколения, включая решения для виртуальной реальности, ультравысокое разрешение и подключение нескольких мониторов. Технологии NVIDIA GameWorks обеспечивают максимально плавный геймплей и кинематографическое качество. Кроме этого, становится возможным осуществлять захват видео с революционно новыми возможностями — углом обзора 360 градусов. Производительность Видеокарта на основе графического ядра Pascal демонстрирует высочайшую производительность и энергоэффективность, а такие особенности как, ультрабыстрые транзисторы FinFET и поддержка DirectX 12, способствуют плавному геймплею и высокой скорости в играх. Дизайн премиум класса Видеокарта MSI AERO выполнена в совершенно новом, серебристо-черном дизайне с использованием высококачественных материалов. Потрясающий внешний вид добавит изысканности любому системному блоку. Создайте подходящую атмосферу, благодаря крутым световым эффектам Светящееся лого MSI управляется из-под NVIDIA GeForce Experience. Компоненты Military Class 4 Одним из определяющих факторов в вопросе высокой производительности, является качество используемых компонентов. Вот почему MSI в своих видеокартах AERO использует электронные компоненты, сертифицированные по стандарту MIL-STD-810G. Доказано, что только эти компоненты имеют высокий уровень надежности, достаточный для работы в жестких условиях экстремальных, игровых нагрузок и при разгоне в течение продолжительного времени использования. Твердотельные конденсаторы Solid CAP За счет алюминиевого сердечника, конденсаторы Solid CAP являются неотъемлемой частью дизайна плат high-end класса. Конденсаторы имеют крайне низкие значения эквивалентного последовательного сопротивления (ESR) и срок службы не менее 10 лет. Подготовьтесь к эре виртуальной реальности вместе с MSI Для того чтобы в полной мере насладиться впечатляющими мирами виртуальной реальности необходимо высокопроизводительное оборудование. Хотите подготовить вашу систему к поддержке технологий VR? MSI — ведущий мировой бренд в мире high-end гейминга и киберспорта дает совет как это сделать. Объединяя только самые передовые технологии, MSI создает оборудование для приложений виртуальной реальности. MSI переносит любителей компьютерных игр на совершенно новый уровень реализма виртуальной реальности, где игры оживают. Afterburner MSI Afterburner – это самое популярное приложение в мире для разгона графических карт, которое позволяет получить полный контроль над видеокартой. Утилита также позволяет получать исчерпывающую информацию об аппаратной части вашего ПК, производить настройку работы вентиляторов, осуществлять запись видео и выполнять тестирование.", 15984);
INSERT INTO webshop.characteristics (CharacteristicID, CharacteristicTypeID, Value, ProductID) VALUES (2769, 1, "PCI-Express x16 3.0", 142);
INSERT INTO webshop.characteristics (CharacteristicID, CharacteristicTypeID, Value, ProductID) VALUES (2770, 2, "1506 МГц (Boost: 1620 МГц)", 142);
INSERT INTO webshop.characteristics (CharacteristicID, CharacteristicTypeID, Value, ProductID) VALUES (2771, 16, "7680x4320", 142);
INSERT INTO webshop.characteristics (CharacteristicID, CharacteristicTypeID, Value, ProductID) VALUES (2772, 17, "Активная", 142);
INSERT INTO webshop.characteristics (CharacteristicID, CharacteristicTypeID, Value, ProductID) VALUES (2773, 3, "6 + 8 pin", 142);
INSERT INTO webshop.characteristics (CharacteristicID, CharacteristicTypeID, Value, ProductID) VALUES (2774, 4, "DisplayPort HDMI", 142);
INSERT INTO webshop.characteristics (CharacteristicID, CharacteristicTypeID, Value, ProductID) VALUES (2775, 5, "Есть", 142);
INSERT INTO webshop.characteristics (CharacteristicID, CharacteristicTypeID, Value, ProductID) VALUES (2776, 6, "11016 МГц", 142);
INSERT INTO webshop.characteristics (CharacteristicID, CharacteristicTypeID, Value, ProductID) VALUES (2777, 7, "269 x 111 x 35 мм", 142);
INSERT INTO webshop.characteristics (CharacteristicID, CharacteristicTypeID, Value, ProductID) VALUES (2778, 8, "600 Вт", 142);
INSERT INTO webshop.characteristics (CharacteristicID, CharacteristicTypeID, Value, ProductID) VALUES (2779, 9, "GeForce GTX 1080 Ti", 142);
INSERT INTO webshop.characteristics (CharacteristicID, CharacteristicTypeID, Value, ProductID) VALUES (2780, 19, "GDDR5X", 142);
INSERT INTO webshop.characteristics (CharacteristicID, CharacteristicTypeID, Value, ProductID) VALUES (2781, 20, "36 месяцев", 142);
INSERT INTO webshop.characteristics (CharacteristicID, CharacteristicTypeID, Value, ProductID) VALUES (2782, 22, "Стандартная", 142);
INSERT INTO webshop.characteristics (CharacteristicID, CharacteristicTypeID, Value, ProductID) VALUES (2783, 12, "352 бит", 142);
INSERT INTO webshop.characteristics (CharacteristicID, CharacteristicTypeID, Value, ProductID) VALUES (2784, 23, "DirectX 12, OpenGL 4.5", 142);
INSERT INTO webshop.characteristics (CharacteristicID, CharacteristicTypeID, Value, ProductID) VALUES (2785, 13, "Нет", 142);
INSERT INTO webshop.characteristics (CharacteristicID, CharacteristicTypeID, Value, ProductID) VALUES (2786, 25, "11 ГБ", 142);
INSERT INTO webshop.characteristics (CharacteristicID, CharacteristicTypeID, Value, ProductID) VALUES (2787, 26, "Турбина", 142);
INSERT INTO webshop.images (ImageID, Url, ProductID) VALUES (792, "https://i2.rozetka.ua/goods/1970761/copy_msi_gtx_1080_ti_aero_11g_58f7691bc0a82_images_1970761292.jpg", 142);
INSERT INTO webshop.images (ImageID, Url, ProductID) VALUES (793, "https://i1.rozetka.ua/goods/1970761/copy_msi_gtx_1080_ti_aero_11g_58f7691bc0a82_images_1970761466.jpg", 142);
INSERT INTO webshop.images (ImageID, Url, ProductID) VALUES (794, "https://i1.rozetka.ua/goods/1970761/copy_msi_gtx_1080_ti_aero_11g_58f7691bc0a82_images_1970761826.jpg", 142);
INSERT INTO webshop.images (ImageID, Url, ProductID) VALUES (795, "https://i2.rozetka.ua/goods/1970762/copy_msi_gtx_1080_ti_aero_11g_58f7691bc0a82_images_1970762078.jpg", 142);
INSERT INTO webshop.images (ImageID, Url, ProductID) VALUES (796, "https://i1.rozetka.ua/goods/1970762/copy_msi_gtx_1080_ti_aero_11g_58f7691bc0a82_images_1970762618.jpg", 142);
INSERT INTO webshop.images (ImageID, Url, ProductID) VALUES (797, "https://i1.rozetka.ua/goods/1970762/copy_msi_gtx_1080_ti_aero_11g_58f7691bc0a82_images_1970762852.jpg", 142);
INSERT INTO webshop.images (ImageID, Url, ProductID) VALUES (798, "https://i2.rozetka.ua/goods/1970774/msi_gtx_1080_ti_aero_11g_oc_images_1970774552.jpg", 142);
INSERT INTO webshop.comments (CommentID, Nickname, Rating, Message, Date, ProductID) VALUES (364, "Вова", 5, "Я повз тебе не пройду, кращого за тебе не знайду, ти найкращий виробник, я завжди твій замовник, найкраща якість та ціна, ти вибір кожного споживача! Придбавши MSI, потрапив наче в справжній рай, на ультрах пішов новий Far Cry, ти його вмикай і скоріше грати... Еще починай, з налаштуванням - проблеми забувай. Тут все зробили класно та сучасно, вигляд зовнішній розкішний, в ньому все - твій неповторний стиль, жага до перемоги! Комплектація, це твоя відмінна інтонація, все вишукано і як завжди практично. Ця відеокарта надсучасна, її якість першокласна, працює справно, не підводить, система охолодження, насолодження приносить. Карта тиха та холодна, в іграх просто благородна, заводський розгін - продуктивності трамплін. Корисні програми та утиліти, ігровим процесом можна просто володіти. Ви на неї гроші не шкодуйте, а її чим швидш купуйте, бо MSI - це справжній бренд, він задає всіх ігровій індустрії тренд! Найрозвинутіші технології, нема їм аналогії, завжди твої високотехнологічні рішення, проблемам моїм вирішення, захоплююча віртуальна реальність, захопила мою ментальність. Ти демонструєш найвищий рівень, нема тобі подібних, ти мій вибір, завжди був і завжди є. Із року в рік, ти на вершині навік! Достоинства: Вражаюча продуктивність, неповторний дизайн, крута система охолодження, заводський розгін, якісне програмне забезпечення. Недостатки: -", "2018-0-3", 142);
INSERT INTO webshop.comments (CommentID, Nickname, Rating, Message, Date, ProductID) VALUES (365, "Валентин", 0, "Тут 7 фаз как в рефе ?", "2017-11-1", 142);
INSERT INTO webshop.comments (CommentID, Nickname, Rating, Message, Date, ProductID) VALUES (366, "Тарас Мосійчук", 5, "Який блок живлення брати під таку карту?", "2017-8-5", 142);
-- =====================================================================
INSERT INTO webshop.products (ProductID, ProductTypeID, Title, Description, Price) VALUES (143, 6, "MSI PCI-Ex GeForce GTX 1080 Ti Armor 11GB GDDR5X (352bit) (1480/11016) (DVI, 2 x HDMI, 2 x DisplayPort) (GTX 1080 Ti ARMOR 11G)", "Классический черно-белый дизайн Будь стильным вместе с уникальными графическими картами MSI Armor. Унаследовав дизайн armor shield, видеокарты выполнены в стильном черно-белом цвете. Идеальное решение для геймеров и кейс моддеров, которые ищут уникальный продукт для своих работ. Именно здесь гейминг встречает класс. Традиционные лопасти вентилятора Направляют воздушный поток непосредственно на радиатор охлаждения. Дисперсионные лопасти вентилятора Увеличивают нисходящий поток на 19% и эффективнее рассеивают тепло. Два вентилятора Система охлаждения Armor 2X имеет два вентилятора MSI TORX. Благодаря запатентованному дизайну, вентиляторы MSI TORX обеспечивают великолепное охлаждение, оставаясь при этом невероятно тихими. ZeroFrozr – оставайтесь незамеченными Впервые представленная в 2008 году технология MSI ZeroFrozr не осталась незамеченной, в то время как сейчас, она уже успела стать индустриальным стандартом. Суть технологии заключается в управлении вентиляторами, которые полностью останавливаются при отсутствии нагрузки. Таким образом, вы можете полностью сосредоточиться на игре, не отвлекаясь на шум вентиляторов. Вентиляторы вращаются Во время игры или бенчмарка Вентиляторы остановлены Отсутствие шума в простое, при небольшой нагрузке или легких играх. Радиатор и контроль воздушного потока Под стильным кожухом и двумя вентиляторами скрывается массивный радиатор с огромным количеством алюминиевых ребер охлаждения, рассеивающих тепло от графического процессора. Медные тепловые трубки имеют хороший тепловой контакт с радиатором, что способствует эффективному охлаждению. Алюминиевые ребра охлаждения в купе с технологией Airflow Control максимально эффективно рассеивают тепло, идущее от тепловых трубок. Будущее гейминга Плавный, быстрый, завораживающий реалистичностью геймплей без разрывов картинки, дрожания изображения и лагов. Изображение сверхвысокой четкости (UHD) является в четыре раза более четким по сравнению с изображением 1080p. Высочайшая детализация картинки способствует более резкому и четкому изображению во время игры. Подготовьтесь к эре виртуальной реальности вместе с MSI Для того чтобы в полной мере насладиться впечатляющими мирами виртуальной реальности, необходимо высокопроизводительное оборудование. Хотите подготовить вашу систему к поддержке технологий VR? MSI — ведущий мировой бренд в мире high-end гейминга и киберспорта дает совет, как это сделать. Объединяя только самые передовые технологии, MSI создает оборудование для приложений виртуальной реальности. MSI переносит любителей компьютерных игр на совершенно новый уровень реализма виртуальной реальности, где игры оживают. Afterburner MSI Afterburner – это самое популярное приложение в мире для разгона графических карт, которое позволяет получить полный контроль над видеокартой. Утилита также позволяет получать исчерпывающую информацию об аппаратной части вашего ПК, производить настройку работы вентиляторов, осуществлять запись видео и выполнять тестирование. Охлаждение Armor 2X Дисперсионные лопасти: Изогнутые под большим углом лопасти ускоряют воздушный поток. Традиционные лопасти: Обеспечивают стабильный воздушный поток, направленный на массивный радиатор охлаждения. Zero Frozr: Технология Zero Frozr полностью останавливает вентилятор в простое и ситуациях с низкой вычислительной нагрузкой, обеспечивая тем самым, полное отсутствие шума. Технология Airflow Control: Специальные дефлекторы отклоняют воздушный поток в направлении тепловых трубок, снижая температуру и способствуя лучшему геймингу. Утилита оверклокинга MSI Afterburner Поддержка беспроводного управления с помощью Android/iOS устройств. Predator: Запись видео из игр. Kombustor: Встроенный тест DirectX12. Поддерживается установка multi-GPU. Компоненты Military Class 4 Соответствуют стандарту MIL-STD-810G для обеспечения лучшей стабильности и качества. Встроенные компоненты Hi-c Cap, твердотельные конденсаторы Solid CAP и новые SFC.", 17776);
INSERT INTO webshop.characteristics (CharacteristicID, CharacteristicTypeID, Value, ProductID) VALUES (2788, 1, "PCI-Express x16 3.0", 143);
INSERT INTO webshop.characteristics (CharacteristicID, CharacteristicTypeID, Value, ProductID) VALUES (2789, 2, "Base Core Clock: 1480 МГц Boost: 1582 МГц", 143);
INSERT INTO webshop.characteristics (CharacteristicID, CharacteristicTypeID, Value, ProductID) VALUES (2790, 16, "7680x4320", 143);
INSERT INTO webshop.characteristics (CharacteristicID, CharacteristicTypeID, Value, ProductID) VALUES (2791, 17, "Активная", 143);
INSERT INTO webshop.characteristics (CharacteristicID, CharacteristicTypeID, Value, ProductID) VALUES (2792, 3, "8 + 8 pin", 143);
INSERT INTO webshop.characteristics (CharacteristicID, CharacteristicTypeID, Value, ProductID) VALUES (2793, 4, "DVI DisplayPort HDMI", 143);
INSERT INTO webshop.characteristics (CharacteristicID, CharacteristicTypeID, Value, ProductID) VALUES (2794, 5, "Есть", 143);
INSERT INTO webshop.characteristics (CharacteristicID, CharacteristicTypeID, Value, ProductID) VALUES (2795, 6, "11016 МГц", 143);
INSERT INTO webshop.characteristics (CharacteristicID, CharacteristicTypeID, Value, ProductID) VALUES (2796, 7, "290 x 143 x 40 мм", 143);
INSERT INTO webshop.characteristics (CharacteristicID, CharacteristicTypeID, Value, ProductID) VALUES (2797, 8, "600 Вт", 143);
INSERT INTO webshop.characteristics (CharacteristicID, CharacteristicTypeID, Value, ProductID) VALUES (2798, 9, "GeForce GTX 1080 Ti", 143);
INSERT INTO webshop.characteristics (CharacteristicID, CharacteristicTypeID, Value, ProductID) VALUES (2799, 19, "GDDR5X", 143);
INSERT INTO webshop.characteristics (CharacteristicID, CharacteristicTypeID, Value, ProductID) VALUES (2800, 20, "36 месяцев", 143);
INSERT INTO webshop.characteristics (CharacteristicID, CharacteristicTypeID, Value, ProductID) VALUES (2801, 21, "1", 143);
INSERT INTO webshop.characteristics (CharacteristicID, CharacteristicTypeID, Value, ProductID) VALUES (2802, 22, "Стандартная", 143);
INSERT INTO webshop.characteristics (CharacteristicID, CharacteristicTypeID, Value, ProductID) VALUES (2803, 12, "352 бит", 143);
INSERT INTO webshop.characteristics (CharacteristicID, CharacteristicTypeID, Value, ProductID) VALUES (2804, 23, "DirectX 12, OpenGL 4.5", 143);
INSERT INTO webshop.characteristics (CharacteristicID, CharacteristicTypeID, Value, ProductID) VALUES (2805, 13, "Нет", 143);
INSERT INTO webshop.characteristics (CharacteristicID, CharacteristicTypeID, Value, ProductID) VALUES (2806, 25, "11 ГБ", 143);
INSERT INTO webshop.characteristics (CharacteristicID, CharacteristicTypeID, Value, ProductID) VALUES (2807, 26, "Armor 2X", 143);
INSERT INTO webshop.images (ImageID, Url, ProductID) VALUES (799, "https://i2.rozetka.ua/goods/2160800/copy_msi_gtx_1080_ti_armor_11g_oc_599daa6359a74_images_2160800643.jpg", 143);
INSERT INTO webshop.images (ImageID, Url, ProductID) VALUES (800, "https://i2.rozetka.ua/goods/2160800/copy_msi_gtx_1080_ti_armor_11g_oc_599daa6359a74_images_2160800734.jpg", 143);
INSERT INTO webshop.images (ImageID, Url, ProductID) VALUES (801, "https://i2.rozetka.ua/goods/2160800/copy_msi_gtx_1080_ti_armor_11g_oc_599daa6359a74_images_2160800825.jpg", 143);
INSERT INTO webshop.images (ImageID, Url, ProductID) VALUES (802, "https://i2.rozetka.ua/goods/2160800/copy_msi_gtx_1080_ti_armor_11g_oc_599daa6359a74_images_2160800916.jpg", 143);
INSERT INTO webshop.images (ImageID, Url, ProductID) VALUES (803, "https://i1.rozetka.ua/goods/2160802/msi_gtx_1080_ti_armor_11g_images_2160802554.jpg", 143);
INSERT INTO webshop.comments (CommentID, Nickname, Rating, Message, Date, ProductID) VALUES (367, "Сергей", 0, "Карта огонь, тянет все игрушки на максимуме, не шумит, не греется. Зборка отличная. Достоинства: Бешеная производительность Недостатки: Нет", "2017-11-5", 143);
INSERT INTO webshop.comments (CommentID, Nickname, Rating, Message, Date, ProductID) VALUES (368, "Пётр Гуцало", 0, "Добрый день. Подскажите сколько квт потребляет данная модель за час", "2017-8-3", 143);
-- =====================================================================
INSERT INTO webshop.products (ProductID, ProductTypeID, Title, Description, Price) VALUES (144, 6, "MSI PCI-Ex GeForce GTX 1080 Ti Duke 11GB GDDR5X (352bit) (1480/11016) (DVI, 2 x HDMI, 2 x DisplayPort) (GTX 1080 TI DUKE 11G)", "Утроенная мощность охлаждения для любой игры Три вентилятора с PWM управлением на видеокартах Duke, прекрасно рассеивают тепло, способствуя топовой производительности, которая так необходима в любой игре. Zero Frozr – оставайся незамеченным Технология ZeroFrozr впервые была представлена MSI в 2008 году. Zero Frozr устраняет шум вентиляторов при низкой нагрузке на видеокарту путем их полной остановки. Прочные по определению Прочная полоса, соединенная с радиатором охлаждения, добавляет видеокарте механической жесткости и также способствует лучшему охлаждению. Доведенные до совершенства Черный матовый металлический бэкплейт с текстурой Carbon, дополняет дизайн видеокарты и также добавляет ей жесткости. Выбери свой цвет Создайте уникальный внешний вид игровой системы вместе с подсветкой MSI RGB Mystic Light. Настройте светодиодные эффекты, чтобы полностью соответствовать атмосфере игры. Military Class В преобразователях питания, являющимися наиболее нагруженными элементами видеокарты, используются лучшие компоненты, соответствующие стандартам военной отрасли. Благодаря этому достигается стабильность в режимах высокой производительности. Подготовьтесь к эре виртуальной реальности вместе с MSI Для того чтобы в полной мере насладиться впечатляющими мирами виртуальной реальности, необходимо высокопроизводительное оборудование. Хотите подготовить вашу систему к поддержке технологий VR? MSI — ведущий мировой бренд в мире high-end гейминга и киберспорта дает совет, как это сделать. Объединяя только самые передовые технологии, MSI создает оборудование для приложений виртуальной реальности. MSI переносит любителей компьютерных игр на совершенно новый уровень реализма виртуальной реальности, где игры оживают. Afterburner MSI Afterburner – это самое популярное приложение в мире для разгона графических карт, которое позволяет получить полный контроль над видеокартой. Утилита также позволяет получать исчерпывающую информацию об аппаратной части вашего ПК, производить настройку работы вентиляторов, осуществлять запись видео и выполнять тестирование.", 17998);
INSERT INTO webshop.characteristics (CharacteristicID, CharacteristicTypeID, Value, ProductID) VALUES (2808, 1, "PCI-Express x16 3.0", 144);
INSERT INTO webshop.characteristics (CharacteristicID, CharacteristicTypeID, Value, ProductID) VALUES (2809, 2, "Базовая: 1480 МГц В режиме разгона: 1582 МГц", 144);
INSERT INTO webshop.characteristics (CharacteristicID, CharacteristicTypeID, Value, ProductID) VALUES (2810, 16, "7680x4320", 144);
INSERT INTO webshop.characteristics (CharacteristicID, CharacteristicTypeID, Value, ProductID) VALUES (2811, 17, "Активная", 144);
INSERT INTO webshop.characteristics (CharacteristicID, CharacteristicTypeID, Value, ProductID) VALUES (2812, 3, "8 + 8 pin", 144);
INSERT INTO webshop.characteristics (CharacteristicID, CharacteristicTypeID, Value, ProductID) VALUES (2813, 4, "DVI DisplayPort HDMI", 144);
INSERT INTO webshop.characteristics (CharacteristicID, CharacteristicTypeID, Value, ProductID) VALUES (2814, 5, "Есть", 144);
INSERT INTO webshop.characteristics (CharacteristicID, CharacteristicTypeID, Value, ProductID) VALUES (2815, 6, "11016 МГц", 144);
INSERT INTO webshop.characteristics (CharacteristicID, CharacteristicTypeID, Value, ProductID) VALUES (2816, 7, "320 x 141 x 42 мм", 144);
INSERT INTO webshop.characteristics (CharacteristicID, CharacteristicTypeID, Value, ProductID) VALUES (2817, 8, "600 Вт", 144);
INSERT INTO webshop.characteristics (CharacteristicID, CharacteristicTypeID, Value, ProductID) VALUES (2818, 9, "GeForce GTX 1080 Ti", 144);
INSERT INTO webshop.characteristics (CharacteristicID, CharacteristicTypeID, Value, ProductID) VALUES (2819, 19, "GDDR5X", 144);
INSERT INTO webshop.characteristics (CharacteristicID, CharacteristicTypeID, Value, ProductID) VALUES (2820, 20, "36 месяцев", 144);
INSERT INTO webshop.characteristics (CharacteristicID, CharacteristicTypeID, Value, ProductID) VALUES (2821, 21, "1", 144);
INSERT INTO webshop.characteristics (CharacteristicID, CharacteristicTypeID, Value, ProductID) VALUES (2822, 22, "Стандартная", 144);
INSERT INTO webshop.characteristics (CharacteristicID, CharacteristicTypeID, Value, ProductID) VALUES (2823, 12, "352 бит", 144);
INSERT INTO webshop.characteristics (CharacteristicID, CharacteristicTypeID, Value, ProductID) VALUES (2824, 23, "DirectX 12, OpenGL 4.5", 144);
INSERT INTO webshop.characteristics (CharacteristicID, CharacteristicTypeID, Value, ProductID) VALUES (2825, 13, "Нет", 144);
INSERT INTO webshop.characteristics (CharacteristicID, CharacteristicTypeID, Value, ProductID) VALUES (2826, 25, "11 ГБ", 144);
INSERT INTO webshop.characteristics (CharacteristicID, CharacteristicTypeID, Value, ProductID) VALUES (2827, 26, "TRI-FROZR", 144);
INSERT INTO webshop.images (ImageID, Url, ProductID) VALUES (804, "https://i2.rozetka.ua/goods/2189946/copy_msi_gtx_1080_ti_duke_11g_oc_59b0090933311_images_2189946347.jpg", 144);
INSERT INTO webshop.images (ImageID, Url, ProductID) VALUES (805, "https://i1.rozetka.ua/goods/2189947/copy_msi_gtx_1080_ti_duke_11g_oc_59b0090933311_images_2189947026.jpg", 144);
INSERT INTO webshop.images (ImageID, Url, ProductID) VALUES (806, "https://i2.rozetka.ua/goods/2189947/copy_msi_gtx_1080_ti_duke_11g_oc_59b0090933311_images_2189947677.jpg", 144);
INSERT INTO webshop.images (ImageID, Url, ProductID) VALUES (807, "https://i1.rozetka.ua/goods/2189948/copy_msi_gtx_1080_ti_duke_11g_oc_59b0090933311_images_2189948363.jpg", 144);
INSERT INTO webshop.images (ImageID, Url, ProductID) VALUES (808, "https://i1.rozetka.ua/goods/2189948/copy_msi_gtx_1080_ti_duke_11g_oc_59b0090933311_images_2189948923.jpg", 144);
INSERT INTO webshop.comments (CommentID, Nickname, Rating, Message, Date, ProductID) VALUES (369, "usibat3000", 0, "Чем ета хуже лутше 1080 ti gaming x?", "2018-1-5", 144);
INSERT INTO webshop.comments (CommentID, Nickname, Rating, Message, Date, ProductID) VALUES (370, "brat926", 5, "Частота ядра в режиме boost (без ручного разгона) реально подымается до 1746 МГц, что очень положительно отобразилось на производительности. Температуру при максимальной нагрузке держит в районе 65-67 градусов. При этом очень порадовал низкий уровень шума (думаю благодаря мощной системе охлаждения с... Еще тремя вентиляторами).В комплекте с картой идет переходник 6 pin -> 8 pin (пригодится тем, у кого нет второго разъема 8 pin на блоке питания). В общем люблю продукцию MSI за качество. Достоинства: Высокая производительность, качественное исполнение, низкий шум при нагрузке Недостатки: Не выявлены", "2017-11-3", 144);
INSERT INTO webshop.comments (CommentID, Nickname, Rating, Message, Date, ProductID) VALUES (371, "Володимир", 5, "Своєї ціни коштує Достоинства: Дуже продуктивна, відносно тиха Недостатки: Не помітив", "2017-11-3", 144);
-- =====================================================================
INSERT INTO webshop.products (ProductID, ProductTypeID, Title, Description, Price) VALUES (145, 6, "MSI PCI-Ex GeForce GTX 1080 Ti Gaming 11GB GDDR5X (352bit) (1493/11016) (DVI, 2 x HDMI, 2 x DisplayPort) (GTX 1080 Ti GAMING 11G)", "TWIN FROZR VI - непревзойденное охлаждение Новый дизайн TWIN FROZR VI от MSI поднимает планку в воздушном охлаждении видеокарт на неслыханный уровень. Новое охлаждение на 40% тише своего предшественника Twin Frozr V. Разница кроется в деталях. Динамическая LED подсветка RGB LED подсветка Компоненты Military Class Радиатор зоны памяти и VRM Оптимизированный дизайн печатной платы Задняя металлическая пластина Радиатор Вентилятор TORX 2.0 Двойной шарикоподшипник Технология Zero Frozr TWIN FROZR VI: Низкая температура, бесшумная работа и стабильная производительность Идеально сбалансированное высокоэффективное охлаждение обеспечивает стабильную производительность видеокарты в играх, оставаясь аюбсолютно бесшумным. ВЕНТИЛЯТОРЫ TORX 2.0 — КОМАНДНАЯ РАБОТА ДЛЯ БОЛЬШЕЙ ЭФФЕКТИВНОСТИ Так же, как в играх, эксклюзивная технология для вентиляторов MSI TORX 2.0 использует силу командной работы, чтобы Twin Frozr VI смог достичь новых уровней охлаждения. Конструкция вентиляторов TORX 2.0 генерирует на 22% большее давление воздуха для чрезвычайно бесшумной работы в пылу боя. Рассеивающие лопасти вентилятора Традиционные лопасти вентилятора ДВОЙНОЙ ШАРИКОПОДШИПНИК Двойные шарикоподшипники обеспечивают вентиляторам MSI TORX 2.0 продолжительный срок эксплуатации, гарантируя беспроблемную работу в течение многих лет. Под нагрузкой, вентиляторы остаются практическими бесшумными. Это позволяет видеокарте оставаться холодной даже под самой высокой нагрузкой. ZERO FROZR — ОСТАВАЙСЯ БЕСШУМНЫМ Впервые представленная MSI в 2008 году технология ZeroFrozr стала сегодня отраслевым стандартом среди графических карт. Она устраняет шум вентилятора, прекращая их вращение в условиях низкой нагрузки. Это означает, что вы можете сосредоточиться на игре без лишнего шума от вентиляторов. > 60°C: Вентиляторы вращаются Вентиляторы вращаются во время интенсивных игр или бенчмаркинга < 60°C: Вентиляторы остановлены Вентиляторы не вращаются во время простоя, мультимедиа или лёгких игр СОЗДАЙ АТМОСФЕРУ С КРУТЫМИ LED-ЕФФЕКТАМИ Каждым светодиодом можно управлять индивидуально, выбирая любой из режимов анимации, доступных в MSI Gaming App, начиная от визуализации вашего внутриигрового звука или музыки до спокойной подсветки, дыхания или даже режима молнии. И конечно, вы можете просто отключить их. Программное обеспечение MSI Gaming App MSI Dragon eye MSI Afterburner XSplit Gamecaster WTFast Поддерживает технологии", 12424);
INSERT INTO webshop.characteristics (CharacteristicID, CharacteristicTypeID, Value, ProductID) VALUES (2828, 1, "PCI-Express x16 3.0", 145);
INSERT INTO webshop.characteristics (CharacteristicID, CharacteristicTypeID, Value, ProductID) VALUES (2829, 2, "OC Mode: Базовая частота: 1509 МГц В режимe разгона: 1620 МГц Gaming Mode: Базовая частота: 1493 МГц В режиме разгона: 1607 МГц Silent Mode: Базовая частота: 1480 МГц В режиме разгона: 1582 МГц", 145);
INSERT INTO webshop.characteristics (CharacteristicID, CharacteristicTypeID, Value, ProductID) VALUES (2830, 16, "7680x4320", 145);
INSERT INTO webshop.characteristics (CharacteristicID, CharacteristicTypeID, Value, ProductID) VALUES (2831, 17, "Активная", 145);
INSERT INTO webshop.characteristics (CharacteristicID, CharacteristicTypeID, Value, ProductID) VALUES (2832, 3, "8 + 8 pin", 145);
INSERT INTO webshop.characteristics (CharacteristicID, CharacteristicTypeID, Value, ProductID) VALUES (2833, 4, "DVI DisplayPort HDMI", 145);
INSERT INTO webshop.characteristics (CharacteristicID, CharacteristicTypeID, Value, ProductID) VALUES (2834, 5, "Есть", 145);
INSERT INTO webshop.characteristics (CharacteristicID, CharacteristicTypeID, Value, ProductID) VALUES (2835, 6, "11016 МГц", 145);
INSERT INTO webshop.characteristics (CharacteristicID, CharacteristicTypeID, Value, ProductID) VALUES (2836, 7, "290 x 140 x 51 мм", 145);
INSERT INTO webshop.characteristics (CharacteristicID, CharacteristicTypeID, Value, ProductID) VALUES (2837, 8, "600 Вт", 145);
INSERT INTO webshop.characteristics (CharacteristicID, CharacteristicTypeID, Value, ProductID) VALUES (2838, 9, "GeForce GTX 1080 Ti", 145);
INSERT INTO webshop.characteristics (CharacteristicID, CharacteristicTypeID, Value, ProductID) VALUES (2839, 19, "GDDR5X", 145);
INSERT INTO webshop.characteristics (CharacteristicID, CharacteristicTypeID, Value, ProductID) VALUES (2840, 20, "36 месяцев", 145);
INSERT INTO webshop.characteristics (CharacteristicID, CharacteristicTypeID, Value, ProductID) VALUES (2841, 21, "1", 145);
INSERT INTO webshop.characteristics (CharacteristicID, CharacteristicTypeID, Value, ProductID) VALUES (2842, 22, "Стандартная", 145);
INSERT INTO webshop.characteristics (CharacteristicID, CharacteristicTypeID, Value, ProductID) VALUES (2843, 12, "352 бит", 145);
INSERT INTO webshop.characteristics (CharacteristicID, CharacteristicTypeID, Value, ProductID) VALUES (2844, 23, "DirectX 12, OpenGL 4.5", 145);
INSERT INTO webshop.characteristics (CharacteristicID, CharacteristicTypeID, Value, ProductID) VALUES (2845, 13, "Нет", 145);
INSERT INTO webshop.characteristics (CharacteristicID, CharacteristicTypeID, Value, ProductID) VALUES (2846, 25, "11 ГБ", 145);
INSERT INTO webshop.characteristics (CharacteristicID, CharacteristicTypeID, Value, ProductID) VALUES (2847, 26, "Twin Frozr VI", 145);
INSERT INTO webshop.images (ImageID, Url, ProductID) VALUES (809, "https://i2.rozetka.ua/goods/2136795/copy_msi_gtx_1080_ti_gaming_x_11g_598c456251153_images_2136795823.jpg", 145);
INSERT INTO webshop.images (ImageID, Url, ProductID) VALUES (810, "https://i2.rozetka.ua/goods/2136795/copy_msi_gtx_1080_ti_gaming_x_11g_598c456251153_images_2136795998.jpg", 145);
INSERT INTO webshop.images (ImageID, Url, ProductID) VALUES (811, "https://i2.rozetka.ua/goods/2136796/copy_msi_gtx_1080_ti_gaming_x_11g_598c456251153_images_2136796089.jpg", 145);
INSERT INTO webshop.images (ImageID, Url, ProductID) VALUES (812, "https://i1.rozetka.ua/goods/2136796/copy_msi_gtx_1080_ti_gaming_x_11g_598c456251153_images_2136796180.jpg", 145);
INSERT INTO webshop.images (ImageID, Url, ProductID) VALUES (813, "https://i1.rozetka.ua/goods/2136796/copy_msi_gtx_1080_ti_gaming_x_11g_598c456251153_images_2136796271.jpg", 145);
INSERT INTO webshop.images (ImageID, Url, ProductID) VALUES (814, "https://i2.rozetka.ua/goods/2136796/copy_msi_gtx_1080_ti_gaming_x_11g_598c456251153_images_2136796362.jpg", 145);
INSERT INTO webshop.images (ImageID, Url, ProductID) VALUES (815, "https://i2.rozetka.ua/goods/2136796/copy_msi_gtx_1080_ti_gaming_x_11g_598c456251153_images_2136796453.jpg", 145);
INSERT INTO webshop.images (ImageID, Url, ProductID) VALUES (816, "https://i1.rozetka.ua/goods/2136796/copy_msi_gtx_1080_ti_gaming_x_11g_598c456251153_images_2136796544.jpg", 145);
INSERT INTO webshop.comments (CommentID, Nickname, Rating, Message, Date, ProductID) VALUES (372, "Андрей Иванец", 0, "Операционка стоит на SSD Kingston HyperX 3K 120GB 2.5” SATAIII MLC (SH103S3/120G OEM) Игры на Kingston HyperX Savage 240GB 2.5” SATAIII MLC (SHSS37A/240G) Процессор Intel Core i5-3550 3.3GHz/5GT/s/6MB (BX80637I53550) s1155 BOX Память Kingston DDR3-1600 8192MB PC3-12800... Еще (KVR16N11/8_KVR16N11H/8) и Память Kingston DDR3-1333 4096MB PC3-10600 (KVR13N9/4-SEBK) Материнская плата Asus P8Z77-V Deluxe (s1155, Intel Z77, PCI-Ex16) Блок питания Chieftec APS-800C 800W Эта видеокарта будет нормально работать или вообще не запуститься??", "2018-1-3", 145);
INSERT INTO webshop.comments (CommentID, Nickname, Rating, Message, Date, ProductID) VALUES (373, "Владимир", 0, "4790k раскроет потенциал карты?", "2018-1-4", 145);
INSERT INTO webshop.comments (CommentID, Nickname, Rating, Message, Date, ProductID) VALUES (374, "Сергей Швыдко", 4, "Красивая и мощная, пойдут ли танчики на максимальных настройках? Достоинства: Красивая", "2018-0-3", 145);
-- =====================================================================
INSERT INTO webshop.products (ProductID, ProductTypeID, Title, Description, Price) VALUES (146, 6, "MSI PCI-Ex GeForce GTX 1080 Ti Gaming X 11GB GDDR5X (352bit) (1544/10108) (DVI, 2 x HDMI, 2 x DisplayPort) (GTX 1080 Ti GAMING X 11G)", "TWIN FROZR VI - непревзойденное охлаждение Новый дизайн TWIN FROZR VI от MSI поднимает планку в воздушном охлаждении видеокарт на неслыханный уровень. Новое охлаждение на 40% тише своего предшественника Twin Frozr V. Разница кроется в деталях. Динамическая LED подсветка RGB LED подсветка Компоненты Military Class Радиатор зоны памяти и VRM Оптимизированный дизайн печатной платы Задняя металлическая пластина Радиатор Вентилятор TORX 2.0 Двойной шарикоподшипник Технология Zero Frozr TWIN FROZR VI: Низкая температура, бесшумная работа и стабильная производительность Идеально сбалансированное высокоэффективное охлаждение обеспечивает стабильную производительность видеокарты в играх, оставаясь аюбсолютно бесшумным. ВЕНТИЛЯТОРЫ TORX 2.0 — КОМАНДНАЯ РАБОТА ДЛЯ БОЛЬШЕЙ ЭФФЕКТИВНОСТИ Так же, как в играх, эксклюзивная технология для вентиляторов MSI TORX 2.0 использует силу командной работы, чтобы Twin Frozr VI смог достичь новых уровней охлаждения. Конструкция вентиляторов TORX 2.0 генерирует на 22% большее давление воздуха для чрезвычайно бесшумной работы в пылу боя. Рассеивающие лопасти вентилятора Традиционные лопасти вентилятора ДВОЙНОЙ ШАРИКОПОДШИПНИК Двойные шарикоподшипники обеспечивают вентиляторам MSI TORX 2.0 продолжительный срок эксплуатации, гарантируя беспроблемную работу в течение многих лет. Под нагрузкой, вентиляторы остаются практическими бесшумными. Это позволяет видеокарте оставаться холодной даже под самой высокой нагрузкой. ZERO FROZR — ОСТАВАЙСЯ БЕСШУМНЫМ Впервые представленная MSI в 2008 году технология ZeroFrozr стала сегодня отраслевым стандартом среди графических карт. Она устраняет шум вентилятора, прекращая их вращение в условиях низкой нагрузки. Это означает, что вы можете сосредоточиться на игре без лишнего шума от вентиляторов. > 60°C: Вентиляторы вращаются Вентиляторы вращаются во время интенсивных игр или бенчмаркинга < 60°C: Вентиляторы остановлены Вентиляторы не вращаются во время простоя, мультимедиа или лёгких игр СОЗДАЙ АТМОСФЕРУ С КРУТЫМИ LED-ЕФФЕКТАМИ Каждым светодиодом можно управлять индивидуально, выбирая любой из режимов анимации, доступных в MSI Gaming App, начиная от визуализации вашего внутриигрового звука или музыки до спокойной подсветки, дыхания или даже режима молнии. И конечно, вы можете просто отключить их. Программное обеспечение MSI Gaming App MSI Dragon eye MSI Afterburner XSplit Gamecaster WTFast Поддерживает технологии", 19164);
INSERT INTO webshop.characteristics (CharacteristicID, CharacteristicTypeID, Value, ProductID) VALUES (2848, 1, "PCI-Express x16 3.0", 146);
INSERT INTO webshop.characteristics (CharacteristicID, CharacteristicTypeID, Value, ProductID) VALUES (2849, 2, "OC Mode: Базовая частота: 1569 МГц В режимe разгона: 1683 МГц Gaming Mode: Базовая частота: 1544 МГц В режиме разгона: 1657 МГц Silent Mode: Базовая частота: 1480 МГц В режиме разгона: 1582 МГц", 146);
INSERT INTO webshop.characteristics (CharacteristicID, CharacteristicTypeID, Value, ProductID) VALUES (2850, 16, "7680x4320", 146);
INSERT INTO webshop.characteristics (CharacteristicID, CharacteristicTypeID, Value, ProductID) VALUES (2851, 17, "Активная", 146);
INSERT INTO webshop.characteristics (CharacteristicID, CharacteristicTypeID, Value, ProductID) VALUES (2852, 3, "8 + 8 pin", 146);
INSERT INTO webshop.characteristics (CharacteristicID, CharacteristicTypeID, Value, ProductID) VALUES (2853, 4, "DVI DisplayPort HDMI", 146);
INSERT INTO webshop.characteristics (CharacteristicID, CharacteristicTypeID, Value, ProductID) VALUES (2854, 5, "Есть", 146);
INSERT INTO webshop.characteristics (CharacteristicID, CharacteristicTypeID, Value, ProductID) VALUES (2855, 6, "Gaming/Silent Mode: 11016 МГц OC Mode: 11124 МГц", 146);
INSERT INTO webshop.characteristics (CharacteristicID, CharacteristicTypeID, Value, ProductID) VALUES (2856, 7, "290 x 140 x 51 мм", 146);
INSERT INTO webshop.characteristics (CharacteristicID, CharacteristicTypeID, Value, ProductID) VALUES (2857, 8, "600 Вт", 146);
INSERT INTO webshop.characteristics (CharacteristicID, CharacteristicTypeID, Value, ProductID) VALUES (2858, 9, "GeForce GTX 1080 Ti", 146);
INSERT INTO webshop.characteristics (CharacteristicID, CharacteristicTypeID, Value, ProductID) VALUES (2859, 19, "GDDR5X", 146);
INSERT INTO webshop.characteristics (CharacteristicID, CharacteristicTypeID, Value, ProductID) VALUES (2860, 20, "36 месяцев", 146);
INSERT INTO webshop.characteristics (CharacteristicID, CharacteristicTypeID, Value, ProductID) VALUES (2861, 21, "1", 146);
INSERT INTO webshop.characteristics (CharacteristicID, CharacteristicTypeID, Value, ProductID) VALUES (2862, 22, "Стандартная", 146);
INSERT INTO webshop.characteristics (CharacteristicID, CharacteristicTypeID, Value, ProductID) VALUES (2863, 12, "352 бит", 146);
INSERT INTO webshop.characteristics (CharacteristicID, CharacteristicTypeID, Value, ProductID) VALUES (2864, 23, "DirectX 12, OpenGL 4.5", 146);
INSERT INTO webshop.characteristics (CharacteristicID, CharacteristicTypeID, Value, ProductID) VALUES (2865, 13, "Нет", 146);
INSERT INTO webshop.characteristics (CharacteristicID, CharacteristicTypeID, Value, ProductID) VALUES (2866, 25, "11 ГБ", 146);
INSERT INTO webshop.characteristics (CharacteristicID, CharacteristicTypeID, Value, ProductID) VALUES (2867, 26, "MSI Twin Frozr VI", 146);
INSERT INTO webshop.images (ImageID, Url, ProductID) VALUES (817, "https://i1.rozetka.ua/goods/1940713/msi_gtx_1080_ti_gaming_x_11g_images_1940713197.jpg", 146);
INSERT INTO webshop.images (ImageID, Url, ProductID) VALUES (818, "https://i1.rozetka.ua/goods/1940715/msi_gtx_1080_ti_gaming_x_11g_images_1940715598.jpg", 146);
INSERT INTO webshop.images (ImageID, Url, ProductID) VALUES (819, "https://i2.rozetka.ua/goods/1940716/msi_gtx_1080_ti_gaming_x_11g_images_1940716165.jpg", 146);
INSERT INTO webshop.images (ImageID, Url, ProductID) VALUES (820, "https://i1.rozetka.ua/goods/1940716/msi_gtx_1080_ti_gaming_x_11g_images_1940716564.jpg", 146);
INSERT INTO webshop.images (ImageID, Url, ProductID) VALUES (821, "https://i1.rozetka.ua/goods/1940718/msi_gtx_1080_ti_gaming_x_11g_images_1940718489.jpg", 146);
INSERT INTO webshop.images (ImageID, Url, ProductID) VALUES (822, "https://i1.rozetka.ua/goods/1940720/msi_gtx_1080_ti_gaming_x_11g_images_1940720141.jpg", 146);
INSERT INTO webshop.images (ImageID, Url, ProductID) VALUES (823, "https://i2.rozetka.ua/goods/1940720/msi_gtx_1080_ti_gaming_x_11g_images_1940720764.jpg", 146);
INSERT INTO webshop.images (ImageID, Url, ProductID) VALUES (824, "https://i1.rozetka.ua/goods/1940721/msi_gtx_1080_ti_gaming_x_11g_images_1940721086.jpg", 146);
INSERT INTO webshop.images (ImageID, Url, ProductID) VALUES (825, "https://i1.rozetka.ua/goods/1940721/msi_gtx_1080_ti_gaming_x_11g_images_1940721590.jpg", 146);
INSERT INTO webshop.images (ImageID, Url, ProductID) VALUES (826, "https://i1.rozetka.ua/goods/1940721/msi_gtx_1080_ti_gaming_x_11g_images_1940721303.jpg", 146);
INSERT INTO webshop.images (ImageID, Url, ProductID) VALUES (827, "https://i1.rozetka.ua/goods/1940732/msi_gtx_1080_ti_gaming_x_11g_images_1940732160.jpg", 146);
INSERT INTO webshop.images (ImageID, Url, ProductID) VALUES (828, "https://i1.rozetka.ua/goods/1940732/msi_gtx_1080_ti_gaming_x_11g_images_1940732496.jpg", 146);
INSERT INTO webshop.images (ImageID, Url, ProductID) VALUES (829, "https://i1.rozetka.ua/goods/1940733/msi_gtx_1080_ti_gaming_x_11g_images_1940733791.jpg", 146);
INSERT INTO webshop.images (ImageID, Url, ProductID) VALUES (830, "https://i1.rozetka.ua/goods/1940724/msi_gtx_1080_ti_gaming_x_11g_images_1940724292.jpg", 146);
INSERT INTO webshop.images (ImageID, Url, ProductID) VALUES (831, "https://i2.rozetka.ua/goods/1940734/msi_gtx_1080_ti_gaming_x_11g_images_1940734141.jpg", 146);
INSERT INTO webshop.images (ImageID, Url, ProductID) VALUES (832, "https://i2.rozetka.ua/goods/1940734/msi_gtx_1080_ti_gaming_x_11g_images_1940734701.jpg", 146);
INSERT INTO webshop.images (ImageID, Url, ProductID) VALUES (833, "https://i2.rozetka.ua/goods/1940734/msi_gtx_1080_ti_gaming_x_11g_images_1940734967.jpg", 146);
INSERT INTO webshop.images (ImageID, Url, ProductID) VALUES (834, "https://i1.rozetka.ua/goods/1940735/msi_gtx_1080_ti_gaming_x_11g_images_1940735226.jpg", 146);
INSERT INTO webshop.comments (CommentID, Nickname, Rating, Message, Date, ProductID) VALUES (375, "Владимир", 0, "4790k раскроет потенциал карты?", "2018-1-4", 146);
INSERT INTO webshop.comments (CommentID, Nickname, Rating, Message, Date, ProductID) VALUES (376, "Константин Игнатов", 0, "Представители магазина или поставщика: дайте хоть какие то прогнозы, когда появится? С конца прошлого года стоит листе ожидания.... Такое впечатление или еще праздники или производство видеокарт свернули.", "2018-0-3", 146);
INSERT INTO webshop.comments (CommentID, Nickname, Rating, Message, Date, ProductID) VALUES (377, "Юрій Батіг", 5, "з даною картою забудеш про поняття ”графіка в іграх”, тянути буде все на максимумі ще рік-два точно. БЖ на 650Вт з і7, двома планками по 8Гб, одним хардом і ссд цілком достатньо Достоинства: купив і забув Недостатки: LED-підсвітка ”вимагає” прозорого корпусу", "2018-0-5", 146);
-- =====================================================================
INSERT INTO webshop.products (ProductID, ProductTypeID, Title, Description, Price) VALUES (147, 6, "MSI PCI-Ex GeForce GT 1030 Low Profile OC 2GB GDDR5 (64bit) (1265/6008) (HDMI, DisplayPort) (GT 1030 2GH LP OC)", "Лучшая графика для ПК Увеличьте производительность вашего ПК за счет быстрой и мощной графической карты NVIDIA GeForce GT 1030. Компьютерные игры. Работа с фото и HD видео. Получившая многочисленные награды архитектура NVIDIA Pascal с процессором GT 1030 и самые передовые технологии позволят вам получить необходимый уровень производительности, достаточный для самых требовательных приложений. Передовые игровые технологии Ядро Pascal разработано специально для работы с дисплеями следующего поколения. Технологии NVIDIA GameWorks обеспечивают максимально плавный геймплей и кинематографическое качество. Geforce Experience Гарантирует лучшую производительность в играх за счет автоматического обновления драйверов видео от NVIDIA. Дает возможность пользователям оптимизировать игровые настройки с помощью одного клика. Низкопрофильный дизайн Низкопрофильный дизайн замечательно работает в тонких и малых системах. Компоненты Military Class 4 Одним из решающих факторов в производительности является качество используемых компонентов. Вот почему MSI использует только MIL-STD-810G сертифицированные компоненты. Только эти компоненты оказались в состоянии выдержать напряженные условия экстремального гейминга и разгона. Afterburner MSI Afterburner – это самое популярное приложение в мире для разгона графических карт, которое позволяет получить полный контроль над видеокартой. Утилита также позволяет получать исчерпывающую информацию об аппаратной части вашего ПК, производить настройку работы вентиляторов, осуществлять запись видео и выполнять тестирование.", 18331);
INSERT INTO webshop.characteristics (CharacteristicID, CharacteristicTypeID, Value, ProductID) VALUES (2868, 1, "PCI-Express x16 3.0", 147);
INSERT INTO webshop.characteristics (CharacteristicID, CharacteristicTypeID, Value, ProductID) VALUES (2869, 2, "Базовая частота: 1265 МГц В режиме разгона: 1518 МГц", 147);
INSERT INTO webshop.characteristics (CharacteristicID, CharacteristicTypeID, Value, ProductID) VALUES (2870, 16, "2560x1600", 147);
INSERT INTO webshop.characteristics (CharacteristicID, CharacteristicTypeID, Value, ProductID) VALUES (2871, 17, "Пассивная", 147);
INSERT INTO webshop.characteristics (CharacteristicID, CharacteristicTypeID, Value, ProductID) VALUES (2872, 3, "Нет", 147);
INSERT INTO webshop.characteristics (CharacteristicID, CharacteristicTypeID, Value, ProductID) VALUES (2873, 4, "DisplayPort HDMI", 147);
INSERT INTO webshop.characteristics (CharacteristicID, CharacteristicTypeID, Value, ProductID) VALUES (2874, 5, "Нет", 147);
INSERT INTO webshop.characteristics (CharacteristicID, CharacteristicTypeID, Value, ProductID) VALUES (2875, 6, "6008 МГц", 147);
INSERT INTO webshop.characteristics (CharacteristicID, CharacteristicTypeID, Value, ProductID) VALUES (2876, 7, "153 x 69 x 38 мм", 147);
INSERT INTO webshop.characteristics (CharacteristicID, CharacteristicTypeID, Value, ProductID) VALUES (2877, 8, "300 Вт", 147);
INSERT INTO webshop.characteristics (CharacteristicID, CharacteristicTypeID, Value, ProductID) VALUES (2878, 9, "GeForce GT 1030", 147);
INSERT INTO webshop.characteristics (CharacteristicID, CharacteristicTypeID, Value, ProductID) VALUES (2879, 19, "GDDR5", 147);
INSERT INTO webshop.characteristics (CharacteristicID, CharacteristicTypeID, Value, ProductID) VALUES (2880, 20, "36 месяцев", 147);
INSERT INTO webshop.characteristics (CharacteristicID, CharacteristicTypeID, Value, ProductID) VALUES (2881, 22, "Низкопрофильная", 147);
INSERT INTO webshop.characteristics (CharacteristicID, CharacteristicTypeID, Value, ProductID) VALUES (2882, 12, "64 бит", 147);
INSERT INTO webshop.characteristics (CharacteristicID, CharacteristicTypeID, Value, ProductID) VALUES (2883, 13, "Нет", 147);
INSERT INTO webshop.characteristics (CharacteristicID, CharacteristicTypeID, Value, ProductID) VALUES (2884, 25, "2 ГБ", 147);
INSERT INTO webshop.characteristics (CharacteristicID, CharacteristicTypeID, Value, ProductID) VALUES (2885, 26, "Радиатор", 147);
INSERT INTO webshop.images (ImageID, Url, ProductID) VALUES (835, "https://i2.rozetka.ua/goods/2027605/msi_gt_1030_2gh_lp_oc_images_2027605440.jpg", 147);
INSERT INTO webshop.images (ImageID, Url, ProductID) VALUES (836, "https://i2.rozetka.ua/goods/2027605/msi_gt_1030_2gh_lp_oc_images_2027605518.jpg", 147);
INSERT INTO webshop.images (ImageID, Url, ProductID) VALUES (837, "https://i2.rozetka.ua/goods/2027605/msi_gt_1030_2gh_lp_oc_images_2027605596.jpg", 147);
INSERT INTO webshop.images (ImageID, Url, ProductID) VALUES (838, "https://i1.rozetka.ua/goods/2027605/msi_gt_1030_2gh_lp_oc_images_2027605674.jpg", 147);
INSERT INTO webshop.images (ImageID, Url, ProductID) VALUES (839, "https://i2.rozetka.ua/goods/2027605/msi_gt_1030_2gh_lp_oc_images_2027605752.jpg", 147);
INSERT INTO webshop.images (ImageID, Url, ProductID) VALUES (840, "https://i2.rozetka.ua/goods/2027605/msi_gt_1030_2gh_lp_oc_images_2027605830.jpg", 147);
INSERT INTO webshop.images (ImageID, Url, ProductID) VALUES (841, "https://i1.rozetka.ua/goods/2027605/msi_gt_1030_2gh_lp_oc_images_2027605908.jpg", 147);
INSERT INTO webshop.images (ImageID, Url, ProductID) VALUES (842, "https://i1.rozetka.ua/goods/2027605/msi_gt_1030_2gh_lp_oc_images_2027605986.jpg", 147);
INSERT INTO webshop.comments (CommentID, Nickname, Rating, Message, Date, ProductID) VALUES (378, "Александр", 0, "пойдет она в asrock fm2a58m-dg3+", "2018-1-0", 147);
INSERT INTO webshop.comments (CommentID, Nickname, Rating, Message, Date, ProductID) VALUES (379, "Павел", 0, "Добрый день. Будет ли поддерживать 144 Гц, если я подключу через дисплей порт? Монитор 144 Гц, если что.", "2018-1-5", 147);
INSERT INTO webshop.comments (CommentID, Nickname, Rating, Message, Date, ProductID) VALUES (380, "Гость", 0, "А эта видеокарта нормально пойдёт с таким процом как AMD PHENOM II X4 840 ?", "2018-1-3", 147);
-- =====================================================================
INSERT INTO webshop.products (ProductID, ProductTypeID, Title, Description, Price) VALUES (148, 6, "MSI PCI-Ex GeForce GT 1030 Aero ITX OC 2GB GDDR5 (64bit) (1265/6008) (DVI, HDMI) (GT 1030 AERO ITX 2G OC)", "Лучшая графика для ПК Увеличьте производительность вашего ПК за счет быстрой и мощной графической карты NVIDIA GeForce GT 1030. Компьютерные игры. Работа с фото и HD видео. Получившая многочисленные награды архитектура NVIDIA Pascal с процессором GT 1030 и самые передовые технологии позволят вам получить необходимый уровень производительности, достаточный для самых требовательных приложений. Передовые игровые технологии Ядро Pascal разработано специально для работы с дисплеями следующего поколения. Технологии NVIDIA GameWorks обеспечивают максимально плавный геймплей и кинематографическое качество. Производительность Видеокарта на основе графического ядра Pascal демонстрируют высочайшую производительность и энергоэффективность, а такие особенности как ультра-быстрые транзисторы FinFET и поддержка DirectX 12, способствуют плавному геймплею и высокой скорости в играх. Geforce Experience Гарантирует лучшую производительность в играх за счет автоматического обновления драйверов видео от NVIDIA. Дает возможность пользователям оптимизировать игровые настройки с помощью одного клика. Компактная и производительная Мощность полноразмерной графической карты в компактном форм-факторе. Видеокарта MSI AERO ITX идеально подходит для использования в компактных компьютерах и HTPC решениях, поскольку имеет значительно меньшие размеры по сравнению с полноразмерными графическими картами. Таким образом, новые видеокарты подходят практически для любых компьютерных корпусов, гарантируя при этом высокую производительность в играх. Идеально подходят для любого корпуса Выражение “Мал да удал” как никогда точно характеризует видеокарты AERO ITX. Благодаря их компактному размеру, видеокарты можно установить в практически любой корпус. Меньший размер также благотворно сказался на весе новых графических карт, которые стали значительно легче по сравнению со своими полноразмерными братьями. Компоненты Military Class 4 Одним из решающих факторов в производительности является качество используемых компонентов. Вот почему MSI использует только MIL-STD-810G сертифицированные компоненты. Только эти компоненты оказались в состоянии выдержать напряженные условия экстремального гейминга и разгона. Afterburner MSI Afterburner – это самое популярное приложение в мире для разгона графических карт, которое позволяет получить полный контроль над видеокартой. Утилита также позволяет получать исчерпывающую информацию об аппаратной части вашего ПК, производить настройку работы вентиляторов, осуществлять запись видео и выполнять тестирование.", 6258);
INSERT INTO webshop.characteristics (CharacteristicID, CharacteristicTypeID, Value, ProductID) VALUES (2886, 1, "PCI-Express x16 3.0", 148);
INSERT INTO webshop.characteristics (CharacteristicID, CharacteristicTypeID, Value, ProductID) VALUES (2887, 2, "Базовая частота: 1265 МГц В режиме разгона: 1518 МГц", 148);
INSERT INTO webshop.characteristics (CharacteristicID, CharacteristicTypeID, Value, ProductID) VALUES (2888, 16, "2560x1600", 148);
INSERT INTO webshop.characteristics (CharacteristicID, CharacteristicTypeID, Value, ProductID) VALUES (2889, 17, "Активная", 148);
INSERT INTO webshop.characteristics (CharacteristicID, CharacteristicTypeID, Value, ProductID) VALUES (2890, 3, "Нет", 148);
INSERT INTO webshop.characteristics (CharacteristicID, CharacteristicTypeID, Value, ProductID) VALUES (2891, 4, "DVI HDMI", 148);
INSERT INTO webshop.characteristics (CharacteristicID, CharacteristicTypeID, Value, ProductID) VALUES (2892, 5, "Нет", 148);
INSERT INTO webshop.characteristics (CharacteristicID, CharacteristicTypeID, Value, ProductID) VALUES (2893, 6, "6008 МГц", 148);
INSERT INTO webshop.characteristics (CharacteristicID, CharacteristicTypeID, Value, ProductID) VALUES (2894, 7, "147 x 102 x 38 мм", 148);
INSERT INTO webshop.characteristics (CharacteristicID, CharacteristicTypeID, Value, ProductID) VALUES (2895, 8, "300 Вт", 148);
INSERT INTO webshop.characteristics (CharacteristicID, CharacteristicTypeID, Value, ProductID) VALUES (2896, 9, "GeForce GT 1030", 148);
INSERT INTO webshop.characteristics (CharacteristicID, CharacteristicTypeID, Value, ProductID) VALUES (2897, 19, "GDDR5", 148);
INSERT INTO webshop.characteristics (CharacteristicID, CharacteristicTypeID, Value, ProductID) VALUES (2898, 20, "36 месяцев", 148);
INSERT INTO webshop.characteristics (CharacteristicID, CharacteristicTypeID, Value, ProductID) VALUES (2899, 21, "1", 148);
INSERT INTO webshop.characteristics (CharacteristicID, CharacteristicTypeID, Value, ProductID) VALUES (2900, 22, "Мини", 148);
INSERT INTO webshop.characteristics (CharacteristicID, CharacteristicTypeID, Value, ProductID) VALUES (2901, 12, "64 бит", 148);
INSERT INTO webshop.characteristics (CharacteristicID, CharacteristicTypeID, Value, ProductID) VALUES (2902, 13, "Нет", 148);
INSERT INTO webshop.characteristics (CharacteristicID, CharacteristicTypeID, Value, ProductID) VALUES (2903, 25, "2 ГБ", 148);
INSERT INTO webshop.characteristics (CharacteristicID, CharacteristicTypeID, Value, ProductID) VALUES (2904, 26, "Вентилятор + радиатор", 148);
INSERT INTO webshop.images (ImageID, Url, ProductID) VALUES (843, "https://i2.rozetka.ua/goods/2027581/msi_gt_1030_aero_itx_2g_oc_images_2027581806.jpg", 148);
INSERT INTO webshop.images (ImageID, Url, ProductID) VALUES (844, "https://i2.rozetka.ua/goods/2027582/msi_gt_1030_aero_itx_2g_oc_images_2027582088.jpg", 148);
INSERT INTO webshop.images (ImageID, Url, ProductID) VALUES (845, "https://i2.rozetka.ua/goods/2027582/msi_gt_1030_aero_itx_2g_oc_images_2027582196.jpg", 148);
INSERT INTO webshop.images (ImageID, Url, ProductID) VALUES (846, "https://i1.rozetka.ua/goods/2027582/msi_gt_1030_aero_itx_2g_oc_images_2027582274.jpg", 148);
INSERT INTO webshop.images (ImageID, Url, ProductID) VALUES (847, "https://i2.rozetka.ua/goods/2027582/msi_gt_1030_aero_itx_2g_oc_images_2027582352.jpg", 148);
INSERT INTO webshop.images (ImageID, Url, ProductID) VALUES (848, "https://i1.rozetka.ua/goods/2027582/msi_gt_1030_aero_itx_2g_oc_images_2027582430.jpg", 148);
INSERT INTO webshop.images (ImageID, Url, ProductID) VALUES (849, "https://i2.rozetka.ua/goods/2027582/msi_gt_1030_aero_itx_2g_oc_images_2027582508.jpg", 148);
INSERT INTO webshop.images (ImageID, Url, ProductID) VALUES (850, "https://i2.rozetka.ua/goods/2027582/msi_gt_1030_aero_itx_2g_oc_images_2027582586.jpg", 148);
INSERT INTO webshop.comments (CommentID, Nickname, Rating, Message, Date, ProductID) VALUES (381, "Гость", 5, "Посоветуйте пожалуйста не дорогой переходник для этой видюхи к монитору", "2018-1-4", 148);
INSERT INTO webshop.comments (CommentID, Nickname, Rating, Message, Date, ProductID) VALUES (382, "Саня Семенюк", 0, "Какой у нее интерфейс?", "2018-1-4", 148);
INSERT INTO webshop.comments (CommentID, Nickname, Rating, Message, Date, ProductID) VALUES (383, "Даниил", 0, "Сильный будет прирост в фпс в играх, если сейчас стоит 4гб озу, проц. core i3 2120, видеокарта gt440? Достоинства: - Недостатки: -", "2018-1-3", 148);
-- =====================================================================
INSERT INTO webshop.products (ProductID, ProductTypeID, Title, Description, Price) VALUES (149, 6, "MSI PCI-Ex GeForce GT 710 1024 MB DDR3 (64bit) (954/1600) (DVI, HDMI, VGA) (GT 710 1GD3H LP)", "Ускорьте свою работу на ПК с новой дискретной видеокартой NVIDIA GeForce GT 710. Теперь вы можете наслаждаться до 10 раз более высокой производительностью в любимых приложениях по сравнению со встроенной графикой. Благодаря GeForce Experience вы получите ускорение игрового процесса до 80% вместе с надежной и стабильной работой. GeForce Experience Самый простой путь оптимизировать свои игры и постоянно обновлять драйверы. Запечатлейте каждую победу с GeForce ShadowPlay Автоматически записывайте все свои лучшие игровые моменты. Технология NVIDIA PureVideo HD Сочетание ускорения декодирования HD видео и постобработки NVIDIA PureVideo HD Technology обеспечивает проигрывание видео без помех, потрясающую чистоту изображения, четкость цвета и точное масштабирование изображения в фильмах и видео. Потоковое аудио высокой четкости TrueHD и DTS-HD Полная поддержка TrueHD и продвинутых кодеков для многоканального аудио без сжатия DTS-HD дарит вам невероятное наслаждение звуком прямо у вас дома. NVIDIA Adaptive Vertical Sync Ничто не отвлекает так, как дрожание кадров и разрывы изображения. Первое происходит, когда частота смены кадров низкая, второе – когда она слишком высокая. Технология Adaptive VSync прекрасный способ обработки кадров. При высокой частоте смены кадров V-sync включается для устранения разрывов изображения, при низкой – отключается, чтобы свести дрожание до минимума. Режим сглаживания: NVIDIA FXAA Сглаживание выравнивает зубчатые границы изображения, но может быть очень требовательным к частоте смены кадров. FXAA — новая технология сглаживания, которая обеспечивает прекрасные плавные линии при минимальном влиянии на производительность. Благодаря GPU на базе архитектуры Kepler ты можешь включить FXAA в сотнях играх через Панель управления NVIDIA. Бесшумная система охлаждения Пассивная система охлаждения обеспечивает абсолютно бесшумную работу видеокарты. Низкопрофильная конструкция Низкопрофильная конструкция и высокая энергоэффективность делают эту видеокарту прекрасным выбором для компактных мультимедийных систем.", 3467);
INSERT INTO webshop.characteristics (CharacteristicID, CharacteristicTypeID, Value, ProductID) VALUES (2905, 1, "PCI-Express x16 2.х", 149);
INSERT INTO webshop.characteristics (CharacteristicID, CharacteristicTypeID, Value, ProductID) VALUES (2906, 2, "954 МГц", 149);
INSERT INTO webshop.characteristics (CharacteristicID, CharacteristicTypeID, Value, ProductID) VALUES (2907, 16, "4096x2160", 149);
INSERT INTO webshop.characteristics (CharacteristicID, CharacteristicTypeID, Value, ProductID) VALUES (2908, 17, "Пассивная", 149);
INSERT INTO webshop.characteristics (CharacteristicID, CharacteristicTypeID, Value, ProductID) VALUES (2909, 4, "VGA DVI HDMI", 149);
INSERT INTO webshop.characteristics (CharacteristicID, CharacteristicTypeID, Value, ProductID) VALUES (2910, 5, "Нет", 149);
INSERT INTO webshop.characteristics (CharacteristicID, CharacteristicTypeID, Value, ProductID) VALUES (2911, 6, "1600 МГц", 149);
INSERT INTO webshop.characteristics (CharacteristicID, CharacteristicTypeID, Value, ProductID) VALUES (2912, 7, "146 x 69 x 19 мм мм", 149);
INSERT INTO webshop.characteristics (CharacteristicID, CharacteristicTypeID, Value, ProductID) VALUES (2913, 8, "300 Вт", 149);
INSERT INTO webshop.characteristics (CharacteristicID, CharacteristicTypeID, Value, ProductID) VALUES (2914, 9, "GeForce GT710", 149);
INSERT INTO webshop.characteristics (CharacteristicID, CharacteristicTypeID, Value, ProductID) VALUES (2915, 18, "400 МГц", 149);
INSERT INTO webshop.characteristics (CharacteristicID, CharacteristicTypeID, Value, ProductID) VALUES (2916, 10, "12.8 ГБ/с", 149);
INSERT INTO webshop.characteristics (CharacteristicID, CharacteristicTypeID, Value, ProductID) VALUES (2917, 19, "DDR3", 149);
INSERT INTO webshop.characteristics (CharacteristicID, CharacteristicTypeID, Value, ProductID) VALUES (2918, 20, "36 месяцев", 149);
INSERT INTO webshop.characteristics (CharacteristicID, CharacteristicTypeID, Value, ProductID) VALUES (2919, 21, "1", 149);
INSERT INTO webshop.characteristics (CharacteristicID, CharacteristicTypeID, Value, ProductID) VALUES (2920, 22, "Низкопрофильная", 149);
INSERT INTO webshop.characteristics (CharacteristicID, CharacteristicTypeID, Value, ProductID) VALUES (2921, 12, "64 бит", 149);
INSERT INTO webshop.characteristics (CharacteristicID, CharacteristicTypeID, Value, ProductID) VALUES (2922, 24, "1", 149);
INSERT INTO webshop.characteristics (CharacteristicID, CharacteristicTypeID, Value, ProductID) VALUES (2923, 23, "DirectX 12, OpenGL 4.5", 149);
INSERT INTO webshop.characteristics (CharacteristicID, CharacteristicTypeID, Value, ProductID) VALUES (2924, 13, "Нет", 149);
INSERT INTO webshop.characteristics (CharacteristicID, CharacteristicTypeID, Value, ProductID) VALUES (2925, 25, "1 ГБ", 149);
INSERT INTO webshop.characteristics (CharacteristicID, CharacteristicTypeID, Value, ProductID) VALUES (2926, 26, "Радиатор", 149);
INSERT INTO webshop.images (ImageID, Url, ProductID) VALUES (851, "https://i1.rozetka.ua/goods/1457530/msi_gt_710_1gd3h_lp_images_1457530048.jpg", 149);
INSERT INTO webshop.images (ImageID, Url, ProductID) VALUES (852, "https://i1.rozetka.ua/goods/1457530/msi_gt_710_1gd3h_lp_images_1457530276.jpg", 149);
INSERT INTO webshop.images (ImageID, Url, ProductID) VALUES (853, "https://i2.rozetka.ua/goods/1457530/msi_gt_710_1gd3h_lp_images_1457530360.jpg", 149);
INSERT INTO webshop.images (ImageID, Url, ProductID) VALUES (854, "https://i1.rozetka.ua/goods/1457530/msi_gt_710_1gd3h_lp_images_1457530126.jpg", 149);
INSERT INTO webshop.comments (CommentID, Nickname, Rating, Message, Date, ProductID) VALUES (384, "Василий", 0, "Вопрос к представителям компании, подходит ли эта видеокарта для просмотра кино на компьютере в 4к 60fps формате? либо посоветуйте другую спасибо", "2018-1-4", 149);
INSERT INTO webshop.comments (CommentID, Nickname, Rating, Message, Date, ProductID) VALUES (385, "Дмитрий Юрьевич", 0, "Подскажите пожалуйста, подойдет ли для PCI-Ex 16 1.0", "2018-1-3", 149);
INSERT INTO webshop.comments (CommentID, Nickname, Rating, Message, Date, ProductID) VALUES (386, "Гость", 5, "А как данная видео карта будет вести себя с процессором intel pentium g4400?? Подскажите пожалуйста Достоинства: Цена", "2018-1-0", 149);
-- =====================================================================
INSERT INTO webshop.products (ProductID, ProductTypeID, Title, Description, Price) VALUES (150, 6, "MSI PCI-Ex GeForce GT 710 2048 MB DDR3 (64bit) (954/1600) (DVI, HDMI, VGA) (GT 710 2GD3H LP)", "Ускорьте свою работу на ПК с новой дискретной видеокартой NVIDIA GeForce GT 710. Теперь вы можете наслаждаться до 10 раз более высокой производительностью в любимых приложениях по сравнению со встроенной графикой. Благодаря GeForce Experience вы получите ускорение игрового процесса до 80% вместе с надежной и стабильной работой. GeForce Experience Самый простой путь оптимизировать свои игры и постоянно обновлять драйверы. Запечатлейте каждую победу с GeForce ShadowPlay Автоматически записывайте все свои лучшие игровые моменты. Технология NVIDIA PureVideo HD Сочетание ускорения декодирования HD видео и постобработки NVIDIA PureVideo HD Technology обеспечивает проигрывание видео без помех, потрясающую чистоту изображения, четкость цвета и точное масштабирование изображения в фильмах и видео. Потоковое аудио высокой четкости TrueHD и DTS-HD Полная поддержка TrueHD и продвинутых кодеков для многоканального аудио без сжатия DTS-HD дарит вам невероятное наслаждение звуком прямо у вас дома. NVIDIA Adaptive Vertical Sync Ничто не отвлекает так, как дрожание кадров и разрывы изображения. Первое происходит, когда частота смены кадров низкая, второе – когда она слишком высокая. Технология Adaptive VSync прекрасный способ обработки кадров. При высокой частоте смены кадров V-sync включается для устранения разрывов изображения, при низкой – отключается, чтобы свести дрожание до минимума. Режим сглаживания: NVIDIA FXAA Сглаживание выравнивает зубчатые границы изображения, но может быть очень требовательным к частоте смены кадров. FXAA — новая технология сглаживания, которая обеспечивает прекрасные плавные линии при минимальном влиянии на производительность. Благодаря GPU на базе архитектуры Kepler ты можешь включить FXAA в сотнях играх через Панель управления NVIDIA. Бесшумная система охлаждения Пассивная система охлаждения обеспечивает абсолютно бесшумную работу видеокарты. Низкопрофильная конструкция Низкопрофильная конструкция и высокая энергоэффективность делают эту видеокарту прекрасным выбором для компактных мультимедийных систем.", 8125);
INSERT INTO webshop.characteristics (CharacteristicID, CharacteristicTypeID, Value, ProductID) VALUES (2927, 1, "PCI-Express x16 2.х", 150);
INSERT INTO webshop.characteristics (CharacteristicID, CharacteristicTypeID, Value, ProductID) VALUES (2928, 2, "954 МГц", 150);
INSERT INTO webshop.characteristics (CharacteristicID, CharacteristicTypeID, Value, ProductID) VALUES (2929, 16, "4096x2160", 150);
INSERT INTO webshop.characteristics (CharacteristicID, CharacteristicTypeID, Value, ProductID) VALUES (2930, 17, "Пассивная", 150);
INSERT INTO webshop.characteristics (CharacteristicID, CharacteristicTypeID, Value, ProductID) VALUES (2931, 4, "VGA DVI HDMI", 150);
INSERT INTO webshop.characteristics (CharacteristicID, CharacteristicTypeID, Value, ProductID) VALUES (2932, 5, "Нет", 150);
INSERT INTO webshop.characteristics (CharacteristicID, CharacteristicTypeID, Value, ProductID) VALUES (2933, 6, "1600 МГц", 150);
INSERT INTO webshop.characteristics (CharacteristicID, CharacteristicTypeID, Value, ProductID) VALUES (2934, 7, "146 x 69 x 19 мм мм", 150);
INSERT INTO webshop.characteristics (CharacteristicID, CharacteristicTypeID, Value, ProductID) VALUES (2935, 8, "300 Вт", 150);
INSERT INTO webshop.characteristics (CharacteristicID, CharacteristicTypeID, Value, ProductID) VALUES (2936, 9, "GeForce GT710", 150);
INSERT INTO webshop.characteristics (CharacteristicID, CharacteristicTypeID, Value, ProductID) VALUES (2937, 18, "400 МГц", 150);
INSERT INTO webshop.characteristics (CharacteristicID, CharacteristicTypeID, Value, ProductID) VALUES (2938, 10, "12.8 ГБ/с", 150);
INSERT INTO webshop.characteristics (CharacteristicID, CharacteristicTypeID, Value, ProductID) VALUES (2939, 19, "DDR3", 150);
INSERT INTO webshop.characteristics (CharacteristicID, CharacteristicTypeID, Value, ProductID) VALUES (2940, 20, "36 месяцев", 150);
INSERT INTO webshop.characteristics (CharacteristicID, CharacteristicTypeID, Value, ProductID) VALUES (2941, 21, "1", 150);
INSERT INTO webshop.characteristics (CharacteristicID, CharacteristicTypeID, Value, ProductID) VALUES (2942, 22, "Низкопрофильная", 150);
INSERT INTO webshop.characteristics (CharacteristicID, CharacteristicTypeID, Value, ProductID) VALUES (2943, 12, "64 бит", 150);
INSERT INTO webshop.characteristics (CharacteristicID, CharacteristicTypeID, Value, ProductID) VALUES (2944, 24, "1", 150);
INSERT INTO webshop.characteristics (CharacteristicID, CharacteristicTypeID, Value, ProductID) VALUES (2945, 23, "DirectX 12, OpenGL 4.5", 150);
INSERT INTO webshop.characteristics (CharacteristicID, CharacteristicTypeID, Value, ProductID) VALUES (2946, 13, "Нет", 150);
INSERT INTO webshop.characteristics (CharacteristicID, CharacteristicTypeID, Value, ProductID) VALUES (2947, 25, "2 ГБ", 150);
INSERT INTO webshop.characteristics (CharacteristicID, CharacteristicTypeID, Value, ProductID) VALUES (2948, 26, "Радиатор", 150);
INSERT INTO webshop.images (ImageID, Url, ProductID) VALUES (855, "https://i1.rozetka.ua/goods/1457530/msi_gt_710_2gd3h_lp_images_1457530750.jpg", 150);
INSERT INTO webshop.images (ImageID, Url, ProductID) VALUES (856, "https://i1.rozetka.ua/goods/1457530/msi_gt_710_2gd3h_lp_images_1457530828.jpg", 150);
INSERT INTO webshop.images (ImageID, Url, ProductID) VALUES (857, "https://i1.rozetka.ua/goods/1457530/msi_gt_710_2gd3h_lp_images_1457530906.jpg", 150);
INSERT INTO webshop.images (ImageID, Url, ProductID) VALUES (858, "https://i2.rozetka.ua/goods/1457532/msi_gt_710_2gd3h_lp_images_1457532544.jpg", 150);
INSERT INTO webshop.comments (CommentID, Nickname, Rating, Message, Date, ProductID) VALUES (387, "ПАПВ", 0, "ВАНА ПОТЯГНЕ ПРОТОТИП 2 ???", "2018-1-4", 150);
INSERT INTO webshop.comments (CommentID, Nickname, Rating, Message, Date, ProductID) VALUES (388, "Virass", 4, "Ожидать от данной видеокарты высоких показателей производительности не стоит, но как затычка в рабочий компьютер вполне себе. После получаса работы температура видеокарты поднялась до 50 градусов в хорошо продуваемом корпусе, но дальше вроде температура не растет. К слову в помещении температура... Еще около 25 градусов, летом наверное стоит подумать об более эффективном охлаждении, хотя для видеокарт 50 градусов вроде температура не столь большая. Данное устройство можно рекомендовать для установки в миниатюрные корпуса, но опять же стоит при этом позаботится об хорошем обдуве. Достоинства: Мелкая, без куллера Недостатки: Немного греется", "2018-1-2", 150);
INSERT INTO webshop.comments (CommentID, Nickname, Rating, Message, Date, ProductID) VALUES (389, "Video Editor", 0, "GeForce GT 710 2048 MB DDR3 Оперативная память 8 Пойдет для PUBG", "2018-1-1", 150);
-- =====================================================================
INSERT INTO webshop.products (ProductID, ProductTypeID, Title, Description, Price) VALUES (151, 6, "MSI PCI-Ex GeForce GT 730 1024MB DDR3 (64bit) (1006/1600) (VGA, DVI, HDMI) (N730K-1GD3/OCV2)", "Обновите свое графическое решение до новой дискретной видеокарты nVidia GeForce GT 730 и получите супербыструю работу в веб, а также невероятные возможности редактирования фото и видео. Видеокарта GT 730 также обеспечивает в 3 раза более высокую производительность в играх, чем встроенная графика, при этом гарантируя надежность и стабильность работы благодаря GeForce Experience. Утилита оверклокинга MSI Afterburner Поддержка захвата видео из игр. Поддержка беспроводного управления с помощью Android/iOS устройств. Встроенный тест эффектов DX11. Нативный выход HDMI 1.4a HDMI 1.4a поддерживает разрешение 1080p HD и воспроизведение фильмов в формате передачи данных TrueHD или DTS-HD аудио. Готовность поддержки 3DVision Поддержка NVIDIA 3D Vision позволяет полностью погрузиться в стереоскопическое 3D на компьютере. Режим сглаживания nVidia FXAA Сглаживание выравнивает зубчатые границы изображения, но может быть очень требовательным к частоте смены кадров. FXAA — это новая технология сглаживания, которая обеспечивает прекрасные плавные линии при минимальном влиянии на производительность. Благодаря GPU на базе архитектуры Kepler вы можете включить FXAA в сотнях играх через Панель управления nVidia. nVidia PureVideo HD Сочетание ускорения декодирования HD видео и постобработки, обеспечивает проигрывание видео без помех, потрясающую чистоту изображения, четкость цвета и точное масштабирование изображения в фильмах и видео. Все это с невероятной эффективностью энергопотребления. nVidia Adaptive Vertical Sync Ничто не отвлекает так, как дрожание кадров и разрывы изображения. Первое происходит, когда частота смены кадров низкая, второе – когда она слишком высокая. Технология Adaptive V-Sync – прекрасный способ обработки кадров. При высокой частоте смены кадров V-sync включается для устранения разрывов изображения, при низкой – отключается, чтобы свести дрожание до минимума. Это позволяет не отвлекаться, поэтому вы можете продолжить игру.", 10498);
INSERT INTO webshop.characteristics (CharacteristicID, CharacteristicTypeID, Value, ProductID) VALUES (2949, 1, "PCI-Express x16 2.х", 151);
INSERT INTO webshop.characteristics (CharacteristicID, CharacteristicTypeID, Value, ProductID) VALUES (2950, 2, "1006 МГц", 151);
INSERT INTO webshop.characteristics (CharacteristicID, CharacteristicTypeID, Value, ProductID) VALUES (2951, 16, "4096x2160", 151);
INSERT INTO webshop.characteristics (CharacteristicID, CharacteristicTypeID, Value, ProductID) VALUES (2952, 17, "Активная", 151);
INSERT INTO webshop.characteristics (CharacteristicID, CharacteristicTypeID, Value, ProductID) VALUES (2953, 3, "Нет", 151);
INSERT INTO webshop.characteristics (CharacteristicID, CharacteristicTypeID, Value, ProductID) VALUES (2954, 4, "VGA DVI HDMI", 151);
INSERT INTO webshop.characteristics (CharacteristicID, CharacteristicTypeID, Value, ProductID) VALUES (2955, 5, "Нет", 151);
INSERT INTO webshop.characteristics (CharacteristicID, CharacteristicTypeID, Value, ProductID) VALUES (2956, 6, "1600 МГц", 151);
INSERT INTO webshop.characteristics (CharacteristicID, CharacteristicTypeID, Value, ProductID) VALUES (2957, 7, "146 x 107 x 28 мм", 151);
INSERT INTO webshop.characteristics (CharacteristicID, CharacteristicTypeID, Value, ProductID) VALUES (2958, 8, "300 Вт", 151);
INSERT INTO webshop.characteristics (CharacteristicID, CharacteristicTypeID, Value, ProductID) VALUES (2959, 9, "GeForce GT730", 151);
INSERT INTO webshop.characteristics (CharacteristicID, CharacteristicTypeID, Value, ProductID) VALUES (2960, 18, "400 МГц", 151);
INSERT INTO webshop.characteristics (CharacteristicID, CharacteristicTypeID, Value, ProductID) VALUES (2961, 19, "DDR3", 151);
INSERT INTO webshop.characteristics (CharacteristicID, CharacteristicTypeID, Value, ProductID) VALUES (2962, 20, "36 месяцев", 151);
INSERT INTO webshop.characteristics (CharacteristicID, CharacteristicTypeID, Value, ProductID) VALUES (2963, 21, "1", 151);
INSERT INTO webshop.characteristics (CharacteristicID, CharacteristicTypeID, Value, ProductID) VALUES (2964, 22, "Мини", 151);
INSERT INTO webshop.characteristics (CharacteristicID, CharacteristicTypeID, Value, ProductID) VALUES (2965, 12, "64 бит", 151);
INSERT INTO webshop.characteristics (CharacteristicID, CharacteristicTypeID, Value, ProductID) VALUES (2966, 24, "1", 151);
INSERT INTO webshop.characteristics (CharacteristicID, CharacteristicTypeID, Value, ProductID) VALUES (2967, 23, "DirectX 12, OpenGL 4.4", 151);
INSERT INTO webshop.characteristics (CharacteristicID, CharacteristicTypeID, Value, ProductID) VALUES (2968, 13, "Нет", 151);
INSERT INTO webshop.characteristics (CharacteristicID, CharacteristicTypeID, Value, ProductID) VALUES (2969, 25, "1 ГБ", 151);
INSERT INTO webshop.characteristics (CharacteristicID, CharacteristicTypeID, Value, ProductID) VALUES (2970, 26, "Радиатор + Вентилятор", 151);
INSERT INTO webshop.images (ImageID, Url, ProductID) VALUES (859, "https://i1.rozetka.ua/goods/2636783/msi_n730k_1gd3_ocv2_images_2636783223.jpg", 151);
INSERT INTO webshop.images (ImageID, Url, ProductID) VALUES (860, "https://i1.rozetka.ua/goods/2636783/msi_n730k_1gd3_ocv2_images_2636783695.jpg", 151);
INSERT INTO webshop.images (ImageID, Url, ProductID) VALUES (861, "https://i2.rozetka.ua/goods/2636784/msi_n730k_1gd3_ocv2_images_2636784263.jpg", 151);
INSERT INTO webshop.images (ImageID, Url, ProductID) VALUES (862, "https://i2.rozetka.ua/goods/2636782/msi_n730k_1gd3_ocv2_images_2636782815.jpg", 151);
INSERT INTO webshop.comments (CommentID, Nickname, Rating, Message, Date, ProductID) VALUES (390, "Гость", 0, "Подойдет ли на материнскую плату Asus P5KPL-AM (2 PCI, 1 PCI-E x1, 1 PCI-E x16, 2 DDR2 DIMM, Audio, Video, LAN) ?", "2018-1-3", 151);
INSERT INTO webshop.comments (CommentID, Nickname, Rating, Message, Date, ProductID) VALUES (391, "Ігор Яловий", 0, "Спасибо. быстро. работает.", "2018-1-0", 151);
INSERT INTO webshop.comments (CommentID, Nickname, Rating, Message, Date, ProductID) VALUES (392, "Виталий", 0, "Уточните,пожалуйста,максимальное разрешение.", "2018-1-2", 151);
-- =====================================================================
INSERT INTO webshop.products (ProductID, ProductTypeID, Title, Description, Price) VALUES (152, 6, "MSI PCI-Ex GeForce GT 730 2048MB DDR3 (64bit) (902/1600) (VGA, DVI, HDMI) (N730K-2GD3H/LP)", "Обнови свое графическое решение до новой дискретной видеокарты nVidia GeForce GT 730 и получи супербыструю работу в веб, а также невероятные возможности редактирования фото и видео. Видеокарта GT 730 также обеспечивает в 3 раза более высокую производительность в играх, чем встроенная графика, при этом гарантируя надежность и стабильность работы благодаря GeForce Experience. Однослотовый низкопрофильный дизайн Однослотовый дизайн системы охлаждения экономит занимаемое пространство. Низкопрофильный дизайн отлично работает в тонких или маломерных системах. Утилита оверклокинга MSI Afterburner Поддержка захвата видео из игр. Поддержка беспроводного управления с помощью Android/iOS устройств. Встроенный тест эффектов DX12. Нативный выход HDMI 1.4a HDMI 1.4a поддерживает разрешение 1080p HD и воспроизведение фильмов в формате передачи данных TrueHD или DTS-HD аудио. Готовность поддержки 3DVision Поддержка NVIDIA 3D Vision позволяет полностью погрузиться в стереоскопическое 3D на компьютере. Режим сглаживания nVidia FXAA Сглаживание выравнивает зубчатые границы изображения, но может быть очень требовательным к частоте смены кадров. FXAA — это новая технология сглаживания, которая обеспечивает прекрасные плавные линии при минимальном влиянии на производительность. Благодаря GPU на базе архитектуры Kepler ты можешь включить FXAA в сотнях играх через Панель управления nVidia. nVidia PureVideo HD Сочетание ускорения декодирования HD видео и постобработки, обеспечивает проигрывание видео без помех, потрясающую чистоту изображения, четкость цвета и точное масштабирование изображения в фильмах и видео. Все это с невероятной эффективностью энергопотребления. nVidia Adaptive Vertical Sync Ничто не отвлекает так, как дрожание кадров и разрывы изображения. Первое происходит, когда частота смены кадров низкая, второе – когда она слишком высокая. Технология Adaptive V-Sync – прекрасный способ обработки кадров. При высокой частоте смены кадров V-sync включается для устранения разрывов изображения, при низкой – отключается, чтобы свести дрожание до минимума. Это позволяет не отвлекаться, поэтому ты можешь продолжить игру.", 14786);
INSERT INTO webshop.characteristics (CharacteristicID, CharacteristicTypeID, Value, ProductID) VALUES (2971, 1, "PCI-Express x16 2.х", 152);
INSERT INTO webshop.characteristics (CharacteristicID, CharacteristicTypeID, Value, ProductID) VALUES (2972, 2, "902 МГц", 152);
INSERT INTO webshop.characteristics (CharacteristicID, CharacteristicTypeID, Value, ProductID) VALUES (2973, 16, "4096x2160", 152);
INSERT INTO webshop.characteristics (CharacteristicID, CharacteristicTypeID, Value, ProductID) VALUES (2974, 17, "Пассивная", 152);
INSERT INTO webshop.characteristics (CharacteristicID, CharacteristicTypeID, Value, ProductID) VALUES (2975, 3, "Нет", 152);
INSERT INTO webshop.characteristics (CharacteristicID, CharacteristicTypeID, Value, ProductID) VALUES (2976, 4, "VGA DVI HDMI", 152);
INSERT INTO webshop.characteristics (CharacteristicID, CharacteristicTypeID, Value, ProductID) VALUES (2977, 5, "Нет", 152);
INSERT INTO webshop.characteristics (CharacteristicID, CharacteristicTypeID, Value, ProductID) VALUES (2978, 6, "1600 МГц", 152);
INSERT INTO webshop.characteristics (CharacteristicID, CharacteristicTypeID, Value, ProductID) VALUES (2979, 7, "146 x 69 x 38 мм", 152);
INSERT INTO webshop.characteristics (CharacteristicID, CharacteristicTypeID, Value, ProductID) VALUES (2980, 8, "300 Вт", 152);
INSERT INTO webshop.characteristics (CharacteristicID, CharacteristicTypeID, Value, ProductID) VALUES (2981, 9, "GeForce GT730", 152);
INSERT INTO webshop.characteristics (CharacteristicID, CharacteristicTypeID, Value, ProductID) VALUES (2982, 18, "400 МГц", 152);
INSERT INTO webshop.characteristics (CharacteristicID, CharacteristicTypeID, Value, ProductID) VALUES (2983, 10, "14.4 ГБ/с", 152);
INSERT INTO webshop.characteristics (CharacteristicID, CharacteristicTypeID, Value, ProductID) VALUES (2984, 19, "DDR3", 152);
INSERT INTO webshop.characteristics (CharacteristicID, CharacteristicTypeID, Value, ProductID) VALUES (2985, 20, "36 месяцев", 152);
INSERT INTO webshop.characteristics (CharacteristicID, CharacteristicTypeID, Value, ProductID) VALUES (2986, 21, "1", 152);
INSERT INTO webshop.characteristics (CharacteristicID, CharacteristicTypeID, Value, ProductID) VALUES (2987, 22, "Низкопрофильная", 152);
INSERT INTO webshop.characteristics (CharacteristicID, CharacteristicTypeID, Value, ProductID) VALUES (2988, 12, "64 бит", 152);
INSERT INTO webshop.characteristics (CharacteristicID, CharacteristicTypeID, Value, ProductID) VALUES (2989, 24, "1", 152);
INSERT INTO webshop.characteristics (CharacteristicID, CharacteristicTypeID, Value, ProductID) VALUES (2990, 23, "DirectX 12, OpenGL 4.4", 152);
INSERT INTO webshop.characteristics (CharacteristicID, CharacteristicTypeID, Value, ProductID) VALUES (2991, 13, "Нет", 152);
INSERT INTO webshop.characteristics (CharacteristicID, CharacteristicTypeID, Value, ProductID) VALUES (2992, 25, "2 ГБ", 152);
INSERT INTO webshop.characteristics (CharacteristicID, CharacteristicTypeID, Value, ProductID) VALUES (2993, 26, "Радиатор", 152);
INSERT INTO webshop.images (ImageID, Url, ProductID) VALUES (863, "https://i1.rozetka.ua/goods/2338031/msi_n730k_2gd3h_lp_images_2338031577.jpg", 152);
INSERT INTO webshop.images (ImageID, Url, ProductID) VALUES (864, "https://i1.rozetka.ua/goods/2338031/msi_n730k_2gd3h_lp_images_2338031681.jpg", 152);
INSERT INTO webshop.images (ImageID, Url, ProductID) VALUES (865, "https://i1.rozetka.ua/goods/2338031/msi_n730k_2gd3h_lp_images_2338031785.jpg", 152);
INSERT INTO webshop.images (ImageID, Url, ProductID) VALUES (866, "https://i1.rozetka.ua/goods/2338031/msi_n730k_2gd3h_lp_images_2338031889.jpg", 152);
INSERT INTO webshop.comments (CommentID, Nickname, Rating, Message, Date, ProductID) VALUES (393, "Коля Яковлев", 0, "Станет ли она в intel DP55WB?", "2016-9-2", 152);
INSERT INTO webshop.comments (CommentID, Nickname, Rating, Message, Date, ProductID) VALUES (394, "insface2004", 5, "Будет ли работать видиокарта с Процесором amd Athlon(tm) 64 X2 Dual core processor 4400 2.30GHz и на скоко раскроет процессор видюху?", "2016-9-1", 152);
INSERT INTO webshop.comments (CommentID, Nickname, Rating, Message, Date, ProductID) VALUES (395, "Настюша", 0, "Ребята будьте добры - помогите советом девушке)) чем отличается видеокарта с DDR3 от GDDR3 хочу заказать этот вариант - но хочу знать ответ на свой вопрос!!! может стоит посмотреть видео карту с GDDR3 памятью? заранее просто всем огромное спасибо кто поможет грамотным ответом - очень нуждаюсь в... Еще совете)", "2016-4-6", 152);
-- =====================================================================
INSERT INTO webshop.products (ProductID, ProductTypeID, Title, Description, Price) VALUES (153, 6, "MSI PCI-Ex Radeon RX 580 Gaming X 4GB GDDR5 (256bit) (1380/7000) (DVI, 2 x HDMI, 2 x DisplayPort) (Radeon RX 580 GAMING X 4G)", "Определяя Будущее Гейминга Четвертое поколение архитектуры GCN разработано специально для геймеров, предпочитающих как MOBA, так и игры категории AAA. Асинхронные шейдеры и улучшенный механизм геометрии открывает новые высоты игровой производительности. Захватывающее погружение в виртуальную реальность Испытайте новые ощущения от погружения в мир виртуального гейминга и развлечений вместе с графическими картами Radeon RX с революционной архитектурой Polaris. Технология AMD FreeSync Положите конец лагам геймплея и разрывам изображения. Отсутствие артефактов и плавный геймплей практически при любой частоте кадров. Поддержка HDR Улучшенный контраст и цветопередача обеспечивают яркое и насыщенное изображение. Вентилятор TORX 2.0 Как и в играх, эксклюзивная технология MSI TORX 2.0 использует командный подход, позволяя TWIN FROZR VI достигать новых вершин охлаждения. Вентилятор TORX 2.0 производит на 22% более мощный воздушный поток, оставаясь при этом практически бесшумным. Дисперсионные лопасти вентилятора имеют более крутой профиль, что способствует большему ускорению воздушного потока, увеличивая эффективность охлаждения. Традиционные лопасти вентилятора создают постоянный воздушный поток и направляют его на массивный радиатор охлаждения. ZERO FROZR – оставайтесь незамеченными Впервые представленная в 2008 году технология MSI ZeroFrozr не осталась незамеченной, в то время как сейчас, она уже успела стать индустриальным стандартом. Суть технологии заключается в управлении вентиляторами, которые полностью останавливаются при отсутствии нагрузки. Таким образом, вы можете полностью сосредоточиться на игре, не отвлекаясь на шум вентиляторов. Радиатор охлаждения Под защитным кожухом системы охлаждения видеокарты GAMING скрывается шедевр инженерного искусства, созданный специально для того, чтобы видеокарта оставалась холодной. Каждая деталь сложного радиатора охлаждения играет существенную роль в задаче создания холодной и тихой видеокарты. Технология управления воздушным потоком AIRFLOW CONTROL Используя улучшенные аэродинамические показатели, технология Airflow Control направляет больше воздуха на тепловые трубки TWIN FROZR VI. Специальные дефлекторы на радиаторе охлаждения увеличивают площадь поверхности рассеяния, что способствует снижению температуры видеокарты. MULTI GPU В стремлении получить от игры максимум, энтузиасты компьютерных игр всегда в поисках дополнительной производительности. Использование нескольких видеокарт в режиме Crossfire, это отличный способ сделать ваш компьютер мощнее. Графические карты MSI GAMING полностью поддерживают технологии использования нескольких видеокарт multi GPU. Плавный геймплей Плавный, быстрый, завораживающий реалистичностью геймплей без разрывов картинки, дрожания изображения и лагов. 4К UHD Изображение сверхвысокой четкости (UHD) является в четыре раза более четким по сравнению с изображением 1080p. Высочайшая детализация картинки способствует более резкому и четкому изображению во время игры. Приложение GAMING APP Приложение MSI Gaming App позволяет одним кликом выбрать нужный профиль производительности для получения дополнительной мощности в играх, или тихой работы при небольших нагрузках. Приложение также имеет специальную вкладку EyeRest, позволяющую получить доступ к настройкам, улучшающим качество изображения. Вкладка LED Control позволяет управлять светодиодными индикаторами MSI GAMING LED. Режим OC Mode Максимальная производительность за счет повышения частот и скорости вращения вентиляторов. Режим Gaming Mode Идеальный баланс между производительностью в играх и уровнем шума. Режим Silent Mode Тихая работа при минимальном уровне шума вентиляторов. Иной взгляд на гейминг MSI Dragon Eye позволяет просматривать видео с YouTube или Twitch Stream одновременно продолжая играть. Просто добавьте ссылку или стрим в приложение Dragon Eye. Выберите размер, положение, громкость, а также степень прозрачности окна и запускайте игру. С помощью горячих клавиш вы можете управлять воспроизведением видео или регулировать громкость.", 7761);
INSERT INTO webshop.characteristics (CharacteristicID, CharacteristicTypeID, Value, ProductID) VALUES (2994, 1, "PCI-Express x16 3.0", 153);
INSERT INTO webshop.characteristics (CharacteristicID, CharacteristicTypeID, Value, ProductID) VALUES (2995, 2, "OC Mode: 1393 МГц Gaming Mode: 1380 МГц Silent Mode: 1340 МГц", 153);
INSERT INTO webshop.characteristics (CharacteristicID, CharacteristicTypeID, Value, ProductID) VALUES (2996, 17, "Активная", 153);
INSERT INTO webshop.characteristics (CharacteristicID, CharacteristicTypeID, Value, ProductID) VALUES (2997, 3, "8 pin", 153);
INSERT INTO webshop.characteristics (CharacteristicID, CharacteristicTypeID, Value, ProductID) VALUES (2998, 4, "DVI DisplayPort HDMI", 153);
INSERT INTO webshop.characteristics (CharacteristicID, CharacteristicTypeID, Value, ProductID) VALUES (2999, 5, "Нет", 153);
INSERT INTO webshop.characteristics (CharacteristicID, CharacteristicTypeID, Value, ProductID) VALUES (3000, 6, "Gaming Mode/Silent Mode: 7000 МГц OC Mode: 7100 МГц", 153);
INSERT INTO webshop.characteristics (CharacteristicID, CharacteristicTypeID, Value, ProductID) VALUES (3001, 7, "276 x 140 x 42 мм", 153);
INSERT INTO webshop.characteristics (CharacteristicID, CharacteristicTypeID, Value, ProductID) VALUES (3002, 8, "500 Вт", 153);
INSERT INTO webshop.characteristics (CharacteristicID, CharacteristicTypeID, Value, ProductID) VALUES (3003, 9, "RX 580", 153);
INSERT INTO webshop.characteristics (CharacteristicID, CharacteristicTypeID, Value, ProductID) VALUES (3004, 19, "GDDR5", 153);
INSERT INTO webshop.characteristics (CharacteristicID, CharacteristicTypeID, Value, ProductID) VALUES (3005, 20, "36 месяцев", 153);
INSERT INTO webshop.characteristics (CharacteristicID, CharacteristicTypeID, Value, ProductID) VALUES (3006, 21, "1", 153);
INSERT INTO webshop.characteristics (CharacteristicID, CharacteristicTypeID, Value, ProductID) VALUES (3007, 22, "Стандартная", 153);
INSERT INTO webshop.characteristics (CharacteristicID, CharacteristicTypeID, Value, ProductID) VALUES (3008, 23, "DirectX 12, OpenGL 4.5", 153);
INSERT INTO webshop.characteristics (CharacteristicID, CharacteristicTypeID, Value, ProductID) VALUES (3009, 13, "Нет", 153);
INSERT INTO webshop.characteristics (CharacteristicID, CharacteristicTypeID, Value, ProductID) VALUES (3010, 25, "4 ГБ", 153);
INSERT INTO webshop.characteristics (CharacteristicID, CharacteristicTypeID, Value, ProductID) VALUES (3011, 26, "Twin Frozr VI", 153);
INSERT INTO webshop.images (ImageID, Url, ProductID) VALUES (867, "https://i2.rozetka.ua/goods/1969593/msi_radeon_rx_580_gaming_x_4g_images_1969593314.jpg", 153);
INSERT INTO webshop.images (ImageID, Url, ProductID) VALUES (868, "https://i2.rozetka.ua/goods/1969593/msi_radeon_rx_580_gaming_x_4g_images_1969593176.jpg", 153);
INSERT INTO webshop.images (ImageID, Url, ProductID) VALUES (869, "https://i1.rozetka.ua/goods/1969593/msi_radeon_rx_580_gaming_x_4g_images_1969593440.jpg", 153);
INSERT INTO webshop.images (ImageID, Url, ProductID) VALUES (870, "https://i1.rozetka.ua/goods/1969593/msi_radeon_rx_580_gaming_x_4g_images_1969593650.jpg", 153);
INSERT INTO webshop.images (ImageID, Url, ProductID) VALUES (871, "https://i2.rozetka.ua/goods/1969592/msi_radeon_rx_580_gaming_x_4g_images_1969592972.jpg", 153);
INSERT INTO webshop.comments (CommentID, Nickname, Rating, Message, Date, ProductID) VALUES (396, "Григорій", 0, "Підкажіть будь ласка. Якої потужності має бути блок живлення для роботи 2-х RX 580?", "2018-1-6", 153);
INSERT INTO webshop.comments (CommentID, Nickname, Rating, Message, Date, ProductID) VALUES (397, "Григорій", 0, "Підкажіть будь ласка. Якої потужності має бути блок живлення для роботи 2-х таких відеокарт?", "2018-1-6", 153);
INSERT INTO webshop.comments (CommentID, Nickname, Rating, Message, Date, ProductID) VALUES (398, "Александр", 0, "Чем отличается от rx 480?", "2017-3-0", 153);
-- =====================================================================
INSERT INTO webshop.products (ProductID, ProductTypeID, Title, Description, Price) VALUES (154, 6, "MSI PCI-Ex Radeon RX 560 Aero ITX OC 4GB GDDR5 (128bit) (1196/7000) (DVI, HDMI, DisplayPort) (RX 560 AERO ITX 4G OC)", "Компоненты Military Class 4 Одним из определяющих факторов в вопросе высокой производительности является качество используемых компонентов. Вот почему MSI использует электронные компоненты, сертифицированные по стандарту MIL-STD-810G. Доказано, что эти компоненты имеют высокий уровень надежности, достаточный для работы в жестких условиях экстремальных, игровых нагрузок и при разгоне в течение продолжительного времени использования. Специальные конденсаторы Hi-c CAP обеспечивают стабильное питание графического процессора и способствуют высоким показателям при разгоне. Используемые твердотельные конденсаторы имеют экстремально-высокую надежность и улучшенную эффективность. Будущее гейминга Плавный, быстрый, завораживающий реалистичностью геймплей без разрывов картинки, дрожания изображения и лагов. Изображение сверхвысокой четкости (UHD) является в четыре раза более четким по сравнению с изображением 1080p. Высочайшая детализация картинки способствует более резкому и четкому изображению во время игры. Подготовьтесь к эре виртуальной реальности вместе с MSI Для того чтобы в полной мере насладиться впечатляющими мирами виртуальной реальности необходимо высокопроизводительное оборудование. Хотите подготовить вашу систему к поддержке технологий VR? MSI — ведущий мировой бренд в мире high-end гейминга и киберспорта дает совет как это сделать. Объединяя только самые передовые технологии, MSI создает оборудование для приложений виртуальной реальности. MSI переносит любителей компьютерных игр на совершенно новый уровень реализма виртуальной реальности, где игры оживают. Afterburner MSI Afterburner – это самое популярное приложение в мире для разгона графических карт, которое позволяет получить полный контроль над видеокартой. Утилита также позволяет получать исчерпывающую информацию об аппаратной части вашего ПК, производить настройку работы вентиляторов, осуществлять запись видео и выполнять тестирование.", 8099);
INSERT INTO webshop.characteristics (CharacteristicID, CharacteristicTypeID, Value, ProductID) VALUES (3012, 1, "PCI-Express x16 3.0", 154);
INSERT INTO webshop.characteristics (CharacteristicID, CharacteristicTypeID, Value, ProductID) VALUES (3013, 2, "1196 МГц", 154);
INSERT INTO webshop.characteristics (CharacteristicID, CharacteristicTypeID, Value, ProductID) VALUES (3014, 16, "2560x1600", 154);
INSERT INTO webshop.characteristics (CharacteristicID, CharacteristicTypeID, Value, ProductID) VALUES (3015, 17, "Активная", 154);
INSERT INTO webshop.characteristics (CharacteristicID, CharacteristicTypeID, Value, ProductID) VALUES (3016, 3, "Нет", 154);
INSERT INTO webshop.characteristics (CharacteristicID, CharacteristicTypeID, Value, ProductID) VALUES (3017, 4, "DVI DisplayPort HDMI", 154);
INSERT INTO webshop.characteristics (CharacteristicID, CharacteristicTypeID, Value, ProductID) VALUES (3018, 5, "Нет", 154);
INSERT INTO webshop.characteristics (CharacteristicID, CharacteristicTypeID, Value, ProductID) VALUES (3019, 6, "7000 МГц", 154);
INSERT INTO webshop.characteristics (CharacteristicID, CharacteristicTypeID, Value, ProductID) VALUES (3020, 7, "155 x 113 x 39 мм", 154);
INSERT INTO webshop.characteristics (CharacteristicID, CharacteristicTypeID, Value, ProductID) VALUES (3021, 8, "400 Вт", 154);
INSERT INTO webshop.characteristics (CharacteristicID, CharacteristicTypeID, Value, ProductID) VALUES (3022, 9, "RX 560", 154);
INSERT INTO webshop.characteristics (CharacteristicID, CharacteristicTypeID, Value, ProductID) VALUES (3023, 19, "GDDR5", 154);
INSERT INTO webshop.characteristics (CharacteristicID, CharacteristicTypeID, Value, ProductID) VALUES (3024, 20, "36 месяцев", 154);
INSERT INTO webshop.characteristics (CharacteristicID, CharacteristicTypeID, Value, ProductID) VALUES (3025, 21, "1", 154);
INSERT INTO webshop.characteristics (CharacteristicID, CharacteristicTypeID, Value, ProductID) VALUES (3026, 22, "Мини", 154);
INSERT INTO webshop.characteristics (CharacteristicID, CharacteristicTypeID, Value, ProductID) VALUES (3027, 12, "128 бит", 154);
INSERT INTO webshop.characteristics (CharacteristicID, CharacteristicTypeID, Value, ProductID) VALUES (3028, 23, "DirectX 12, OpenGL 4.5", 154);
INSERT INTO webshop.characteristics (CharacteristicID, CharacteristicTypeID, Value, ProductID) VALUES (3029, 13, "Есть", 154);
INSERT INTO webshop.characteristics (CharacteristicID, CharacteristicTypeID, Value, ProductID) VALUES (3030, 25, "4 ГБ", 154);
INSERT INTO webshop.characteristics (CharacteristicID, CharacteristicTypeID, Value, ProductID) VALUES (3031, 26, "Радиатор + вентилятор", 154);
INSERT INTO webshop.images (ImageID, Url, ProductID) VALUES (872, "https://i2.rozetka.ua/goods/2338036/msi_rx_560_aero_itx_4g_oc_images_2338036153.jpg", 154);
INSERT INTO webshop.images (ImageID, Url, ProductID) VALUES (873, "https://i1.rozetka.ua/goods/2338036/msi_rx_560_aero_itx_4g_oc_images_2338036257.jpg", 154);
INSERT INTO webshop.images (ImageID, Url, ProductID) VALUES (874, "https://i1.rozetka.ua/goods/2338036/msi_rx_560_aero_itx_4g_oc_images_2338036361.jpg", 154);
INSERT INTO webshop.images (ImageID, Url, ProductID) VALUES (875, "https://i1.rozetka.ua/goods/2338036/msi_rx_560_aero_itx_4g_oc_images_2338036465.jpg", 154);
INSERT INTO webshop.images (ImageID, Url, ProductID) VALUES (876, "https://i1.rozetka.ua/goods/2338037/msi_rx_560_aero_itx_4g_oc_images_2338037401.jpg", 154);
INSERT INTO webshop.comments (CommentID, Nickname, Rating, Message, Date, ProductID) VALUES (399, "nike19950819", 0, "Подойдёт к материнской плате asus f2a85-m?", "2018-1-1", 154);
INSERT INTO webshop.comments (CommentID, Nickname, Rating, Message, Date, ProductID) VALUES (400, "Дмитрий Боднарюк", 0, "Мать m4n78se, проц fenom ii x4 955, бп 400w. Пойдет карта", "2018-1-3", 154);
INSERT INTO webshop.comments (CommentID, Nickname, Rating, Message, Date, ProductID) VALUES (401, "Євгеній Волчок", 4, "#мояраспаковка Відеокарта дуже сподобалась, маленька, компактна, легка в монтажі. Доставка порадувала, привезли через 2 дні після замовлення. На майбутнє покупцям: купуйте одразу і адаптер, так як немає VGA входу. Покищо все влаштовує)", "2018-1-3", 154);
-- =====================================================================
INSERT INTO webshop.products (ProductID, ProductTypeID, Title, Description, Price) VALUES (155, 6, "Palit PCI-Ex GeForce GTX 1060 Jetstream 6GB GDDR5 (192bit) (1506/8000) (DVI, HDMI, 3 x DisplayPort) (NE51060015J9-1060J)", "Революционная серия видеокарт Palit Jetstream отличается улучшенным охлаждением и оптимизированным дизайном для незабываемых впечатлений от игры. Next-Gen Gaming Technologies — nVidia Pascal GeForce GTX 1060 использует мощь Pascal, имеет на борту 6 ГБ памяти GDDR5, поддерживает предельно высокое разрешение экрана для удовлетворения требований новейших дисплеев, а также VR, ультравысокого разрешения, в том числе с несколькими мониторами. Графический процессор, исполнен по 16-нанометровой технологи FinFET и содержит 1280 CUDA-блоков. VR Ready! Откройте для себя виртуальную реальность нового поколения, минимальные задержки и совместимость (Plug-and-Play) с лучшими VR-гарнитурами – все это благодаря технологиям NVIDIA VRWorks. Звуковое сопровождение, физика и тактильные ощущения в VR позволят вам прочувствовать каждый момент игрового процесса. RGB-подсветка Цвет светодиодной RGB-подсветки может изменяться в зависимости от температуры видеокарты, что позволяет определить температуру и нагрузку по внешнему виду. Поддержка 16.8 миллионов цветов предоставляет возможность индивидуальной настройки каждому пользователю в соответствии с личными предпочтениями. Dual BIOS Две версии BIOS с автоматической активацией защитного механизма обеспечивают нормальное функционирование видеокарты при системном сбое или некорректной прошивке. Планка в виде сот Конструкция крепёжной панели с ячейками в виде сот увеличивает отводимый от графического процессора воздушный поток на 15%, что улучшает общую эффективность системы охлаждения. Технология «0 децибел» Наслаждайтесь тишиной во время работы или просмотра видео. Вентиляторы видеокарты включаются только при увеличении нагрузки, например, в играх, если температура графического процессора карты превышает 50 градусов. Двойной вентилятор Конструкция с двумя вентиляторами удваивает производительность системы охлаждения, а пара ”умных” вентиляторов диаметром 90 мм эффективно отводит тепло от горячих точек видеокарты. TurboFan Blade Основанные на технологиях реактивных двигателей, вентиляторы TurboFan Blade увеличивают мощность кулера, генерируя мощный воздушный поток и высокое давление. 4K Благодаря наличию разъемов DisplayPort и HDMI, видеокарты серии Palit позволяют подключать сразу два монитора с разрешением 4K и наслаждаться просто невероятным качеством изображения. Оптимизация воздушного потока Два вентилятора Smart Fan диаметров 100 мм имеют противоположные направления вращения для снижения взаимного влияния воздушных потоков и увеличения эффективности системы охлаждения. DrMOS DrMOS, ранее доступная только на высокоуровневых серверных платформах, теперь используется и в новом поколении видеокарт Palit. DrMOS обеспечивает низкую шумность и эффективное снижение тепловыделения в тяжело нагруженных цепях питания. Доведи скорость до предела Утилита Palit ThunderMaster для Windows дает возможность увеличить быстродействие видеокарты и следить за режимом ее работы, что возможно только с вашим новым графическим акселератором.", 1064);
INSERT INTO webshop.characteristics (CharacteristicID, CharacteristicTypeID, Value, ProductID) VALUES (3032, 1, "PCI-Express x16 3.0", 155);
INSERT INTO webshop.characteristics (CharacteristicID, CharacteristicTypeID, Value, ProductID) VALUES (3033, 2, "Базовая: 1506 МГц В режиме разгона: 1708 МГц", 155);
INSERT INTO webshop.characteristics (CharacteristicID, CharacteristicTypeID, Value, ProductID) VALUES (3034, 16, "7680x4320", 155);
INSERT INTO webshop.characteristics (CharacteristicID, CharacteristicTypeID, Value, ProductID) VALUES (3035, 17, "Активная", 155);
INSERT INTO webshop.characteristics (CharacteristicID, CharacteristicTypeID, Value, ProductID) VALUES (3036, 3, "6 pin", 155);
INSERT INTO webshop.characteristics (CharacteristicID, CharacteristicTypeID, Value, ProductID) VALUES (3037, 4, "DVI DisplayPort HDMI", 155);
INSERT INTO webshop.characteristics (CharacteristicID, CharacteristicTypeID, Value, ProductID) VALUES (3038, 5, "Нет", 155);
INSERT INTO webshop.characteristics (CharacteristicID, CharacteristicTypeID, Value, ProductID) VALUES (3039, 6, "8000 МГц", 155);
INSERT INTO webshop.characteristics (CharacteristicID, CharacteristicTypeID, Value, ProductID) VALUES (3040, 7, "248 x 123 мм", 155);
INSERT INTO webshop.characteristics (CharacteristicID, CharacteristicTypeID, Value, ProductID) VALUES (3041, 8, "400 Вт", 155);
INSERT INTO webshop.characteristics (CharacteristicID, CharacteristicTypeID, Value, ProductID) VALUES (3042, 9, "GeForce GTX 1060", 155);
INSERT INTO webshop.characteristics (CharacteristicID, CharacteristicTypeID, Value, ProductID) VALUES (3043, 10, "192 Гб/с", 155);
INSERT INTO webshop.characteristics (CharacteristicID, CharacteristicTypeID, Value, ProductID) VALUES (3044, 19, "GDDR5", 155);
INSERT INTO webshop.characteristics (CharacteristicID, CharacteristicTypeID, Value, ProductID) VALUES (3045, 20, "24 месяца", 155);
INSERT INTO webshop.characteristics (CharacteristicID, CharacteristicTypeID, Value, ProductID) VALUES (3046, 21, "1", 155);
INSERT INTO webshop.characteristics (CharacteristicID, CharacteristicTypeID, Value, ProductID) VALUES (3047, 22, "Стандартная", 155);
INSERT INTO webshop.characteristics (CharacteristicID, CharacteristicTypeID, Value, ProductID) VALUES (3048, 12, "192 бит", 155);
INSERT INTO webshop.characteristics (CharacteristicID, CharacteristicTypeID, Value, ProductID) VALUES (3049, 23, "DirectX 12, OpenGL 4.5", 155);
INSERT INTO webshop.characteristics (CharacteristicID, CharacteristicTypeID, Value, ProductID) VALUES (3050, 13, "Нет", 155);
INSERT INTO webshop.characteristics (CharacteristicID, CharacteristicTypeID, Value, ProductID) VALUES (3051, 25, "6 ГБ", 155);
INSERT INTO webshop.characteristics (CharacteristicID, CharacteristicTypeID, Value, ProductID) VALUES (3052, 26, "Радиатор + 2 x вентилятора", 155);
INSERT INTO webshop.images (ImageID, Url, ProductID) VALUES (877, "https://i1.rozetka.ua/goods/1707623/palit_ne51060015j9_1060j_images_1707623348.jpg", 155);
INSERT INTO webshop.images (ImageID, Url, ProductID) VALUES (878, "https://i1.rozetka.ua/goods/1707623/palit_ne51060015j9_1060j_images_1707623439.jpg", 155);
INSERT INTO webshop.images (ImageID, Url, ProductID) VALUES (879, "https://i2.rozetka.ua/goods/1707623/palit_ne51060015j9_1060j_images_1707623530.jpg", 155);
INSERT INTO webshop.images (ImageID, Url, ProductID) VALUES (880, "https://i2.rozetka.ua/goods/1707623/palit_ne51060015j9_1060j_images_1707623621.jpg", 155);
INSERT INTO webshop.images (ImageID, Url, ProductID) VALUES (881, "https://i2.rozetka.ua/goods/1707623/palit_ne51060015j9_1060j_images_1707623712.jpg", 155);
INSERT INTO webshop.images (ImageID, Url, ProductID) VALUES (882, "https://i2.rozetka.ua/goods/1707623/palit_ne51060015j9_1060j_images_1707623803.jpg", 155);
INSERT INTO webshop.images (ImageID, Url, ProductID) VALUES (883, "https://i2.rozetka.ua/goods/1707623/palit_ne51060015j9_1060j_images_1707623894.jpg", 155);
INSERT INTO webshop.images (ImageID, Url, ProductID) VALUES (884, "https://i1.rozetka.ua/goods/1707623/palit_ne51060015j9_1060j_images_1707623985.jpg", 155);
INSERT INTO webshop.images (ImageID, Url, ProductID) VALUES (885, "https://i2.rozetka.ua/goods/1707624/palit_ne51060015j9_1060j_images_1707624076.jpg", 155);
INSERT INTO webshop.comments (CommentID, Nickname, Rating, Message, Date, ProductID) VALUES (402, "Микола Танцюра", 0, "Купив. Почав скрипіти один з вентиляторів при обертах 69%. Це кошмар. Та ще й завивають Недостатки: Скрипить один з вентиляторів", "2018-1-2", 155);
INSERT INTO webshop.comments (CommentID, Nickname, Rating, Message, Date, ProductID) VALUES (403, "Сергей", 0, "Хорошая современная видеокарта, которая с лихвой покрывает все нужды современного пользователя ПК: игры (GTA V, Assassin Origins, Quantum Break), работа с графикой (3ds max, Photoshop, ZBrush) и т.п. Порадовало, что при любых нагрузках выше 72 градусов не поднимается, а ниже 50 так кулеры вообще... Еще отключаются, снижая уровень шума, которого и так практически нет. В играх играю на 2k мониторе, поэтому и разрешение выставляю такое же на ультра настройках. Из вышеупомянутых в таком качестве до 35 fps просела только Quantum Break, остальные 45-60, что вполне играбельно. На fullHD, естественно, все летает. До покупки сомневался, какую выбрать - эту или раскрученную от Asus, теперь понимаю, что не прогадал. Рекомендую, как качественную по всем параметрам, видюху Достоинства: Холодная и мощная видеокарта для всех современных игр и комфортной работы, отключаемая LED подсветка, возможность разгона Недостатки: Не обнаружил", "2018-0-6", 155);
INSERT INTO webshop.comments (CommentID, Nickname, Rating, Message, Date, ProductID) VALUES (404, "Микола Танцюра", 0, "Велика по розмірах. Пам'ять мікрон. Розігрівається до 71гр. вентилятори на 51%. По шуму нічого не можу сказати, багато вентиляторів. Щось гуде а який не визначав. Рівень шуму приємливий зі всього корпусу. Підключив ВГА монітор через конвертер, все працює, і телек на променевій трубці теж. Достоинства: Працює Недостатки: Велика по розмірах, пам'ять мікрон. Вартість", "2018-0-0", 155);
-- =====================================================================
INSERT INTO webshop.products (ProductID, ProductTypeID, Title, Description, Price) VALUES (156, 6, "Palit PCI-Ex GeForce GTX 1060 Super Jetstream 6GB GDDR5 (192bit) (1620/8000) (DVI, HDMI, 3 x DisplayPort) (NE51060S15J9-1060J)", "Революционная серия видеокарт Palit Super Jetstream отличается улучшенным охлаждением и оптимизированным дизайном для незабываемых впечатлений от игры. Next-Gen Gaming Technologies — nVidia Pascal GeForce GTX 1060 использует мощь Pascal, имеет на борту 6 ГБ памяти GDDR5, поддерживает предельно высокое разрешение экрана для удовлетворения требований новейших дисплеев, а также VR, ультравысокого разрешения, в том числе с несколькими мониторами. Графический процессор, исполнен по 16-нанометровой технологи FinFET и содержит 1280 CUDA-блоков. VR Ready! Откройте для себя виртуальную реальность нового поколения, минимальные задержки и совместимость (Plug-and-Play) с лучшими VR-гарнитурами – все это благодаря технологиям NVIDIA VRWorks. Звуковое сопровождение, физика и тактильные ощущения в VR позволят вам прочувствовать каждый момент игрового процесса. RGB-подсветка Цвет светодиодной RGB-подсветки может изменяться в зависимости от температуры видеокарты, что позволяет определить температуру и нагрузку по внешнему виду. Поддержка 16.8 миллионов цветов предоставляет возможность индивидуальной настройки каждому пользователю в соответствии с личными предпочтениями. Dual BIOS Две версии BIOS с автоматической активацией защитного механизма обеспечивают нормальное функционирование видеокарты при системном сбое или некорректной прошивке. Планка в виде сот Конструкция крепёжной панели с ячейками в виде сот увеличивает отводимый от графического процессора воздушный поток на 15%, что улучшает общую эффективность системы охлаждения. Технология «0 децибел» Наслаждайтесь тишиной во время работы или просмотра видео. Вентиляторы видеокарты включаются только при увеличении нагрузки, например, в играх, если температура графического процессора карты превышает 50 градусов. Двойной вентилятор Конструкция с двумя вентиляторами удваивает производительность системы охлаждения, а пара ”умных” вентиляторов диаметром 90 мм эффективно отводит тепло от горячих точек видеокарты. TurboFan Blade Основанные на технологиях реактивных двигателей, вентиляторы TurboFan Blade увеличивают мощность кулера, генерируя мощный воздушный поток и высокое давление. 4K Благодаря наличию разъемов DisplayPort и HDMI, видеокарты серии Palit позволяют подключать сразу два монитора с разрешением 4K и наслаждаться просто невероятным качеством изображения. Оптимизация воздушного потока Два вентилятора Smart Fan диаметров 100 мм имеют противоположные направления вращения для снижения взаимного влияния воздушных потоков и увеличения эффективности системы охлаждения. DrMOS DrMOS, ранее доступная только на высокоуровневых серверных платформах, теперь используется и в новом поколении видеокарт Palit. DrMOS обеспечивает низкую шумность и эффективное снижение тепловыделения в тяжело нагруженных цепях питания. Доведи скорость до предела Утилита Palit ThunderMaster для Windows дает возможность увеличить быстродействие видеокарты и следить за режимом ее работы, что возможно только с вашим новым графическим акселератором.", 17536);
INSERT INTO webshop.characteristics (CharacteristicID, CharacteristicTypeID, Value, ProductID) VALUES (3053, 1, "PCI-Express x16 3.0", 156);
INSERT INTO webshop.characteristics (CharacteristicID, CharacteristicTypeID, Value, ProductID) VALUES (3054, 2, "Базовая: 1620 МГц В режиме разгона: 1847 МГц", 156);
INSERT INTO webshop.characteristics (CharacteristicID, CharacteristicTypeID, Value, ProductID) VALUES (3055, 16, "7680x4320", 156);
INSERT INTO webshop.characteristics (CharacteristicID, CharacteristicTypeID, Value, ProductID) VALUES (3056, 17, "Активная", 156);
INSERT INTO webshop.characteristics (CharacteristicID, CharacteristicTypeID, Value, ProductID) VALUES (3057, 3, "6 pin", 156);
INSERT INTO webshop.characteristics (CharacteristicID, CharacteristicTypeID, Value, ProductID) VALUES (3058, 4, "DVI DisplayPort HDMI", 156);
INSERT INTO webshop.characteristics (CharacteristicID, CharacteristicTypeID, Value, ProductID) VALUES (3059, 5, "Нет", 156);
INSERT INTO webshop.characteristics (CharacteristicID, CharacteristicTypeID, Value, ProductID) VALUES (3060, 6, "8000 МГц", 156);
INSERT INTO webshop.characteristics (CharacteristicID, CharacteristicTypeID, Value, ProductID) VALUES (3061, 7, "248 x 123 мм", 156);
INSERT INTO webshop.characteristics (CharacteristicID, CharacteristicTypeID, Value, ProductID) VALUES (3062, 8, "400 Вт", 156);
INSERT INTO webshop.characteristics (CharacteristicID, CharacteristicTypeID, Value, ProductID) VALUES (3063, 9, "GeForce GTX 1060", 156);
INSERT INTO webshop.characteristics (CharacteristicID, CharacteristicTypeID, Value, ProductID) VALUES (3064, 10, "192 Гб/с", 156);
INSERT INTO webshop.characteristics (CharacteristicID, CharacteristicTypeID, Value, ProductID) VALUES (3065, 19, "GDDR5", 156);
INSERT INTO webshop.characteristics (CharacteristicID, CharacteristicTypeID, Value, ProductID) VALUES (3066, 20, "24 месяца", 156);
INSERT INTO webshop.characteristics (CharacteristicID, CharacteristicTypeID, Value, ProductID) VALUES (3067, 21, "1", 156);
INSERT INTO webshop.characteristics (CharacteristicID, CharacteristicTypeID, Value, ProductID) VALUES (3068, 22, "Стандартная", 156);
INSERT INTO webshop.characteristics (CharacteristicID, CharacteristicTypeID, Value, ProductID) VALUES (3069, 12, "192 бит", 156);
INSERT INTO webshop.characteristics (CharacteristicID, CharacteristicTypeID, Value, ProductID) VALUES (3070, 23, "DirectX 12, OpenGL 4.5", 156);
INSERT INTO webshop.characteristics (CharacteristicID, CharacteristicTypeID, Value, ProductID) VALUES (3071, 13, "Нет", 156);
INSERT INTO webshop.characteristics (CharacteristicID, CharacteristicTypeID, Value, ProductID) VALUES (3072, 25, "6 ГБ", 156);
INSERT INTO webshop.characteristics (CharacteristicID, CharacteristicTypeID, Value, ProductID) VALUES (3073, 26, "Радиатор + 2 x вентилятора", 156);
INSERT INTO webshop.images (ImageID, Url, ProductID) VALUES (886, "https://i2.rozetka.ua/goods/1707628/copy_palit_ne51060015j9_1060j_57bececaafeb4_images_1707628899.jpg", 156);
INSERT INTO webshop.images (ImageID, Url, ProductID) VALUES (887, "https://i1.rozetka.ua/goods/1707628/copy_palit_ne51060015j9_1060j_57bececaafeb4_images_1707628990.jpg", 156);
INSERT INTO webshop.images (ImageID, Url, ProductID) VALUES (888, "https://i1.rozetka.ua/goods/1707629/copy_palit_ne51060015j9_1060j_57bececaafeb4_images_1707629081.jpg", 156);
INSERT INTO webshop.images (ImageID, Url, ProductID) VALUES (889, "https://i1.rozetka.ua/goods/1707629/copy_palit_ne51060015j9_1060j_57bececaafeb4_images_1707629186.jpg", 156);
INSERT INTO webshop.images (ImageID, Url, ProductID) VALUES (890, "https://i2.rozetka.ua/goods/1707629/copy_palit_ne51060015j9_1060j_57bececaafeb4_images_1707629354.jpg", 156);
INSERT INTO webshop.images (ImageID, Url, ProductID) VALUES (891, "https://i1.rozetka.ua/goods/1707629/copy_palit_ne51060015j9_1060j_57bececaafeb4_images_1707629445.jpg", 156);
INSERT INTO webshop.images (ImageID, Url, ProductID) VALUES (892, "https://i1.rozetka.ua/goods/1707629/copy_palit_ne51060015j9_1060j_57bececaafeb4_images_1707629536.jpg", 156);
INSERT INTO webshop.images (ImageID, Url, ProductID) VALUES (893, "https://i1.rozetka.ua/goods/1707629/copy_palit_ne51060015j9_1060j_57bececaafeb4_images_1707629627.jpg", 156);
INSERT INTO webshop.images (ImageID, Url, ProductID) VALUES (894, "https://i2.rozetka.ua/goods/1707630/copy_palit_ne51060015j9_1060j_57bececaafeb4_images_1707630810.jpg", 156);
INSERT INTO webshop.comments (CommentID, Nickname, Rating, Message, Date, ProductID) VALUES (405, "Роман", 4, "Память Micron Достоинства: Тихая, не греется Недостатки: Память не от Samsung)", "2018-0-1", 156);
INSERT INTO webshop.comments (CommentID, Nickname, Rating, Message, Date, ProductID) VALUES (406, "Сергей Волошин", 0, "под ryzen 5 1600 нормально будет?", "2018-0-0", 156);
INSERT INTO webshop.comments (CommentID, Nickname, Rating, Message, Date, ProductID) VALUES (407, "Дмитрий Злободухов", 3, "Я до последнего надеялся, что проблема дросселей меня обойдет стороной. Не обошла. Видеокарта в целом неплохая, небольшой заводской разгон, хорошее охлаждение. Покупал полтора месяца назад . Урвал последнюю и не жалею. Качественного китайца в целом не ждал, предполагал какой-нибудь подвох. И... Еще вот, спуся полтора месяца, он проявился. Достоинства: Охлаждение. Хорошая видеокарта для нетребовательного FullHD гейминга. Недостатки: Китаец, катушки трещат при нагрузке. Майнеры.", "2018-0-0", 156);
-- =====================================================================
INSERT INTO webshop.products (ProductID, ProductTypeID, Title, Description, Price) VALUES (157, 6, "Palit PCI-Ex GeForce GT 730 2GB GDDR5 (64bit) (902/5000) (VGA, DVI, HDMI) (NE5T7300HD46-2081F)", "Обнови свое графическое решение до новой дискретной видеокарты NVIDIA GeForce GT 730 и получи супербыструю работу в веб, а также невероятные возможности редактирования фото и видео. Видеокарта GT 730 также обеспечивает в 3 раза более высокую производительность в играх, чем встроенная графика, при этом гарантируя надежность и стабильность работы благодаря GeForce Experience. Доведи скорость до предела Утилита Palit ThunderMaster для Windows дает возможность увеличить быстродействие видеокарты и следить за режимом ее работы, что возможно только с вашим новым графическим акселератором.", 17133);
INSERT INTO webshop.characteristics (CharacteristicID, CharacteristicTypeID, Value, ProductID) VALUES (3074, 1, "PCI-Express x8 2.0", 157);
INSERT INTO webshop.characteristics (CharacteristicID, CharacteristicTypeID, Value, ProductID) VALUES (3075, 2, "902 МГц", 157);
INSERT INTO webshop.characteristics (CharacteristicID, CharacteristicTypeID, Value, ProductID) VALUES (3076, 16, "2560x1600", 157);
INSERT INTO webshop.characteristics (CharacteristicID, CharacteristicTypeID, Value, ProductID) VALUES (3077, 17, "Активная", 157);
INSERT INTO webshop.characteristics (CharacteristicID, CharacteristicTypeID, Value, ProductID) VALUES (3078, 3, "Нет", 157);
INSERT INTO webshop.characteristics (CharacteristicID, CharacteristicTypeID, Value, ProductID) VALUES (3079, 4, "VGA DVI HDMI", 157);
INSERT INTO webshop.characteristics (CharacteristicID, CharacteristicTypeID, Value, ProductID) VALUES (3080, 5, "Нет", 157);
INSERT INTO webshop.characteristics (CharacteristicID, CharacteristicTypeID, Value, ProductID) VALUES (3081, 6, "2500 МГц (DDR 5000 МГц)", 157);
INSERT INTO webshop.characteristics (CharacteristicID, CharacteristicTypeID, Value, ProductID) VALUES (3082, 7, "160 x 69 мм", 157);
INSERT INTO webshop.characteristics (CharacteristicID, CharacteristicTypeID, Value, ProductID) VALUES (3083, 8, "300 Вт", 157);
INSERT INTO webshop.characteristics (CharacteristicID, CharacteristicTypeID, Value, ProductID) VALUES (3084, 9, "GeForce GT730", 157);
INSERT INTO webshop.characteristics (CharacteristicID, CharacteristicTypeID, Value, ProductID) VALUES (3085, 10, "40 Гб/с", 157);
INSERT INTO webshop.characteristics (CharacteristicID, CharacteristicTypeID, Value, ProductID) VALUES (3086, 19, "GDDR5", 157);
INSERT INTO webshop.characteristics (CharacteristicID, CharacteristicTypeID, Value, ProductID) VALUES (3087, 20, "24 месяца", 157);
INSERT INTO webshop.characteristics (CharacteristicID, CharacteristicTypeID, Value, ProductID) VALUES (3088, 21, "1", 157);
INSERT INTO webshop.characteristics (CharacteristicID, CharacteristicTypeID, Value, ProductID) VALUES (3089, 22, "Низкопрофильная", 157);
INSERT INTO webshop.characteristics (CharacteristicID, CharacteristicTypeID, Value, ProductID) VALUES (3090, 12, "64 бит", 157);
INSERT INTO webshop.characteristics (CharacteristicID, CharacteristicTypeID, Value, ProductID) VALUES (3091, 24, "1", 157);
INSERT INTO webshop.characteristics (CharacteristicID, CharacteristicTypeID, Value, ProductID) VALUES (3092, 23, "DirectX 12, OpenGL 4.5", 157);
INSERT INTO webshop.characteristics (CharacteristicID, CharacteristicTypeID, Value, ProductID) VALUES (3093, 13, "Нет", 157);
INSERT INTO webshop.characteristics (CharacteristicID, CharacteristicTypeID, Value, ProductID) VALUES (3094, 25, "2 ГБ", 157);
INSERT INTO webshop.characteristics (CharacteristicID, CharacteristicTypeID, Value, ProductID) VALUES (3095, 26, "Радиатор + вентилятор", 157);
INSERT INTO webshop.images (ImageID, Url, ProductID) VALUES (895, "https://i1.rozetka.ua/goods/2163259/palit_ne5t7300hd46_2081f_images_2163259638.jpg", 157);
INSERT INTO webshop.images (ImageID, Url, ProductID) VALUES (896, "https://i2.rozetka.ua/goods/2163259/palit_ne5t7300hd46_2081f_images_2163259729.jpg", 157);
INSERT INTO webshop.images (ImageID, Url, ProductID) VALUES (897, "https://i2.rozetka.ua/goods/2163259/palit_ne5t7300hd46_2081f_images_2163259820.jpg", 157);
INSERT INTO webshop.images (ImageID, Url, ProductID) VALUES (898, "https://i2.rozetka.ua/goods/2163259/palit_ne5t7300hd46_2081f_images_2163259967.jpg", 157);
INSERT INTO webshop.comments (CommentID, Nickname, Rating, Message, Date, ProductID) VALUES (408, "Mykola Kelemen", 5, "Чудове співвідношення ціня\якість. Трохи здивувало що для низькопрофільної відеокарти в комплекті не було змінної планки для того щоб вона влізла в корпус малого формату. Відео розпаковки і фото додаються. Достоинства: Ціна, активна система охолодження, GDDR5 пам'ять. Недостатки: Відсутність в комплекті низькопрофільної планки.", "2018-1-3", 157);
INSERT INTO webshop.comments (CommentID, Nickname, Rating, Message, Date, ProductID) VALUES (409, "Осадчий Максим", 0, "а чи підійде вона на DELL OPTIPLEX 780?", "2018-1-1", 157);
INSERT INTO webshop.comments (CommentID, Nickname, Rating, Message, Date, ProductID) VALUES (410, "Саня Горбонос", 0, "Потянет ли этот БК и система 6 Гб ОЗУ Intel core i3 540???", "2018-1-0", 157);
-- =====================================================================
INSERT INTO webshop.products (ProductID, ProductTypeID, Title, Description, Price) VALUES (158, 6, "Palit PCI-Ex GeForce GT 730 1GB DDR3 (64bit) (VGA, DVI, HDMI) (NEAT730NHD06-2080H)", "Обнови свое графическое решение до новой дискретной видеокарты NVIDIA GeForce GT 730 и получи супербыструю работу в веб, а также невероятные возможности редактирования фото и видео. Видеокарта GT 730 также обеспечивает в 3 раза более высокую производительность в играх, чем встроенная графика, при этом гарантируя надежность и стабильность работы благодаря GeForce Experience. Доведи скорость до предела Утилита Palit ThunderMaster для Windows дает возможность увеличить быстродействие видеокарты и следить за режимом ее работы, что возможно только с вашим новым графическим акселератором.", 19677);
INSERT INTO webshop.characteristics (CharacteristicID, CharacteristicTypeID, Value, ProductID) VALUES (3096, 1, "PCI-Express x8 2.0", 158);
INSERT INTO webshop.characteristics (CharacteristicID, CharacteristicTypeID, Value, ProductID) VALUES (3097, 2, "902 МГц", 158);
INSERT INTO webshop.characteristics (CharacteristicID, CharacteristicTypeID, Value, ProductID) VALUES (3098, 16, "2560x1600", 158);
INSERT INTO webshop.characteristics (CharacteristicID, CharacteristicTypeID, Value, ProductID) VALUES (3099, 17, "Пассивная", 158);
INSERT INTO webshop.characteristics (CharacteristicID, CharacteristicTypeID, Value, ProductID) VALUES (3100, 3, "Нет", 158);
INSERT INTO webshop.characteristics (CharacteristicID, CharacteristicTypeID, Value, ProductID) VALUES (3101, 4, "VGA DVI HDMI", 158);
INSERT INTO webshop.characteristics (CharacteristicID, CharacteristicTypeID, Value, ProductID) VALUES (3102, 5, "Нет", 158);
INSERT INTO webshop.characteristics (CharacteristicID, CharacteristicTypeID, Value, ProductID) VALUES (3103, 7, "115 x 69 мм", 158);
INSERT INTO webshop.characteristics (CharacteristicID, CharacteristicTypeID, Value, ProductID) VALUES (3104, 8, "300 Вт", 158);
INSERT INTO webshop.characteristics (CharacteristicID, CharacteristicTypeID, Value, ProductID) VALUES (3105, 9, "GeForce GT730", 158);
INSERT INTO webshop.characteristics (CharacteristicID, CharacteristicTypeID, Value, ProductID) VALUES (3106, 19, "DDR3", 158);
INSERT INTO webshop.characteristics (CharacteristicID, CharacteristicTypeID, Value, ProductID) VALUES (3107, 20, "24 месяца", 158);
INSERT INTO webshop.characteristics (CharacteristicID, CharacteristicTypeID, Value, ProductID) VALUES (3108, 21, "1", 158);
INSERT INTO webshop.characteristics (CharacteristicID, CharacteristicTypeID, Value, ProductID) VALUES (3109, 22, "Низкопрофильная", 158);
INSERT INTO webshop.characteristics (CharacteristicID, CharacteristicTypeID, Value, ProductID) VALUES (3110, 12, "64 бит", 158);
INSERT INTO webshop.characteristics (CharacteristicID, CharacteristicTypeID, Value, ProductID) VALUES (3111, 24, "1", 158);
INSERT INTO webshop.characteristics (CharacteristicID, CharacteristicTypeID, Value, ProductID) VALUES (3112, 23, "DirectX 12, OpenGL 4.5", 158);
INSERT INTO webshop.characteristics (CharacteristicID, CharacteristicTypeID, Value, ProductID) VALUES (3113, 13, "Нет", 158);
INSERT INTO webshop.characteristics (CharacteristicID, CharacteristicTypeID, Value, ProductID) VALUES (3114, 25, "1 ГБ", 158);
INSERT INTO webshop.characteristics (CharacteristicID, CharacteristicTypeID, Value, ProductID) VALUES (3115, 26, "Радиатор", 158);
INSERT INTO webshop.images (ImageID, Url, ProductID) VALUES (899, "https://i1.rozetka.ua/goods/2163016/palit_neat730nhd06_2080h_images_2163016479.jpg", 158);
INSERT INTO webshop.images (ImageID, Url, ProductID) VALUES (900, "https://i2.rozetka.ua/goods/2163016/palit_neat730nhd06_2080h_images_2163016570.jpg", 158);
INSERT INTO webshop.images (ImageID, Url, ProductID) VALUES (901, "https://i2.rozetka.ua/goods/2163016/palit_neat730nhd06_2080h_images_2163016661.jpg", 158);
INSERT INTO webshop.images (ImageID, Url, ProductID) VALUES (902, "https://i2.rozetka.ua/goods/2163016/palit_neat730nhd06_2080h_images_2163016752.jpg", 158);
-- =====================================================================
INSERT INTO webshop.products (ProductID, ProductTypeID, Title, Description, Price) VALUES (159, 6, "Palit PCI-Ex GeForce GTX 1080 Ti JetStream 11GB GDDR5X (352bit) (1480/11000) (DVI, HDMI, 3 x DisplayPort) (NEB108T015LC-1020J)", "Видеокарты серии Palit JetStream отличаются продвинутыми системами охлаждения и оптимизированной конструкцией для достижения максимальной игровой производительности. Архитектура нового поколения NVIDIA Pascal с высокой энергоэффективностью и поддержкой современных игровых технологий гарантируют пользователям видеокарт Palit GeForce GTX 1080 Ti JetStream производительность ультрасовременного уровня и уникальный игровой опыт! Самая современная в мире архитектура GPU Видеокарты серии GeForce GTX 10 обеспечивают увеличение производительности до 3-х раз по сравнению с видеокартами предыдущего поколения, а также они поддерживают новые игровые технологии и революционные возможности VR. Nvidia ansel в VR-играх Захватывайте изображение и создавайте внутриигровые скриншоты с углом обзора 360 градусов. Делайте скриншоты с любой точки обзора, редактируйте их с помощью фильтров постобработки, записывайте HDR изображения в высоком разрешении и просматривайте их с обзором 360 градусов с помощью смартфона, ПК или гарнитуры виртуальной реальности. RGB-подсветка Цвет светодиодной RGB-подсветки может изменяться в зависимости от температуры видеокарты, что позволяет определить температуру и нагрузку по внешнему виду. Поддержка 16.8 миллионов цветов предоставляет возможность индивидуальной настройки каждому пользователю в соответствии с личными предпочтениями. Dual BIOS Две версии BIOS с автоматической активацией защитного механизма обеспечивают нормальное функционирование видеокарты при системном сбое или некорректной прошивке. • BIOS 1: повышенные частоты • BIOS 2: стандартные частоты Планка в виде сот Конструкция крепёжной панели с ячейками в виде сот увеличивает отводимый от графического процессора воздушный поток на 15%, что улучшает общую эффективность системы охлаждения. Технология «0 децибел» В обычном рабочем режиме и при запуске мультимедийных приложений видеокарта работает беззвучно. Вентиляторы активируются только при увеличении нагрузки, например, в процессе игры, когда температура GPU превышает 60 градусов. Двойной вентилятор Конструкция с двумя вентиляторами удваивает производительность системы охлаждения, а пара ”умных” вентиляторов диаметром 100 мм эффективно отводит тепло от горячих точек видеокарты. 4k Благодаря трём разъёмам DisplayPort к видеокартам Palit можно подключать сразу три монитора с разрешением 4K. Оптимизация воздушного потока Два вентилятора Smart Fan диаметров 100 мм имеют противоположные направления вращения для снижения взаимного влияния воздушных потоков и увеличения эффективности системы охлаждения. Медная основа Новый дизайн JetStream использует крупное медное основание, непосредственно контактирующее с GPU, и больше тепловых трубок, эффективно переносящих тепло и охлаждающих видеокарту на 22% лучше.", 6235);
INSERT INTO webshop.characteristics (CharacteristicID, CharacteristicTypeID, Value, ProductID) VALUES (3116, 1, "PCI-Express x16 3.0", 159);
INSERT INTO webshop.characteristics (CharacteristicID, CharacteristicTypeID, Value, ProductID) VALUES (3117, 2, "Базовая: 1480 МГц В режиме разгона: 1582 МГц", 159);
INSERT INTO webshop.characteristics (CharacteristicID, CharacteristicTypeID, Value, ProductID) VALUES (3118, 16, "7680x4320", 159);
INSERT INTO webshop.characteristics (CharacteristicID, CharacteristicTypeID, Value, ProductID) VALUES (3119, 17, "Активная", 159);
INSERT INTO webshop.characteristics (CharacteristicID, CharacteristicTypeID, Value, ProductID) VALUES (3120, 3, "8 + 8 pin", 159);
INSERT INTO webshop.characteristics (CharacteristicID, CharacteristicTypeID, Value, ProductID) VALUES (3121, 4, "DVI DisplayPort HDMI", 159);
INSERT INTO webshop.characteristics (CharacteristicID, CharacteristicTypeID, Value, ProductID) VALUES (3122, 5, "Есть", 159);
INSERT INTO webshop.characteristics (CharacteristicID, CharacteristicTypeID, Value, ProductID) VALUES (3123, 6, "11000 МГц", 159);
INSERT INTO webshop.characteristics (CharacteristicID, CharacteristicTypeID, Value, ProductID) VALUES (3124, 7, "285 x 133 x 58 мм", 159);
INSERT INTO webshop.characteristics (CharacteristicID, CharacteristicTypeID, Value, ProductID) VALUES (3125, 8, "600 Вт", 159);
INSERT INTO webshop.characteristics (CharacteristicID, CharacteristicTypeID, Value, ProductID) VALUES (3126, 9, "GeForce GTX 1080 Ti", 159);
INSERT INTO webshop.characteristics (CharacteristicID, CharacteristicTypeID, Value, ProductID) VALUES (3127, 10, "484 Гб/с", 159);
INSERT INTO webshop.characteristics (CharacteristicID, CharacteristicTypeID, Value, ProductID) VALUES (3128, 19, "GDDR5X", 159);
INSERT INTO webshop.characteristics (CharacteristicID, CharacteristicTypeID, Value, ProductID) VALUES (3129, 20, "24 месяца", 159);
INSERT INTO webshop.characteristics (CharacteristicID, CharacteristicTypeID, Value, ProductID) VALUES (3130, 21, "1", 159);
INSERT INTO webshop.characteristics (CharacteristicID, CharacteristicTypeID, Value, ProductID) VALUES (3131, 22, "Стандартная", 159);
INSERT INTO webshop.characteristics (CharacteristicID, CharacteristicTypeID, Value, ProductID) VALUES (3132, 12, "352 бит", 159);
INSERT INTO webshop.characteristics (CharacteristicID, CharacteristicTypeID, Value, ProductID) VALUES (3133, 23, "DirectX 12, OpenGL 4.5", 159);
INSERT INTO webshop.characteristics (CharacteristicID, CharacteristicTypeID, Value, ProductID) VALUES (3134, 13, "Нет", 159);
INSERT INTO webshop.characteristics (CharacteristicID, CharacteristicTypeID, Value, ProductID) VALUES (3135, 25, "11 ГБ", 159);
INSERT INTO webshop.characteristics (CharacteristicID, CharacteristicTypeID, Value, ProductID) VALUES (3136, 26, "Радиатор + вентиляторы", 159);
INSERT INTO webshop.images (ImageID, Url, ProductID) VALUES (903, "https://i1.rozetka.ua/goods/2230133/palit_neb108t015lc_1020j_images_2230133419.jpg", 159);
INSERT INTO webshop.images (ImageID, Url, ProductID) VALUES (904, "https://i2.rozetka.ua/goods/2230132/palit_neb108t015lc_1020j_images_2230132985.jpg", 159);
INSERT INTO webshop.images (ImageID, Url, ProductID) VALUES (905, "https://i1.rozetka.ua/goods/2230135/palit_neb108t015lc_1020j_images_2230135379.jpg", 159);
INSERT INTO webshop.images (ImageID, Url, ProductID) VALUES (906, "https://i1.rozetka.ua/goods/2230134/palit_neb108t015lc_1020j_images_2230134567.jpg", 159);
INSERT INTO webshop.images (ImageID, Url, ProductID) VALUES (907, "https://i1.rozetka.ua/goods/2230134/palit_neb108t015lc_1020j_images_2230134966.jpg", 159);
INSERT INTO webshop.images (ImageID, Url, ProductID) VALUES (908, "https://i2.rozetka.ua/goods/2230136/palit_neb108t015lc_1020j_images_2230136695.jpg", 159);
INSERT INTO webshop.images (ImageID, Url, ProductID) VALUES (909, "https://i1.rozetka.ua/goods/2230133/palit_neb108t015lc_1020j_images_2230133755.jpg", 159);
INSERT INTO webshop.images (ImageID, Url, ProductID) VALUES (910, "https://i2.rozetka.ua/goods/2230134/palit_neb108t015lc_1020j_images_2230134112.jpg", 159);
INSERT INTO webshop.images (ImageID, Url, ProductID) VALUES (911, "https://i1.rozetka.ua/goods/2230135/palit_neb108t015lc_1020j_images_2230135792.jpg", 159);
INSERT INTO webshop.images (ImageID, Url, ProductID) VALUES (912, "https://i1.rozetka.ua/goods/2230136/palit_neb108t015lc_1020j_images_2230136205.jpg", 159);
INSERT INTO webshop.comments (CommentID, Nickname, Rating, Message, Date, ProductID) VALUES (411, "Александр", 0, "гарантия 24 месяца или на сайте опечатка и на самом деле 36?", "2017-8-1", 159);
-- =====================================================================
INSERT INTO webshop.products (ProductID, ProductTypeID, Title, Description, Price) VALUES (160, 6, "Palit PCI-Ex GeForce GTX 1080 Ti GameRock Premium Edition 11GB GDDR5X (352bit) (1556/11000) (DVI, HDMI, 3 x DisplayPort) (NEB108TH15LC-1020G)", "Palit разработала систему TurboJET4, чтобы обеспечить максимально эффективное охлаждение для видеокарт новой линейки GameRock. Благодаря уникальной конструкции с четырьмя сдвоенными вентиляторами и технологии Anti-Vortex система TurboJET4 создаёт единый мощный поток воздуха, который значительно быстрее рассеивает тепло от графического процессора. Кроме того, во время работы она шумит меньше, чем стандартные системы охлаждения с двумя вентиляторами. Новая игровая серия Palit GameRock создана для требовательных игроков, предпочитающих максимальные графические настройки. В видеокартах серии используются лучшие игровые технологии, максимально эффективные системы охлаждения и высококачественные компоненты. С GameRock каждый пользователь может стать игровой рок-звездой. RGB-подсветка Цвет светодиодной RGB-подсветки может изменяться в зависимости от температуры видеокарты, что позволяет определить температуру и нагрузку по внешнему виду. Поддержка 16.8 миллионов цветов предоставляет возможность индивидуальной настройки каждому пользователю в соответствии с личными предпочтениями. Функция RGB SYNC Palit RGB SYNC позволяет синхронизировать работу подсветки видеокарты с подсветкой других компонентов системы, подключенных к материнской плате. Создайте свою собственную симфонию света! Радиатор с медным основанием В разработанной для серии GameRock системе охлаждения на 22% увеличены площадь радиатора и количество пластин. Медное основание напрямую соприкасается с поверхностью графического процессора и тепловыми трубками, что обеспечивает увеличение эффективности охлаждения по сравнению с предыдущей конструкцией. Питание с ШИМ (12 фаз + 2) 12-фазное питание обеспечивают достаточный запас электропитания для 3584 ядер видеокарты, ещё две фазы отведены для питания чипов памяти. Благодаря этому снижается нагрузка на каждую из фаз, стабилизируется напряжение и улучшается эффективность системы питания видеокарты в целом. Кроме того, такая конструкция снижает уровень электромагнитных помех и помех от дроссельных катушек. Dual BIOS Две версии BIOS с автоматической активацией защитного механизма обеспечивают нормальное функционирование видеокарты при системном сбое или некорректной прошивке. • BIOS 1: повышенные частоты • BIOS 2: стандартные частоты Планка в виде сот Конструкция крепёжной панели с ячейками в виде сот увеличивает отводимый от графического процессора воздушный поток на 15%, что улучшает общую эффективность системы охлаждения. Технология «0 децибел» В обычном рабочем режиме и при запуске мультимедийных приложений видеокарта работает беззвучно. Вентиляторы активируются только при увеличении нагрузки, например, в процессе игры, когда температура GPU превышает 60 градусов. 4k Благодаря трём разъёмам DisplayPort к видеокартам Palit можно подключать сразу три монитора с разрешением 4K. Технология Anti-Vortex Два вентилятора в каждой паре вращаются в противоположные стороны. Благодаря этому создаётся мощный поток воздуха без завихрений, который помогает более эффективно охлаждать видеокарту.", 7440);
INSERT INTO webshop.characteristics (CharacteristicID, CharacteristicTypeID, Value, ProductID) VALUES (3137, 1, "PCI-Express x16 3.0", 160);
INSERT INTO webshop.characteristics (CharacteristicID, CharacteristicTypeID, Value, ProductID) VALUES (3138, 2, "Базовая: Бесшумный режим:1518 МГц Игровой режим:1556 МГц В режиме разгона:1594 МГц OC: Бесшумный режим:1582 МГц Игровой режим:1670 МГц В режиме разгона:1708 МГц", 160);
INSERT INTO webshop.characteristics (CharacteristicID, CharacteristicTypeID, Value, ProductID) VALUES (3139, 16, "7680x4320", 160);
INSERT INTO webshop.characteristics (CharacteristicID, CharacteristicTypeID, Value, ProductID) VALUES (3140, 17, "Активная", 160);
INSERT INTO webshop.characteristics (CharacteristicID, CharacteristicTypeID, Value, ProductID) VALUES (3141, 3, "8 + 8 pin", 160);
INSERT INTO webshop.characteristics (CharacteristicID, CharacteristicTypeID, Value, ProductID) VALUES (3142, 4, "DVI DisplayPort HDMI", 160);
INSERT INTO webshop.characteristics (CharacteristicID, CharacteristicTypeID, Value, ProductID) VALUES (3143, 5, "Есть", 160);
INSERT INTO webshop.characteristics (CharacteristicID, CharacteristicTypeID, Value, ProductID) VALUES (3144, 6, "11000 МГц", 160);
INSERT INTO webshop.characteristics (CharacteristicID, CharacteristicTypeID, Value, ProductID) VALUES (3145, 7, "285 x 133 x 58 мм", 160);
INSERT INTO webshop.characteristics (CharacteristicID, CharacteristicTypeID, Value, ProductID) VALUES (3146, 8, "600 Вт", 160);
INSERT INTO webshop.characteristics (CharacteristicID, CharacteristicTypeID, Value, ProductID) VALUES (3147, 9, "GeForce GTX 1080 Ti", 160);
INSERT INTO webshop.characteristics (CharacteristicID, CharacteristicTypeID, Value, ProductID) VALUES (3148, 10, "484 Гб/с", 160);
INSERT INTO webshop.characteristics (CharacteristicID, CharacteristicTypeID, Value, ProductID) VALUES (3149, 19, "GDDR5X", 160);
INSERT INTO webshop.characteristics (CharacteristicID, CharacteristicTypeID, Value, ProductID) VALUES (3150, 20, "24 месяца", 160);
INSERT INTO webshop.characteristics (CharacteristicID, CharacteristicTypeID, Value, ProductID) VALUES (3151, 21, "1", 160);
INSERT INTO webshop.characteristics (CharacteristicID, CharacteristicTypeID, Value, ProductID) VALUES (3152, 22, "Стандартная", 160);
INSERT INTO webshop.characteristics (CharacteristicID, CharacteristicTypeID, Value, ProductID) VALUES (3153, 12, "352 бит", 160);
INSERT INTO webshop.characteristics (CharacteristicID, CharacteristicTypeID, Value, ProductID) VALUES (3154, 23, "DirectX 12, OpenGL 4.5", 160);
INSERT INTO webshop.characteristics (CharacteristicID, CharacteristicTypeID, Value, ProductID) VALUES (3155, 13, "Нет", 160);
INSERT INTO webshop.characteristics (CharacteristicID, CharacteristicTypeID, Value, ProductID) VALUES (3156, 25, "11 ГБ", 160);
INSERT INTO webshop.characteristics (CharacteristicID, CharacteristicTypeID, Value, ProductID) VALUES (3157, 26, "Радиатор + вентиляторы", 160);
INSERT INTO webshop.images (ImageID, Url, ProductID) VALUES (913, "https://i1.rozetka.ua/goods/2230770/palit_neb108th15lc_1020g_images_2230770860.jpg", 160);
INSERT INTO webshop.images (ImageID, Url, ProductID) VALUES (914, "https://i2.rozetka.ua/goods/2230770/palit_neb108th15lc_1020g_images_2230770160.jpg", 160);
INSERT INTO webshop.images (ImageID, Url, ProductID) VALUES (915, "https://i2.rozetka.ua/goods/2230770/palit_neb108th15lc_1020g_images_2230770678.jpg", 160);
INSERT INTO webshop.images (ImageID, Url, ProductID) VALUES (916, "https://i2.rozetka.ua/goods/2230770/palit_neb108th15lc_1020g_images_2230770433.jpg", 160);
INSERT INTO webshop.images (ImageID, Url, ProductID) VALUES (917, "https://i1.rozetka.ua/goods/2230771/palit_neb108th15lc_1020g_images_2230771189.jpg", 160);
INSERT INTO webshop.images (ImageID, Url, ProductID) VALUES (918, "https://i2.rozetka.ua/goods/2230769/palit_neb108th15lc_1020g_images_2230769992.jpg", 160);
INSERT INTO webshop.images (ImageID, Url, ProductID) VALUES (919, "https://i1.rozetka.ua/goods/2230770/palit_neb108th15lc_1020g_images_2230770524.jpg", 160);
INSERT INTO webshop.images (ImageID, Url, ProductID) VALUES (920, "https://i2.rozetka.ua/goods/2230770/palit_neb108th15lc_1020g_images_2230770342.jpg", 160);
INSERT INTO webshop.images (ImageID, Url, ProductID) VALUES (921, "https://i1.rozetka.ua/goods/2230771/palit_neb108th15lc_1020g_images_2230771028.jpg", 160);
INSERT INTO webshop.images (ImageID, Url, ProductID) VALUES (922, "https://i2.rozetka.ua/goods/2230771/palit_neb108th15lc_1020g_images_2230771343.jpg", 160);
-- =====================================================================
INSERT INTO webshop.products (ProductID, ProductTypeID, Title, Description, Price) VALUES (161, 6, "Palit PCI-Ex GeForce GTX 1080 Ti Super JetStream 11GB GDDR5X (352bit) (1531/11000) (DVI, HDMI, 3 x DisplayPort) (NEB108TS15LC-1020J)", "Видеокарты серии Palit JetStream отличаются продвинутыми системами охлаждения и оптимизированной конструкцией для достижения максимальной игровой производительности. Архитектура нового поколения NVIDIA Pascal с высокой энергоэффективностью и поддержкой современных игровых технологий гарантируют пользователям видеокарт Palit GeForce GTX 1080 Ti Super JetStream производительность ультрасовременного уровня и уникальный игровой опыт! Самая современная в мире архитектура GPU Видеокарты серии GeForce GTX 10 обеспечивают увеличение производительности до 3-х раз по сравнению с видеокартами предыдущего поколения, а также они поддерживают новые игровые технологии и революционные возможности VR. Nvidia ansel в VR-играх Захватывайте изображение и создавайте внутриигровые скриншоты с углом обзора 360 градусов. Делайте скриншоты с любой точки обзора, редактируйте их с помощью фильтров постобработки, записывайте HDR изображения в высоком разрешении и просматривайте их с обзором 360 градусов с помощью смартфона, ПК или гарнитуры виртуальной реальности. RGB-подсветка Цвет светодиодной RGB-подсветки может изменяться в зависимости от температуры видеокарты, что позволяет определить температуру и нагрузку по внешнему виду. Поддержка 16.8 миллионов цветов предоставляет возможность индивидуальной настройки каждому пользователю в соответствии с личными предпочтениями. Dual BIOS Две версии BIOS с автоматической активацией защитного механизма обеспечивают нормальное функционирование видеокарты при системном сбое или некорректной прошивке. • BIOS 1: повышенные частоты • BIOS 2: стандартные частоты Планка в виде сот Конструкция крепёжной панели с ячейками в виде сот увеличивает отводимый от графического процессора воздушный поток на 15%, что улучшает общую эффективность системы охлаждения. Технология «0 децибел» В обычном рабочем режиме и при запуске мультимедийных приложений видеокарта работает беззвучно. Вентиляторы активируются только при увеличении нагрузки, например, в процессе игры, когда температура GPU превышает 60 градусов. Двойной вентилятор Конструкция с двумя вентиляторами удваивает производительность системы охлаждения, а пара ”умных” вентиляторов диаметром 100 мм эффективно отводит тепло от горячих точек видеокарты. 4k Благодаря трём разъёмам DisplayPort к видеокартам Palit можно подключать сразу три монитора с разрешением 4K. Оптимизация воздушного потока Два вентилятора Smart Fan диаметров 100 мм имеют противоположные направления вращения для снижения взаимного влияния воздушных потоков и увеличения эффективности системы охлаждения. Медная основа Новый дизайн JetStream использует крупное медное основание, непосредственно контактирующее с GPU, и больше тепловых трубок, эффективно переносящих тепло и охлаждающих видеокарту на 22% лучше.", 2906);
INSERT INTO webshop.characteristics (CharacteristicID, CharacteristicTypeID, Value, ProductID) VALUES (3158, 1, "PCI-Express x16 3.0", 161);
INSERT INTO webshop.characteristics (CharacteristicID, CharacteristicTypeID, Value, ProductID) VALUES (3159, 2, "Базовая: Бесшумный режим:1505 МГц Игровой режим:1531 МГц В режиме разгона:1556 МГц OC: Бесшумный режим:1620 МГц Игровой режим:1645 МГц В режиме разгона:1670 МГц", 161);
INSERT INTO webshop.characteristics (CharacteristicID, CharacteristicTypeID, Value, ProductID) VALUES (3160, 16, "7680x4320", 161);
INSERT INTO webshop.characteristics (CharacteristicID, CharacteristicTypeID, Value, ProductID) VALUES (3161, 17, "Активная", 161);
INSERT INTO webshop.characteristics (CharacteristicID, CharacteristicTypeID, Value, ProductID) VALUES (3162, 3, "8 + 8 pin", 161);
INSERT INTO webshop.characteristics (CharacteristicID, CharacteristicTypeID, Value, ProductID) VALUES (3163, 4, "DVI DisplayPort HDMI", 161);
INSERT INTO webshop.characteristics (CharacteristicID, CharacteristicTypeID, Value, ProductID) VALUES (3164, 5, "Есть", 161);
INSERT INTO webshop.characteristics (CharacteristicID, CharacteristicTypeID, Value, ProductID) VALUES (3165, 6, "11000 МГц", 161);
INSERT INTO webshop.characteristics (CharacteristicID, CharacteristicTypeID, Value, ProductID) VALUES (3166, 7, "285 x 133 x 58 мм", 161);
INSERT INTO webshop.characteristics (CharacteristicID, CharacteristicTypeID, Value, ProductID) VALUES (3167, 8, "600 Вт", 161);
INSERT INTO webshop.characteristics (CharacteristicID, CharacteristicTypeID, Value, ProductID) VALUES (3168, 9, "GeForce GTX 1080 Ti", 161);
INSERT INTO webshop.characteristics (CharacteristicID, CharacteristicTypeID, Value, ProductID) VALUES (3169, 10, "484 Гб/с", 161);
INSERT INTO webshop.characteristics (CharacteristicID, CharacteristicTypeID, Value, ProductID) VALUES (3170, 19, "GDDR5X", 161);
INSERT INTO webshop.characteristics (CharacteristicID, CharacteristicTypeID, Value, ProductID) VALUES (3171, 20, "24 месяца", 161);
INSERT INTO webshop.characteristics (CharacteristicID, CharacteristicTypeID, Value, ProductID) VALUES (3172, 21, "1", 161);
INSERT INTO webshop.characteristics (CharacteristicID, CharacteristicTypeID, Value, ProductID) VALUES (3173, 22, "Стандартная", 161);
INSERT INTO webshop.characteristics (CharacteristicID, CharacteristicTypeID, Value, ProductID) VALUES (3174, 12, "352 бит", 161);
INSERT INTO webshop.characteristics (CharacteristicID, CharacteristicTypeID, Value, ProductID) VALUES (3175, 23, "DirectX 12, OpenGL 4.5", 161);
INSERT INTO webshop.characteristics (CharacteristicID, CharacteristicTypeID, Value, ProductID) VALUES (3176, 13, "Нет", 161);
INSERT INTO webshop.characteristics (CharacteristicID, CharacteristicTypeID, Value, ProductID) VALUES (3177, 25, "11 ГБ", 161);
INSERT INTO webshop.characteristics (CharacteristicID, CharacteristicTypeID, Value, ProductID) VALUES (3178, 26, "Радиатор + вентиляторы", 161);
INSERT INTO webshop.images (ImageID, Url, ProductID) VALUES (923, "https://i2.rozetka.ua/goods/2231699/palit_neb108ts15lc_1020j_images_2231699074.jpg", 161);
INSERT INTO webshop.images (ImageID, Url, ProductID) VALUES (924, "https://i2.rozetka.ua/goods/2231698/palit_neb108ts15lc_1020j_images_2231698983.jpg", 161);
INSERT INTO webshop.images (ImageID, Url, ProductID) VALUES (925, "https://i1.rozetka.ua/goods/2231699/palit_neb108ts15lc_1020j_images_2231699529.jpg", 161);
INSERT INTO webshop.images (ImageID, Url, ProductID) VALUES (926, "https://i1.rozetka.ua/goods/2231699/palit_neb108ts15lc_1020j_images_2231699347.jpg", 161);
INSERT INTO webshop.images (ImageID, Url, ProductID) VALUES (927, "https://i2.rozetka.ua/goods/2231699/palit_neb108ts15lc_1020j_images_2231699438.jpg", 161);
INSERT INTO webshop.images (ImageID, Url, ProductID) VALUES (928, "https://i1.rozetka.ua/goods/2231699/palit_neb108ts15lc_1020j_images_2231699802.jpg", 161);
INSERT INTO webshop.images (ImageID, Url, ProductID) VALUES (929, "https://i1.rozetka.ua/goods/2231699/palit_neb108ts15lc_1020j_images_2231699165.jpg", 161);
INSERT INTO webshop.images (ImageID, Url, ProductID) VALUES (930, "https://i2.rozetka.ua/goods/2231699/palit_neb108ts15lc_1020j_images_2231699256.jpg", 161);
INSERT INTO webshop.images (ImageID, Url, ProductID) VALUES (931, "https://i1.rozetka.ua/goods/2231699/palit_neb108ts15lc_1020j_images_2231699620.jpg", 161);
INSERT INTO webshop.images (ImageID, Url, ProductID) VALUES (932, "https://i2.rozetka.ua/goods/2231729/palit_neb108ts15lc_1020j_images_2231729104.jpg", 161);
INSERT INTO webshop.comments (CommentID, Nickname, Rating, Message, Date, ProductID) VALUES (412, "Артем", 0, "если во время майнинга видеокарта вышла из строя , при этом она не разгонялась,а использовалась в штатном режиме,скачкев напряжения не было, какая вероятность что видеокарту заменят на другую или вернут деньги? или сразу выдается акт что видеокарта была сломана по вине клиента?", "2017-9-6", 161);
INSERT INTO webshop.comments (CommentID, Nickname, Rating, Message, Date, ProductID) VALUES (413, "Александр", 0, "представители компании отзовитесь, гарантия 24 месяца или как у других фирм 36 месяцев?", "2017-9-1", 161);
-- =====================================================================
INSERT INTO webshop.products (ProductID, ProductTypeID, Title, Description, Price) VALUES (162, 6, "Palit PCI-Ex GeForce GTX 1080 Ti GameRock 11GB GDDR5X (352bit) (1505/11000) (DVI, HDMI, 3 x DisplayPort) (NEB108TT15LC-1020G)", "Palit разработала систему TurboJET4, чтобы обеспечить максимально эффективное охлаждение для видеокарт новой линейки GameRock. Благодаря уникальной конструкции с четырьмя сдвоенными вентиляторами и технологии Anti-Vortex система TurboJET4 создаёт единый мощный поток воздуха, который значительно быстрее рассеивает тепло от графического процессора. Кроме того, во время работы она шумит меньше, чем стандартные системы охлаждения с двумя вентиляторами. Новая игровая серия Palit GameRock создана для требовательных игроков, предпочитающих максимальные графические настройки. В видеокартах серии используются лучшие игровые технологии, максимально эффективные системы охлаждения и высококачественные компоненты. С GameRock каждый пользователь может стать игровой рок-звездой. RGB-подсветка Цвет светодиодной RGB-подсветки может изменяться в зависимости от температуры видеокарты, что позволяет определить температуру и нагрузку по внешнему виду. Поддержка 16.8 миллионов цветов предоставляет возможность индивидуальной настройки каждому пользователю в соответствии с личными предпочтениями. Функция RGB SYNC Palit RGB SYNC позволяет синхронизировать работу подсветки видеокарты с подсветкой других компонентов системы, подключенных к материнской плате. Создайте свою собственную симфонию света! Радиатор с медным основанием В разработанной для серии GameRock системе охлаждения на 22% увеличены площадь радиатора и количество пластин. Медное основание напрямую соприкасается с поверхностью графического процессора и тепловыми трубками, что обеспечивает увеличение эффективности охлаждения по сравнению с предыдущей конструкцией. Питание с ШИМ (12 фаз + 2) 12-фазное питание обеспечивают достаточный запас электропитания для 3584 ядер видеокарты, ещё две фазы отведены для питания чипов памяти. Благодаря этому снижается нагрузка на каждую из фаз, стабилизируется напряжение и улучшается эффективность системы питания видеокарты в целом. Кроме того, такая конструкция снижает уровень электромагнитных помех и помех от дроссельных катушек. Dual BIOS Две версии BIOS с автоматической активацией защитного механизма обеспечивают нормальное функционирование видеокарты при системном сбое или некорректной прошивке. • BIOS 1: повышенные частоты • BIOS 2: стандартные частоты Планка в виде сот Конструкция крепёжной панели с ячейками в виде сот увеличивает отводимый от графического процессора воздушный поток на 15%, что улучшает общую эффективность системы охлаждения. Технология «0 децибел» В обычном рабочем режиме и при запуске мультимедийных приложений видеокарта работает беззвучно. Вентиляторы активируются только при увеличении нагрузки, например, в процессе игры, когда температура GPU превышает 60 градусов. 4k Благодаря трём разъёмам DisplayPort к видеокартам Palit можно подключать сразу три монитора с разрешением 4K. Технология Anti-Vortex Два вентилятора в каждой паре вращаются в противоположные стороны. Благодаря этому создаётся мощный поток воздуха без завихрений, который помогает более эффективно охлаждать видеокарту.", 4646);
INSERT INTO webshop.characteristics (CharacteristicID, CharacteristicTypeID, Value, ProductID) VALUES (3179, 1, "PCI-Express x16 3.0", 162);
INSERT INTO webshop.characteristics (CharacteristicID, CharacteristicTypeID, Value, ProductID) VALUES (3180, 2, "Базовая: Бесшумный режим:1493 МГц Игровой режим:1505 МГц В режиме разгона:1518 МГц OC: Бесшумный режим:1607 МГц Игровой режим:1620 МГц В режиме разгона:1632 МГц", 162);
INSERT INTO webshop.characteristics (CharacteristicID, CharacteristicTypeID, Value, ProductID) VALUES (3181, 16, "7680x4320", 162);
INSERT INTO webshop.characteristics (CharacteristicID, CharacteristicTypeID, Value, ProductID) VALUES (3182, 17, "Активная", 162);
INSERT INTO webshop.characteristics (CharacteristicID, CharacteristicTypeID, Value, ProductID) VALUES (3183, 3, "8 + 8 pin", 162);
INSERT INTO webshop.characteristics (CharacteristicID, CharacteristicTypeID, Value, ProductID) VALUES (3184, 4, "DVI DisplayPort HDMI", 162);
INSERT INTO webshop.characteristics (CharacteristicID, CharacteristicTypeID, Value, ProductID) VALUES (3185, 5, "Есть", 162);
INSERT INTO webshop.characteristics (CharacteristicID, CharacteristicTypeID, Value, ProductID) VALUES (3186, 6, "11000 МГц", 162);
INSERT INTO webshop.characteristics (CharacteristicID, CharacteristicTypeID, Value, ProductID) VALUES (3187, 7, "285 x 133 x 58 мм", 162);
INSERT INTO webshop.characteristics (CharacteristicID, CharacteristicTypeID, Value, ProductID) VALUES (3188, 8, "600 Вт", 162);
INSERT INTO webshop.characteristics (CharacteristicID, CharacteristicTypeID, Value, ProductID) VALUES (3189, 9, "GeForce GTX 1080 Ti", 162);
INSERT INTO webshop.characteristics (CharacteristicID, CharacteristicTypeID, Value, ProductID) VALUES (3190, 10, "484 Гб/с", 162);
INSERT INTO webshop.characteristics (CharacteristicID, CharacteristicTypeID, Value, ProductID) VALUES (3191, 19, "GDDR5X", 162);
INSERT INTO webshop.characteristics (CharacteristicID, CharacteristicTypeID, Value, ProductID) VALUES (3192, 20, "24 месяца", 162);
INSERT INTO webshop.characteristics (CharacteristicID, CharacteristicTypeID, Value, ProductID) VALUES (3193, 21, "1", 162);
INSERT INTO webshop.characteristics (CharacteristicID, CharacteristicTypeID, Value, ProductID) VALUES (3194, 22, "Стандартная", 162);
INSERT INTO webshop.characteristics (CharacteristicID, CharacteristicTypeID, Value, ProductID) VALUES (3195, 12, "352 бит", 162);
INSERT INTO webshop.characteristics (CharacteristicID, CharacteristicTypeID, Value, ProductID) VALUES (3196, 23, "DirectX 12, OpenGL 4.5", 162);
INSERT INTO webshop.characteristics (CharacteristicID, CharacteristicTypeID, Value, ProductID) VALUES (3197, 13, "Нет", 162);
INSERT INTO webshop.characteristics (CharacteristicID, CharacteristicTypeID, Value, ProductID) VALUES (3198, 25, "11 ГБ", 162);
INSERT INTO webshop.characteristics (CharacteristicID, CharacteristicTypeID, Value, ProductID) VALUES (3199, 26, "Радиатор + вентиляторы", 162);
INSERT INTO webshop.images (ImageID, Url, ProductID) VALUES (933, "https://i1.rozetka.ua/goods/2231704/copy_palit_neb108th15lc_1020g_59c36804c6947_images_2231704716.jpg", 162);
INSERT INTO webshop.images (ImageID, Url, ProductID) VALUES (934, "https://i1.rozetka.ua/goods/2231704/copy_palit_neb108th15lc_1020g_59c36804c6947_images_2231704807.jpg", 162);
INSERT INTO webshop.images (ImageID, Url, ProductID) VALUES (935, "https://i2.rozetka.ua/goods/2231704/copy_palit_neb108th15lc_1020g_59c36804c6947_images_2231704898.jpg", 162);
INSERT INTO webshop.images (ImageID, Url, ProductID) VALUES (936, "https://i1.rozetka.ua/goods/2231704/copy_palit_neb108th15lc_1020g_59c36804c6947_images_2231704989.jpg", 162);
INSERT INTO webshop.images (ImageID, Url, ProductID) VALUES (937, "https://i2.rozetka.ua/goods/2231705/copy_palit_neb108th15lc_1020g_59c36804c6947_images_2231705143.jpg", 162);
INSERT INTO webshop.images (ImageID, Url, ProductID) VALUES (938, "https://i2.rozetka.ua/goods/2231705/copy_palit_neb108th15lc_1020g_59c36804c6947_images_2231705262.jpg", 162);
INSERT INTO webshop.images (ImageID, Url, ProductID) VALUES (939, "https://i2.rozetka.ua/goods/2231705/copy_palit_neb108th15lc_1020g_59c36804c6947_images_2231705353.jpg", 162);
INSERT INTO webshop.images (ImageID, Url, ProductID) VALUES (940, "https://i1.rozetka.ua/goods/2231705/copy_palit_neb108th15lc_1020g_59c36804c6947_images_2231705444.jpg", 162);
INSERT INTO webshop.images (ImageID, Url, ProductID) VALUES (941, "https://i1.rozetka.ua/goods/2231705/copy_palit_neb108th15lc_1020g_59c36804c6947_images_2231705535.jpg", 162);
INSERT INTO webshop.images (ImageID, Url, ProductID) VALUES (942, "https://i1.rozetka.ua/goods/2231707/palit_neb108tt15lc_1020g_images_2231707537.jpg", 162);
INSERT INTO webshop.comments (CommentID, Nickname, Rating, Message, Date, ProductID) VALUES (414, "Александр", 5, "Просто монстр в плане системы охлаждения, трехслотовый радиатор который охлаждает все элементы на плате (чип, память, VRM). ПО Thunder Master конечно ужас по сравнению с конкурентами. Достоинства: Охлаждение, цена Недостатки: 2 года гарантии, Thunder Master", "2017-8-6", 162);
-- =====================================================================
INSERT INTO webshop.products (ProductID, ProductTypeID, Title, Description, Price) VALUES (163, 6, "PNY PCI-Ex nVidia NVS 810 for Eight DVI SL Displays 4GB DDR3 (128bit) (8 x miniDisplayPort) (VCNVS810DVI-PB)", "Создать экономичное, надежное решения со способностью отображать на 8 мониторов с одного устроства — nVidia NVS 810. nVidia NVS 810 графическая плата обеспечивает уникальные возможности подключения дисплеев, экономически эффективное масштабирование и управление изображением, которая позволяет легко управлять любым видом мульти-дисплей решений Digital Signage. Это первая в своем роде, предоставляющая возможность одновременно отображения с 8 выходов, карта основанная на передовой GPU архитектуре — в однослотовом форм-факторе. NVS 810 также идеально подходит для создания плотных визуализационных решений, обеспечивая бескомпромиссную производительность и надежность, необходимые для развертывания вывесок и отображения информации требующей особого внимания. Восемь мини-DisplayPort 1.2 разъемов на nVidia NVS 810 способны управлять 8 х UHD 4K дисплеями с 30 Гц или 4 х UHD 4K дисплеев с 60 Гц. Кроме того, она предоставляет расширенные функции, такие как multi-streaming и stream cloning, которые позволяют очень эффективно управлять соединениями и придают гибкость при сложных инсталяциях. Ключевые особенности nVidia, как коррекция рамки, синхронизация 8 дисплеев, Warp & Blend и режим Мозаик сделают легкой настройку. Конфигурация NVS 810 включает в себя восемь адаптеров мини-DisplayPort на DVI-D SL для установок, требующих отображения DVI разрешения до 1920 х 1200 @ 60 Гц.", 3155);
INSERT INTO webshop.characteristics (CharacteristicID, CharacteristicTypeID, Value, ProductID) VALUES (3200, 1, "PCI-Express x16 3.0", 163);
INSERT INTO webshop.characteristics (CharacteristicID, CharacteristicTypeID, Value, ProductID) VALUES (3201, 16, "4096x2160", 163);
INSERT INTO webshop.characteristics (CharacteristicID, CharacteristicTypeID, Value, ProductID) VALUES (3202, 17, "Активная", 163);
INSERT INTO webshop.characteristics (CharacteristicID, CharacteristicTypeID, Value, ProductID) VALUES (3203, 3, "Нет", 163);
INSERT INTO webshop.characteristics (CharacteristicID, CharacteristicTypeID, Value, ProductID) VALUES (3204, 4, "miniDisplayPort", 163);
INSERT INTO webshop.characteristics (CharacteristicID, CharacteristicTypeID, Value, ProductID) VALUES (3205, 5, "Нет", 163);
INSERT INTO webshop.characteristics (CharacteristicID, CharacteristicTypeID, Value, ProductID) VALUES (3206, 7, "245 мм", 163);
INSERT INTO webshop.characteristics (CharacteristicID, CharacteristicTypeID, Value, ProductID) VALUES (3207, 9, "NVS 810", 163);
INSERT INTO webshop.characteristics (CharacteristicID, CharacteristicTypeID, Value, ProductID) VALUES (3208, 10, "28.8 Гб/с", 163);
INSERT INTO webshop.characteristics (CharacteristicID, CharacteristicTypeID, Value, ProductID) VALUES (3209, 19, "DDR3", 163);
INSERT INTO webshop.characteristics (CharacteristicID, CharacteristicTypeID, Value, ProductID) VALUES (3210, 20, "36 месяцев", 163);
INSERT INTO webshop.characteristics (CharacteristicID, CharacteristicTypeID, Value, ProductID) VALUES (3211, 22, "Стандартная", 163);
INSERT INTO webshop.characteristics (CharacteristicID, CharacteristicTypeID, Value, ProductID) VALUES (3212, 12, "128 бит", 163);
INSERT INTO webshop.characteristics (CharacteristicID, CharacteristicTypeID, Value, ProductID) VALUES (3213, 23, "DirectX 12, OpenGL 4.5", 163);
INSERT INTO webshop.characteristics (CharacteristicID, CharacteristicTypeID, Value, ProductID) VALUES (3214, 13, "Нет", 163);
INSERT INTO webshop.characteristics (CharacteristicID, CharacteristicTypeID, Value, ProductID) VALUES (3215, 25, "4 ГБ", 163);
INSERT INTO webshop.characteristics (CharacteristicID, CharacteristicTypeID, Value, ProductID) VALUES (3216, 26, "Радиатор + вентилятор", 163);
INSERT INTO webshop.images (ImageID, Url, ProductID) VALUES (943, "https://i1.rozetka.ua/goods/2163021/pny_vcnvs810dvi_pb_images_2163021029.jpg", 163);
INSERT INTO webshop.images (ImageID, Url, ProductID) VALUES (944, "https://i2.rozetka.ua/goods/2163021/pny_vcnvs810dvi_pb_images_2163021120.jpg", 163);
INSERT INTO webshop.images (ImageID, Url, ProductID) VALUES (945, "https://i1.rozetka.ua/goods/2163021/pny_vcnvs810dvi_pb_images_2163021211.jpg", 163);
INSERT INTO webshop.images (ImageID, Url, ProductID) VALUES (946, "https://i2.rozetka.ua/goods/2163021/pny_vcnvs810dvi_pb_images_2163021302.jpg", 163);
-- =====================================================================
INSERT INTO webshop.products (ProductID, ProductTypeID, Title, Description, Price) VALUES (164, 6, "PNY PCI-Ex NVIDIA Quadro K620 2GB DDR3 (128bit) (1058/900) (1 x DisplayPort, 1 x DVI-I) (VCQK620-PB)", "Видеокарта PNY- это отличная производительность в ведущих профессиональных приложениях, объем встроенной памяти в 2 ГБ и низкопрофильный форм-фактор для максимальной гибкости использования. Спроектированные и созданные специально для профессиональных рабочих станций, графические процессоры NVIDIA Quadro обеспечивают мощностью более 200 профессиональных приложений в широком спектре отраслей, включая производство, масс-медиа и развлечения, науки и энергетику. Профессионалы доверяют решениям Quadro для обеспечения лучшего рабочего процесса в таких приложениях, как Adobe CS6, Avid Media Composer, Autodesk Inventor, Dassault Systemes CATIA и SolidWorks, Siemens NX, PTC Creo и многих других. Интеллектуальное управление потреблением электроэнергии Технология NVIDIA Power Management снижает суммарные затраты на потребляемую системой электроэнергию. Она использует интеллектуальный подход при адаптации суммарного потребления видеосистемы в зависимости от приложений, выполняемых конечным потребителем. Оптимизированная система потребления электроэнергии помогает снизить суммарную стоимость владения всей системы и повысить ее надежность. NVIDIA CUDA Архитектура параллельных вычислений CUDA позволяет существенно повысить производительность вычислительных операций благодаря привлечению мощностей GPU (графического процессорного устройства). NVS 300 содержит 16 параллельных вычислительных ядер CUDA, совместимых со всеми ускоренными приложениями CUDA. Компания PNY предоставляет пользователям профессиональных видеокарт непревзойденный уровень услуг и подтверждает свою нацеленность на обеспечение их потребностей, предлагая: трехлетний срок гарантийного обслуживания, предпродажную и послепродажную поддержку, привлечение профессиональных инженеров Quadro Field Application и непосредственное техническую поддержку с использованием горячей линии. Также важно, что PNY поставляет полноценное решение, включающее соответствующие адаптеры, кабели, кронштейны, компакт-диск с драйверами и документацией, обеспечивая таким образом быстрое и успешное установки.", 14392);
INSERT INTO webshop.characteristics (CharacteristicID, CharacteristicTypeID, Value, ProductID) VALUES (3217, 1, "PCI-Express x16 2.х", 164);
INSERT INTO webshop.characteristics (CharacteristicID, CharacteristicTypeID, Value, ProductID) VALUES (3218, 2, "1058 МГц", 164);
INSERT INTO webshop.characteristics (CharacteristicID, CharacteristicTypeID, Value, ProductID) VALUES (3219, 16, "4096x2160", 164);
INSERT INTO webshop.characteristics (CharacteristicID, CharacteristicTypeID, Value, ProductID) VALUES (3220, 17, "Активная", 164);
INSERT INTO webshop.characteristics (CharacteristicID, CharacteristicTypeID, Value, ProductID) VALUES (3221, 3, "Нет", 164);
INSERT INTO webshop.characteristics (CharacteristicID, CharacteristicTypeID, Value, ProductID) VALUES (3222, 4, "DVI DisplayPort", 164);
INSERT INTO webshop.characteristics (CharacteristicID, CharacteristicTypeID, Value, ProductID) VALUES (3223, 5, "Нет", 164);
INSERT INTO webshop.characteristics (CharacteristicID, CharacteristicTypeID, Value, ProductID) VALUES (3224, 6, "900 МГц (1.8 ГГц QDR)", 164);
INSERT INTO webshop.characteristics (CharacteristicID, CharacteristicTypeID, Value, ProductID) VALUES (3225, 7, "69 x 160 мм мм", 164);
INSERT INTO webshop.characteristics (CharacteristicID, CharacteristicTypeID, Value, ProductID) VALUES (3226, 9, "Quadro K620", 164);
INSERT INTO webshop.characteristics (CharacteristicID, CharacteristicTypeID, Value, ProductID) VALUES (3227, 18, "400 МГц", 164);
INSERT INTO webshop.characteristics (CharacteristicID, CharacteristicTypeID, Value, ProductID) VALUES (3228, 10, "29 Гб/сек", 164);
INSERT INTO webshop.characteristics (CharacteristicID, CharacteristicTypeID, Value, ProductID) VALUES (3229, 19, "DDR3", 164);
INSERT INTO webshop.characteristics (CharacteristicID, CharacteristicTypeID, Value, ProductID) VALUES (3230, 20, "36 месяцев", 164);
INSERT INTO webshop.characteristics (CharacteristicID, CharacteristicTypeID, Value, ProductID) VALUES (3231, 21, "1", 164);
INSERT INTO webshop.characteristics (CharacteristicID, CharacteristicTypeID, Value, ProductID) VALUES (3232, 22, "Низкопрофильная", 164);
INSERT INTO webshop.characteristics (CharacteristicID, CharacteristicTypeID, Value, ProductID) VALUES (3233, 12, "128 бит", 164);
INSERT INTO webshop.characteristics (CharacteristicID, CharacteristicTypeID, Value, ProductID) VALUES (3234, 23, "DirectX 11.2, OpenGL 4.5", 164);
INSERT INTO webshop.characteristics (CharacteristicID, CharacteristicTypeID, Value, ProductID) VALUES (3235, 13, "Нет", 164);
INSERT INTO webshop.characteristics (CharacteristicID, CharacteristicTypeID, Value, ProductID) VALUES (3236, 25, "2 ГБ", 164);
INSERT INTO webshop.characteristics (CharacteristicID, CharacteristicTypeID, Value, ProductID) VALUES (3237, 26, "Радиатор + вентилятор на лицевой стороне платы", 164);
INSERT INTO webshop.images (ImageID, Url, ProductID) VALUES (947, "https://i2.rozetka.ua/goods/1631003/copy_pny_vcqk220_pb_575032a074d6b_images_1631003581.jpg", 164);
INSERT INTO webshop.images (ImageID, Url, ProductID) VALUES (948, "https://i2.rozetka.ua/goods/1631003/copy_pny_vcqk220_pb_575032a074d6b_images_1631003672.jpg", 164);
INSERT INTO webshop.images (ImageID, Url, ProductID) VALUES (949, "https://i1.rozetka.ua/goods/1631003/copy_pny_vcqk220_pb_575032a074d6b_images_1631003490.jpg", 164);
INSERT INTO webshop.comments (CommentID, Nickname, Rating, Message, Date, ProductID) VALUES (415, "Сергій Теклюк", 0, "Скажите пожалуйста потдерживаэт windows10 i продукты adobe cc2018", "2017-10-3", 164);
INSERT INTO webshop.comments (CommentID, Nickname, Rating, Message, Date, ProductID) VALUES (416, "1sanek4779", 0, "к ноудбуку подключаеца", "2016-6-4", 164);
-- =====================================================================
INSERT INTO webshop.products (ProductID, ProductTypeID, Title, Description, Price) VALUES (165, 6, "PNY PCI-Ex NVIDIA Quadro P1000 4GB GDDR5 (128bit) (4 x miniDisplayPort) (VCQP1000DVI-PB)", "Видеокарта PNY- это отличная производительность в ведущих профессиональных приложениях, объем встроенной памяти в 4 ГБ и низкопрофильный форм-фактор для максимальной гибкости использования. Спроектированные и созданные специально для профессиональных рабочих станций, графические процессоры NVIDIA Quadro обеспечивают мощностью более 200 профессиональных приложений в широком спектре отраслей, включая производство, масс-медиа и развлечения, науки и энергетику. Профессионалы доверяют решениям Quadro для обеспечения лучшего рабочего процесса в таких приложениях, как Adobe CS6, Avid Media Composer, Autodesk Inventor, Dassault Systemes CATIA и SolidWorks, Siemens NX, PTC Creo и многих других. Интеллектуальное управление потреблением электроэнергии Технология NVIDIA Power Management снижает суммарные затраты на потребляемую системой электроэнергию. Она использует интеллектуальный подход при адаптации суммарного потребления видеосистемы в зависимости от приложений, выполняемых конечным потребителем. Оптимизированная система потребления электроэнергии помогает снизить суммарную стоимость владения всей системы и повысить ее надежность. NVIDIA CUDA Архитектура параллельных вычислений CUDA позволяет существенно повысить производительность вычислительных операций благодаря привлечению мощностей GPU (графического процессорного устройства). P1000 содержит 640 вычислительных ядер CUDA, совместимых со всеми ускоренными приложениями CUDA. В комплекте: 4 адаптера miniDisplayPort — DVI-D. Компания PNY предоставляет пользователям профессиональных видеокарт непревзойденный уровень услуг и подтверждает свою нацеленность на обеспечение их потребностей, предлагая: трехлетний срок гарантийного обслуживания, предпродажную и послепродажную поддержку, привлечение профессиональных инженеров Quadro Field Application и непосредственное техническую поддержку с использованием горячей линии. Также важно, что PNY поставляет полноценное решение, включающее соответствующие адаптеры, кабели, кронштейны, компакт-диск с драйверами и документацией, обеспечивая таким образом быстрое и успешное установки.", 4027);
INSERT INTO webshop.characteristics (CharacteristicID, CharacteristicTypeID, Value, ProductID) VALUES (3238, 1, "PCI-Express x16 3.0", 165);
INSERT INTO webshop.characteristics (CharacteristicID, CharacteristicTypeID, Value, ProductID) VALUES (3239, 16, "5120x2880", 165);
INSERT INTO webshop.characteristics (CharacteristicID, CharacteristicTypeID, Value, ProductID) VALUES (3240, 17, "Активная", 165);
INSERT INTO webshop.characteristics (CharacteristicID, CharacteristicTypeID, Value, ProductID) VALUES (3241, 3, "Нет", 165);
INSERT INTO webshop.characteristics (CharacteristicID, CharacteristicTypeID, Value, ProductID) VALUES (3242, 4, "miniDisplayPort", 165);
INSERT INTO webshop.characteristics (CharacteristicID, CharacteristicTypeID, Value, ProductID) VALUES (3243, 5, "Нет", 165);
INSERT INTO webshop.characteristics (CharacteristicID, CharacteristicTypeID, Value, ProductID) VALUES (3244, 7, "68.9 x 145 мм", 165);
INSERT INTO webshop.characteristics (CharacteristicID, CharacteristicTypeID, Value, ProductID) VALUES (3245, 9, "Quadro P1000", 165);
INSERT INTO webshop.characteristics (CharacteristicID, CharacteristicTypeID, Value, ProductID) VALUES (3246, 10, "82 Гб/сек", 165);
INSERT INTO webshop.characteristics (CharacteristicID, CharacteristicTypeID, Value, ProductID) VALUES (3247, 19, "GDDR5", 165);
INSERT INTO webshop.characteristics (CharacteristicID, CharacteristicTypeID, Value, ProductID) VALUES (3248, 20, "36 месяцев", 165);
INSERT INTO webshop.characteristics (CharacteristicID, CharacteristicTypeID, Value, ProductID) VALUES (3249, 22, "Низкопрофильная", 165);
INSERT INTO webshop.characteristics (CharacteristicID, CharacteristicTypeID, Value, ProductID) VALUES (3250, 12, "128 бит", 165);
INSERT INTO webshop.characteristics (CharacteristicID, CharacteristicTypeID, Value, ProductID) VALUES (3251, 23, "DirectX 12, OpenGL 4.5", 165);
INSERT INTO webshop.characteristics (CharacteristicID, CharacteristicTypeID, Value, ProductID) VALUES (3252, 13, "Нет", 165);
INSERT INTO webshop.characteristics (CharacteristicID, CharacteristicTypeID, Value, ProductID) VALUES (3253, 25, "4 ГБ", 165);
INSERT INTO webshop.characteristics (CharacteristicID, CharacteristicTypeID, Value, ProductID) VALUES (3254, 26, "Радиатор + вентилятор на лицевой стороне платы", 165);
INSERT INTO webshop.images (ImageID, Url, ProductID) VALUES (950, "https://i1.rozetka.ua/goods/1946771/pny_vcqp1000dvi_pb_images_1946771684.jpg", 165);
INSERT INTO webshop.images (ImageID, Url, ProductID) VALUES (951, "https://i2.rozetka.ua/goods/1946771/pny_vcqp1000dvi_pb_images_1946771774.jpg", 165);
INSERT INTO webshop.images (ImageID, Url, ProductID) VALUES (952, "https://i2.rozetka.ua/goods/1946771/pny_vcqp1000dvi_pb_images_1946771954.jpg", 165);
INSERT INTO webshop.images (ImageID, Url, ProductID) VALUES (953, "https://i2.rozetka.ua/goods/1946771/pny_vcqp1000dvi_pb_images_1946771864.jpg", 165);
-- =====================================================================
INSERT INTO webshop.products (ProductID, ProductTypeID, Title, Description, Price) VALUES (166, 6, "PNY PCI-Ex NVIDIA Quadro P1000 4GB GDDR5 (128bit) (4 x miniDisplayPort) (VCQP1000-PB)", "Видеокарта PNY- это отличная производительность в ведущих профессиональных приложениях, объем встроенной памяти в 4 ГБ и низкопрофильный форм-фактор для максимальной гибкости использования. Спроектированные и созданные специально для профессиональных рабочих станций, графические процессоры NVIDIA Quadro обеспечивают мощностью более 200 профессиональных приложений в широком спектре отраслей, включая производство, масс-медиа и развлечения, науки и энергетику. Профессионалы доверяют решениям Quadro для обеспечения лучшего рабочего процесса в таких приложениях, как Adobe CS6, Avid Media Composer, Autodesk Inventor, Dassault Systemes CATIA и SolidWorks, Siemens NX, PTC Creo и многих других. Интеллектуальное управление потреблением электроэнергии Технология NVIDIA Power Management снижает суммарные затраты на потребляемую системой электроэнергию. Она использует интеллектуальный подход при адаптации суммарного потребления видеосистемы в зависимости от приложений, выполняемых конечным потребителем. Оптимизированная система потребления электроэнергии помогает снизить суммарную стоимость владения всей системы и повысить ее надежность. NVIDIA CUDA Архитектура параллельных вычислений CUDA позволяет существенно повысить производительность вычислительных операций благодаря привлечению мощностей GPU (графического процессорного устройства). P1000 содержит 640 вычислительных ядер CUDA, совместимых со всеми ускоренными приложениями CUDA. В комплекте: 4 адаптера miniDisplayPort — DisplayPort и один адаптер miniDisplayPort to DVI-D. Компания PNY предоставляет пользователям профессиональных видеокарт непревзойденный уровень услуг и подтверждает свою нацеленность на обеспечение их потребностей, предлагая: трехлетний срок гарантийного обслуживания, предпродажную и послепродажную поддержку, привлечение профессиональных инженеров Quadro Field Application и непосредственное техническую поддержку с использованием горячей линии. Также важно, что PNY поставляет полноценное решение, включающее соответствующие адаптеры, кабели, кронштейны, компакт-диск с драйверами и документацией, обеспечивая таким образом быстрое и успешное установки.", 16890);
INSERT INTO webshop.characteristics (CharacteristicID, CharacteristicTypeID, Value, ProductID) VALUES (3255, 1, "PCI-Express x16 3.0", 166);
INSERT INTO webshop.characteristics (CharacteristicID, CharacteristicTypeID, Value, ProductID) VALUES (3256, 16, "5120x2880", 166);
INSERT INTO webshop.characteristics (CharacteristicID, CharacteristicTypeID, Value, ProductID) VALUES (3257, 17, "Активная", 166);
INSERT INTO webshop.characteristics (CharacteristicID, CharacteristicTypeID, Value, ProductID) VALUES (3258, 3, "Нет", 166);
INSERT INTO webshop.characteristics (CharacteristicID, CharacteristicTypeID, Value, ProductID) VALUES (3259, 4, "miniDisplayPort", 166);
INSERT INTO webshop.characteristics (CharacteristicID, CharacteristicTypeID, Value, ProductID) VALUES (3260, 5, "Нет", 166);
INSERT INTO webshop.characteristics (CharacteristicID, CharacteristicTypeID, Value, ProductID) VALUES (3261, 7, "68.9 x 145 мм", 166);
INSERT INTO webshop.characteristics (CharacteristicID, CharacteristicTypeID, Value, ProductID) VALUES (3262, 9, "Quadro P1000", 166);
INSERT INTO webshop.characteristics (CharacteristicID, CharacteristicTypeID, Value, ProductID) VALUES (3263, 10, "82 Гб/сек", 166);
INSERT INTO webshop.characteristics (CharacteristicID, CharacteristicTypeID, Value, ProductID) VALUES (3264, 19, "GDDR5", 166);
INSERT INTO webshop.characteristics (CharacteristicID, CharacteristicTypeID, Value, ProductID) VALUES (3265, 20, "36 месяцев", 166);
INSERT INTO webshop.characteristics (CharacteristicID, CharacteristicTypeID, Value, ProductID) VALUES (3266, 22, "Низкопрофильная", 166);
INSERT INTO webshop.characteristics (CharacteristicID, CharacteristicTypeID, Value, ProductID) VALUES (3267, 12, "128 бит", 166);
INSERT INTO webshop.characteristics (CharacteristicID, CharacteristicTypeID, Value, ProductID) VALUES (3268, 23, "DirectX 12, OpenGL 4.5", 166);
INSERT INTO webshop.characteristics (CharacteristicID, CharacteristicTypeID, Value, ProductID) VALUES (3269, 13, "Нет", 166);
INSERT INTO webshop.characteristics (CharacteristicID, CharacteristicTypeID, Value, ProductID) VALUES (3270, 25, "4 ГБ", 166);
INSERT INTO webshop.characteristics (CharacteristicID, CharacteristicTypeID, Value, ProductID) VALUES (3271, 26, "Радиатор + вентилятор на лицевой стороне платы", 166);
INSERT INTO webshop.images (ImageID, Url, ProductID) VALUES (954, "https://i2.rozetka.ua/goods/1946768/copy_pny_vcqp600_pb_58ef707940c3d_images_1946768690.jpg", 166);
INSERT INTO webshop.images (ImageID, Url, ProductID) VALUES (955, "https://i1.rozetka.ua/goods/1946768/copy_pny_vcqp600_pb_58ef707940c3d_images_1946768804.jpg", 166);
INSERT INTO webshop.images (ImageID, Url, ProductID) VALUES (956, "https://i2.rozetka.ua/goods/1946768/copy_pny_vcqp600_pb_58ef707940c3d_images_1946768960.jpg", 166);
INSERT INTO webshop.images (ImageID, Url, ProductID) VALUES (957, "https://i2.rozetka.ua/goods/1946768/copy_pny_vcqp600_pb_58ef707940c3d_images_1946768882.jpg", 166);
-- =====================================================================
INSERT INTO webshop.products (ProductID, ProductTypeID, Title, Description, Price) VALUES (167, 6, "PNY PCI-Ex NVIDIA Quadro P2000 5GB GDDR5 (160bit) (4 x DisplayPort) (VCQP2000-PB)", "Видеокарта PNY- это отличная производительность в ведущих профессиональных приложениях, объем встроенной памяти в 5 ГБ и низкопрофильный форм-фактор для максимальной гибкости использования. Спроектированные и созданные специально для профессиональных рабочих станций, графические процессоры NVIDIA Quadro обеспечивают мощностью более 200 профессиональных приложений в широком спектре отраслей, включая производство, масс-медиа и развлечения, науки и энергетику. Профессионалы доверяют решениям Quadro для обеспечения лучшего рабочего процесса в таких приложениях, как Adobe CS6, Avid Media Composer, Autodesk Inventor, Dassault Systemes CATIA и SolidWorks, Siemens NX, PTC Creo и многих других. Интеллектуальное управление потреблением электроэнергии Технология NVIDIA Power Management снижает суммарные затраты на потребляемую системой электроэнергию. Она использует интеллектуальный подход при адаптации суммарного потребления видеосистемы в зависимости от приложений, выполняемых конечным потребителем. Оптимизированная система потребления электроэнергии помогает снизить суммарную стоимость владения всей системы и повысить ее надежность. NVIDIA CUDA Архитектура параллельных вычислений CUDA позволяет существенно повысить производительность вычислительных операций благодаря привлечению мощностей GPU (графического процессорного устройства). P2000 содержит 1024 вычислительных ядер CUDA, совместимых со всеми ускоренными приложениями CUDA. В комплекте: 4 адаптера DisplayPort — DVI-D. Компания PNY предоставляет пользователям профессиональных видеокарт непревзойденный уровень услуг и подтверждает свою нацеленность на обеспечение их потребностей, предлагая: трехлетний срок гарантийного обслуживания, предпродажную и послепродажную поддержку, привлечение профессиональных инженеров Quadro Field Application и непосредственное техническую поддержку с использованием горячей линии. Также важно, что PNY поставляет полноценное решение, включающее соответствующие адаптеры, кабели, кронштейны, компакт-диск с драйверами и документацией, обеспечивая таким образом быстрое и успешное установки.", 2010);
INSERT INTO webshop.characteristics (CharacteristicID, CharacteristicTypeID, Value, ProductID) VALUES (3272, 1, "PCI-Express x16 3.0", 167);
INSERT INTO webshop.characteristics (CharacteristicID, CharacteristicTypeID, Value, ProductID) VALUES (3273, 16, "5120x2880", 167);
INSERT INTO webshop.characteristics (CharacteristicID, CharacteristicTypeID, Value, ProductID) VALUES (3274, 17, "Активная", 167);
INSERT INTO webshop.characteristics (CharacteristicID, CharacteristicTypeID, Value, ProductID) VALUES (3275, 3, "Нет", 167);
INSERT INTO webshop.characteristics (CharacteristicID, CharacteristicTypeID, Value, ProductID) VALUES (3276, 4, "DisplayPort", 167);
INSERT INTO webshop.characteristics (CharacteristicID, CharacteristicTypeID, Value, ProductID) VALUES (3277, 5, "Нет", 167);
INSERT INTO webshop.characteristics (CharacteristicID, CharacteristicTypeID, Value, ProductID) VALUES (3278, 7, "112 x 200 мм", 167);
INSERT INTO webshop.characteristics (CharacteristicID, CharacteristicTypeID, Value, ProductID) VALUES (3279, 9, "Quadro P2000", 167);
INSERT INTO webshop.characteristics (CharacteristicID, CharacteristicTypeID, Value, ProductID) VALUES (3280, 10, "140 Гб/сек", 167);
INSERT INTO webshop.characteristics (CharacteristicID, CharacteristicTypeID, Value, ProductID) VALUES (3281, 19, "GDDR5", 167);
INSERT INTO webshop.characteristics (CharacteristicID, CharacteristicTypeID, Value, ProductID) VALUES (3282, 20, "36 месяцев", 167);
INSERT INTO webshop.characteristics (CharacteristicID, CharacteristicTypeID, Value, ProductID) VALUES (3283, 22, "Стандартная", 167);
INSERT INTO webshop.characteristics (CharacteristicID, CharacteristicTypeID, Value, ProductID) VALUES (3284, 12, "160 бит", 167);
INSERT INTO webshop.characteristics (CharacteristicID, CharacteristicTypeID, Value, ProductID) VALUES (3285, 23, "DirectX 12, OpenGL 4.5", 167);
INSERT INTO webshop.characteristics (CharacteristicID, CharacteristicTypeID, Value, ProductID) VALUES (3286, 13, "Нет", 167);
INSERT INTO webshop.characteristics (CharacteristicID, CharacteristicTypeID, Value, ProductID) VALUES (3287, 25, "5 ГБ", 167);
INSERT INTO webshop.characteristics (CharacteristicID, CharacteristicTypeID, Value, ProductID) VALUES (3288, 26, "Радиатор + вентилятор на лицевой стороне платы", 167);
INSERT INTO webshop.images (ImageID, Url, ProductID) VALUES (958, "https://i1.rozetka.ua/goods/1946806/pny_vcqp2000_pb_images_1946806712.jpg", 167);
INSERT INTO webshop.images (ImageID, Url, ProductID) VALUES (959, "https://i2.rozetka.ua/goods/1946806/pny_vcqp2000_pb_images_1946806634.jpg", 167);
INSERT INTO webshop.images (ImageID, Url, ProductID) VALUES (960, "https://i2.rozetka.ua/goods/1946806/pny_vcqp2000_pb_images_1946806790.jpg", 167);
INSERT INTO webshop.images (ImageID, Url, ProductID) VALUES (961, "https://i1.rozetka.ua/goods/1946806/pny_vcqp2000_pb_images_1946806868.jpg", 167);
-- =====================================================================
INSERT INTO webshop.products (ProductID, ProductTypeID, Title, Description, Price) VALUES (168, 6, "PNY PCI-Ex NVIDIA Quadro P600 2GB GDDR5 (128bit) (4 x miniDisplayPort) (VCQP600DVI-PB)", "Видеокарта PNY- это отличная производительность в ведущих профессиональных приложениях, объем встроенной памяти в 2 ГБ и низкопрофильный форм-фактор для максимальной гибкости использования. Спроектированные и созданные специально для профессиональных рабочих станций, графические процессоры NVIDIA Quadro обеспечивают мощностью более 200 профессиональных приложений в широком спектре отраслей, включая производство, масс-медиа и развлечения, науки и энергетику. Профессионалы доверяют решениям Quadro для обеспечения лучшего рабочего процесса в таких приложениях, как Adobe CS6, Avid Media Composer, Autodesk Inventor, Dassault Systemes CATIA и SolidWorks, Siemens NX, PTC Creo и многих других. Интеллектуальное управление потреблением электроэнергии Технология NVIDIA Power Management снижает суммарные затраты на потребляемую системой электроэнергию. Она использует интеллектуальный подход при адаптации суммарного потребления видеосистемы в зависимости от приложений, выполняемых конечным потребителем. Оптимизированная система потребления электроэнергии помогает снизить суммарную стоимость владения всей системы и повысить ее надежность. NVIDIA CUDA Архитектура параллельных вычислений CUDA позволяет существенно повысить производительность вычислительных операций благодаря привлечению мощностей GPU (графического процессорного устройства). P600 содержит 384 вычислительных ядер CUDA, совместимых со всеми ускоренными приложениями CUDA. В комплекте: 4 адаптера miniDisplayPort — DVI-D SL. Компания PNY предоставляет пользователям профессиональных видеокарт непревзойденный уровень услуг и подтверждает свою нацеленность на обеспечение их потребностей, предлагая: трехлетний срок гарантийного обслуживания, предпродажную и послепродажную поддержку, привлечение профессиональных инженеров Quadro Field Application и непосредственное техническую поддержку с использованием горячей линии. Также важно, что PNY поставляет полноценное решение, включающее соответствующие адаптеры, кабели, кронштейны, компакт-диск с драйверами и документацией, обеспечивая таким образом быстрое и успешное установки.", 15917);
INSERT INTO webshop.characteristics (CharacteristicID, CharacteristicTypeID, Value, ProductID) VALUES (3289, 1, "PCI-Express x16 3.0", 168);
INSERT INTO webshop.characteristics (CharacteristicID, CharacteristicTypeID, Value, ProductID) VALUES (3290, 16, "5120x2880", 168);
INSERT INTO webshop.characteristics (CharacteristicID, CharacteristicTypeID, Value, ProductID) VALUES (3291, 17, "Активная", 168);
INSERT INTO webshop.characteristics (CharacteristicID, CharacteristicTypeID, Value, ProductID) VALUES (3292, 3, "Нет", 168);
INSERT INTO webshop.characteristics (CharacteristicID, CharacteristicTypeID, Value, ProductID) VALUES (3293, 4, "miniDisplayPort", 168);
INSERT INTO webshop.characteristics (CharacteristicID, CharacteristicTypeID, Value, ProductID) VALUES (3294, 5, "Нет", 168);
INSERT INTO webshop.characteristics (CharacteristicID, CharacteristicTypeID, Value, ProductID) VALUES (3295, 7, "68.9 x 145 мм", 168);
INSERT INTO webshop.characteristics (CharacteristicID, CharacteristicTypeID, Value, ProductID) VALUES (3296, 9, "Quadro P600", 168);
INSERT INTO webshop.characteristics (CharacteristicID, CharacteristicTypeID, Value, ProductID) VALUES (3297, 10, "64 Гб/сек", 168);
INSERT INTO webshop.characteristics (CharacteristicID, CharacteristicTypeID, Value, ProductID) VALUES (3298, 19, "GDDR5", 168);
INSERT INTO webshop.characteristics (CharacteristicID, CharacteristicTypeID, Value, ProductID) VALUES (3299, 20, "36 месяцев", 168);
INSERT INTO webshop.characteristics (CharacteristicID, CharacteristicTypeID, Value, ProductID) VALUES (3300, 22, "Низкопрофильная", 168);
INSERT INTO webshop.characteristics (CharacteristicID, CharacteristicTypeID, Value, ProductID) VALUES (3301, 12, "128 бит", 168);
INSERT INTO webshop.characteristics (CharacteristicID, CharacteristicTypeID, Value, ProductID) VALUES (3302, 23, "DirectX 12, OpenGL 4.5", 168);
INSERT INTO webshop.characteristics (CharacteristicID, CharacteristicTypeID, Value, ProductID) VALUES (3303, 13, "Нет", 168);
INSERT INTO webshop.characteristics (CharacteristicID, CharacteristicTypeID, Value, ProductID) VALUES (3304, 25, "2 ГБ", 168);
INSERT INTO webshop.characteristics (CharacteristicID, CharacteristicTypeID, Value, ProductID) VALUES (3305, 26, "Радиатор + вентилятор на лицевой стороне платы", 168);
INSERT INTO webshop.images (ImageID, Url, ProductID) VALUES (962, "https://i2.rozetka.ua/goods/1946712/pny_vcqp600dvi_pb_images_1946712020.jpg", 168);
INSERT INTO webshop.images (ImageID, Url, ProductID) VALUES (963, "https://i2.rozetka.ua/goods/1946711/pny_vcqp600dvi_pb_images_1946711768.jpg", 168);
INSERT INTO webshop.images (ImageID, Url, ProductID) VALUES (964, "https://i1.rozetka.ua/goods/1946712/pny_vcqp600dvi_pb_images_1946712314.jpg", 168);
INSERT INTO webshop.images (ImageID, Url, ProductID) VALUES (965, "https://i2.rozetka.ua/goods/1946712/pny_vcqp600dvi_pb_images_1946712506.jpg", 168);
INSERT INTO webshop.comments (CommentID, Nickname, Rating, Message, Date, ProductID) VALUES (417, "Дмитрий Кащенко", 5, "Чудове рішення для програм СПАР Приріст продуктивності в порівнянні з quadro k620 майже не помітний.", "2017-4-6", 168);
-- =====================================================================
INSERT INTO webshop.products (ProductID, ProductTypeID, Title, Description, Price) VALUES (169, 6, "PNY PCI-Ex NVIDIA Quadro P600 2GB GDDR5 (128bit) (4 x miniDisplayPort) (VCQP600-PB)", "Видеокарта PNY- это отличная производительность в ведущих профессиональных приложениях, объем встроенной памяти в 2 ГБ и низкопрофильный форм-фактор для максимальной гибкости использования. Спроектированные и созданные специально для профессиональных рабочих станций, графические процессоры NVIDIA Quadro обеспечивают мощностью более 200 профессиональных приложений в широком спектре отраслей, включая производство, масс-медиа и развлечения, науки и энергетику. Профессионалы доверяют решениям Quadro для обеспечения лучшего рабочего процесса в таких приложениях, как Adobe CS6, Avid Media Composer, Autodesk Inventor, Dassault Systemes CATIA и SolidWorks, Siemens NX, PTC Creo и многих других. Интеллектуальное управление потреблением электроэнергии Технология NVIDIA Power Management снижает суммарные затраты на потребляемую системой электроэнергию. Она использует интеллектуальный подход при адаптации суммарного потребления видеосистемы в зависимости от приложений, выполняемых конечным потребителем. Оптимизированная система потребления электроэнергии помогает снизить суммарную стоимость владения всей системы и повысить ее надежность. NVIDIA CUDA Архитектура параллельных вычислений CUDA позволяет существенно повысить производительность вычислительных операций благодаря привлечению мощностей GPU (графического процессорного устройства). P600 содержит 384 вычислительных ядер CUDA, совместимых со всеми ускоренными приложениями CUDA. В комплекте: 4 адаптера miniDisplayPort — DisplayPort и один адаптер miniDisplayPort to DVI-D. Компания PNY предоставляет пользователям профессиональных видеокарт непревзойденный уровень услуг и подтверждает свою нацеленность на обеспечение их потребностей, предлагая: трехлетний срок гарантийного обслуживания, предпродажную и послепродажную поддержку, привлечение профессиональных инженеров Quadro Field Application и непосредственное техническую поддержку с использованием горячей линии. Также важно, что PNY поставляет полноценное решение, включающее соответствующие адаптеры, кабели, кронштейны, компакт-диск с драйверами и документацией, обеспечивая таким образом быстрое и успешное установки.", 6716);
INSERT INTO webshop.characteristics (CharacteristicID, CharacteristicTypeID, Value, ProductID) VALUES (3306, 1, "PCI-Express x16 3.0", 169);
INSERT INTO webshop.characteristics (CharacteristicID, CharacteristicTypeID, Value, ProductID) VALUES (3307, 16, "5120x2880", 169);
INSERT INTO webshop.characteristics (CharacteristicID, CharacteristicTypeID, Value, ProductID) VALUES (3308, 17, "Активная", 169);
INSERT INTO webshop.characteristics (CharacteristicID, CharacteristicTypeID, Value, ProductID) VALUES (3309, 3, "Нет", 169);
INSERT INTO webshop.characteristics (CharacteristicID, CharacteristicTypeID, Value, ProductID) VALUES (3310, 4, "miniDisplayPort", 169);
INSERT INTO webshop.characteristics (CharacteristicID, CharacteristicTypeID, Value, ProductID) VALUES (3311, 5, "Нет", 169);
INSERT INTO webshop.characteristics (CharacteristicID, CharacteristicTypeID, Value, ProductID) VALUES (3312, 7, "68.9 x 145 мм", 169);
INSERT INTO webshop.characteristics (CharacteristicID, CharacteristicTypeID, Value, ProductID) VALUES (3313, 9, "Quadro P600", 169);
INSERT INTO webshop.characteristics (CharacteristicID, CharacteristicTypeID, Value, ProductID) VALUES (3314, 10, "64 Гб/сек", 169);
INSERT INTO webshop.characteristics (CharacteristicID, CharacteristicTypeID, Value, ProductID) VALUES (3315, 19, "GDDR5", 169);
INSERT INTO webshop.characteristics (CharacteristicID, CharacteristicTypeID, Value, ProductID) VALUES (3316, 20, "36 месяцев", 169);
INSERT INTO webshop.characteristics (CharacteristicID, CharacteristicTypeID, Value, ProductID) VALUES (3317, 22, "Низкопрофильная", 169);
INSERT INTO webshop.characteristics (CharacteristicID, CharacteristicTypeID, Value, ProductID) VALUES (3318, 12, "128 бит", 169);
INSERT INTO webshop.characteristics (CharacteristicID, CharacteristicTypeID, Value, ProductID) VALUES (3319, 23, "DirectX 12, OpenGL 4.5", 169);
INSERT INTO webshop.characteristics (CharacteristicID, CharacteristicTypeID, Value, ProductID) VALUES (3320, 13, "Нет", 169);
INSERT INTO webshop.characteristics (CharacteristicID, CharacteristicTypeID, Value, ProductID) VALUES (3321, 25, "2 ГБ", 169);
INSERT INTO webshop.characteristics (CharacteristicID, CharacteristicTypeID, Value, ProductID) VALUES (3322, 26, "Радиатор + вентилятор на лицевой стороне платы", 169);
INSERT INTO webshop.images (ImageID, Url, ProductID) VALUES (966, "https://i2.rozetka.ua/goods/1946655/pny_vcqp600_pb_images_1946655320.jpg", 169);
INSERT INTO webshop.images (ImageID, Url, ProductID) VALUES (967, "https://i2.rozetka.ua/goods/1946653/pny_vcqp600_pb_images_1946653712.jpg", 169);
INSERT INTO webshop.images (ImageID, Url, ProductID) VALUES (968, "https://i1.rozetka.ua/goods/1946655/pny_vcqp600_pb_images_1946655434.jpg", 169);
INSERT INTO webshop.images (ImageID, Url, ProductID) VALUES (969, "https://i2.rozetka.ua/goods/1946655/pny_vcqp600_pb_images_1946655548.jpg", 169);
INSERT INTO webshop.comments (CommentID, Nickname, Rating, Message, Date, ProductID) VALUES (418, "Назарчук Назарій", 5, "Встановив, закачав спец. драйвер для sw2017 на це залізо: core i7 8700k, Asus z370p, ddr 2400 32gb good ram. Після установки в panel nvidia є на вибір 2 режима роботи: 1) графічний 2) обчислення + графіка. Роб. режим екрану 1920х1650 60hz ips Lg Достоинства: Sw2017 відкриває з легкістю великі 3d об'єкти середньої складності. 3d маневрування швидке без тормозів. Розрахунки з покращеною сіткою", "2017-11-5", 169);
INSERT INTO webshop.comments (CommentID, Nickname, Rating, Message, Date, ProductID) VALUES (419, "Назарчук Назарій", 5, "Встановив, закачав спец. драйвер для sw2017 на це залізо: core i7 8700k, Asus z370p, ddr 2400 32gb good ram. Після установки в panel nvidia є на вибір 2 режима роботи: 1) графічний 2) обчислення + графіка. Роб. режим екрану 1920х1650 60hz ips Lg Достоинства: Sw2017 відкриває з легкістю великі 3d об'єкти середньої складності. 3d маневрування швидке без тормозів. Розрахунки з покращеною сіткою", "2017-11-5", 169);
INSERT INTO webshop.comments (CommentID, Nickname, Rating, Message, Date, ProductID) VALUES (420, "Владимир", 0, "Инструкция рассчитана для более старых моделей и не содержит никакой информации о Р серии видеокарт. Все разъемы рассчитаны только на цифровые выходы, поэтому сразу думаем, как подключить к монитору. Если монитор не имеет DP/mDP разъема, придется покупать переходник (что не очень удобно - не всегда... Еще показывает картинку) или менять монитор, что сразу затратно. В остальном - проблем нет, все работает соответственно заявленным характеристикам. Достоинства: Обычное и недорогое КАД-решение Недостатки: только цифровые выходы", "2017-7-2", 169);
-- =====================================================================
INSERT INTO webshop.products (ProductID, ProductTypeID, Title, Description, Price) VALUES (170, 6, "Sapphire PCI-Ex Radeon RX 580 Nitro+ 8GB GDDR5 (256bit) (1411/8000) (DVI, 2 x HDMI, 2 x DisplayPort) (11265-01-20G)", "Nitro Free Flow Мы обратили внимание, что традиционные системы охлаждения с осевыми вентиляторами направляют часть горячего воздуха обратно, что вызывает повышение температуры видеокарты. В новой серии видеокарт мы используем новый дизайн системы охлаждения Nitro Free Flow, который позволяет более эффективно распределять воздушные потоки и выводить горячий воздух из системы. Nitro подсветка В наше время эстетика компонентов компьютера играет не меньшую роль, чем производительность системы. Благодаря новой системе Nitro Glow видеокарта Nitro+ Radeon RX 580 получила стильный дизайн кожуха, дополненный RGB светодиодами. Пользователь может индивидуально настраивать цвет светодиодов как програмно с помощью утилиты SAPPHIRE TriXX 3.0, так и аппаратно с помощью красной кнопки, расположенной на обратной стороне видеокарты. В системе предусмотрен набор из пяти различных режимов подсветки, включая индикацию оборотов вентилятора, температуры платы и режим «радуги» (цикличного переключения цветов). Подсветку можно также полностью отключить. Дроссели Black Diamond Chokes 4 Дроссели Black Diamond Chokes тише, чем обыкновенные дроссели и превосходят их по энергоэффективности. Четвертое поколение фирменных дросселей Black Diamond обеспечивает дополнительное снижение температуры на 15% по сравнению с дросселями предыдущего поколения. Поддержка устройств виртуальной реальности Серия игровых видеокарт Sapphire Nitro оснащается двумя разъёмами HDMI специально для работы с устройствами виртуальной реальности. Два разъёма HDMI позволяют одновременно подключить монитор высокого разрешения и новейший шлем виртуальной реальности. HDMI версии 2.0b с пропускной способностью 18 Гб/с, позволяет передавать до 32 аудиоканалов и поддерживать разрешение 4K 50/60 (2160P), сохраняя при этом полную обратную совместимость с предыдущими версиями HDMI. Поддержка HDR Поддержка расширенного динамического диапазона (High Dynamic Range, HDR) – настоящая находка для игроманов и киноманов, которые по-настоящему ценят качество изображения. Эта технология позволяет увеличить диапазон оттенков и контраст на совместимых дисплеях. Игры с поддержкой HDR выглядят удивительно ярко и четко по сравнению даже с самой качественным SDR контентом. Видеокарты Radeon RX 580 с новыми технологиями обработки HDR контента готовы к играм будущего на HDR дисплеях нового поколения. Охлаждение Dual-X Фирменное охлаждение Dual-X от Sapphire — это два тихих вентилятора увеличенного размера и современный радиатор. Новая форма лопастей 95-миллиметровых вентиляторов позволяет обеспечить более эффективную циркуляцию воздуха и уменьшить уровень шума по сравнению с предыдущими моделями. Вентиляторы оснащены двойными шарикоподшипниками, которые имеют на 85% больший ресурс по сравнению с вентиляторами на подшипниках скольжения. Усовершенствованная форма лопастей позволяет уменьшить шум на 10% по сравнению с вентиляторами предыдущего поколения. Представляем технологию AMD LiquidVR LiquidVR — инициатива AMD, направленная на создание комфортной и реалистичной виртуальной реальности путем поддержания эффекта присутствия, при котором ситуации, объекты или персонажи виртуального мира кажутся реальными. Разрабатываемые в тесном сотрудничестве с ведущими технологическими партнерами экосистемы программные и аппаратные оптимизации технологии LiquidVR позволяют справиться с распространенными недостатками виртуальной реальности, такими как снижением времени задержки передачи сигнала от движения к фотону ниже 10 миллисекунд. Это важный шаг на пути решения основных сложностей, например, морской болезни, которая может возникнуть при повороте головы в виртуальном мире, иногда даже нескольких миллисекунд недостаточно для отображения новой перспективы. Nitro CoolTech Усовершенствованная интеллектуальная система управления вентиляторами полностью отключает вентиляторы в зависимости от нагрузки, а благодаря технологии Nitro CoolTech вентиляторы запускаются точно при температуре 52 °С, позволяя получить оптимальный баланс между производительностью и шумом. Поддержка AMD XConnect Теперь подключить и использовать внешнюю видеокарту Radeon стало проще, чем когда-либо. Благодаря технологии AMD XConnect, внешнюю видеокарту Radeon можно легко подключать к совместимому ультратонкому ноутбуку или 2-в-1 через Thunderbolt 3 в любое время как обычный USB-накопитель — впервые среди внешних видеокарт! Технология AMD FreeSync. Стандартный DisplayPort Без задержек. Без артефактов. Только игра. Технология AMD FreeSync позволяет совместимым видеокарте и монитору динамически менять FPS для достижения идеальной картинки. AMD FreeSync использует использует возможности стандартного протокола DisplayPort Adaptive-Sync для получения плавной смены кадров на мониторе без артефактов и задержек с максимально возможной производительностью и комфортом. AMD FreeSync синхронизирует частоту смены кадров вашего монитора и выводимого изображения вне зависимости от того, насколько они отличаются. DirectX 12 DirectX 12 – это новейшая версия графического API от Microsoft, которая обеспечивает разработчикам игр более эффективный доступ к аппаратной части. Разработчики игр могут использовать преимущества DX12 для увеличения количества кадров, улучшения качества изображения, снижение задержек для устройств виртуальной реальности (VR) или на сбалансированное сочетание этих возможностей. Вне зависимости от выбора разработчиков видеокарты от AMD позволяют игрокам получить удовольствие от поддержки DirectX 12. Nitro Quick Connect Вентиляторы, применяющиеся в видеокартах Sapphire Nitro+ Radeon RX 580, поддерживают систему Quick Connect. Это значит, что их можно с легкостью снять, очистить и заменить, поскольку они надежно фиксируются всего одним винтом, и разбирать кожух или иные элементы видеокарты не потребуется. Технология AMD Eyefinity Поддержка многомониторных конфигураций для игр, работы и мультимедийных развлечений. AMD Eyefinity представляет собой технологию, благодаря которой изображение с одной видеокарты можно вывести на несколько экранов. Это сделает игровой процесс более захватывающим, а рабочий процесс более удобным и эффективным (в среднем 42% и больше в некоторых сценариях). Новый уровень погружения в игру и реалистичности. Современные игры превосходно смотрятся на трех мониторах, но только решения на базе графики AMD Radeon позволят вам играть сразу на пяти. Вы сможете создать свою конфигурацию с использованием до 6 дисплеев одновременно. AMD Crossfire Используй силу нескольких графических процессоров. Технология AMD Crossfire предназначена для создания мощных игровых станций с несколькими видеокартами. Она позволяет использовать в одной связке 2 и более видеокарт для достижения высочайшей производительности ПК. AMD Crossfire работает для видеокарт разных ценовых диапазонов. Гибкая настройка позволяет выбирать, сколько видеокарт — две, три или четыре — объединить для создания идеальной системы. Двойные шарикоподшипники Двойные шарикоподшипники в конструкции вентиляторов обеспечивают их плавность запуска, длительный срок эксплуатации и защищают от попадания пыли. Конструкция подшипников в сочетании с эффективной формой лопастей вентиляторов обеспечивает тихую работу системы охлаждения.", 9652);
INSERT INTO webshop.characteristics (CharacteristicID, CharacteristicTypeID, Value, ProductID) VALUES (3323, 1, "PCI-Express x16 3.0", 170);
INSERT INTO webshop.characteristics (CharacteristicID, CharacteristicTypeID, Value, ProductID) VALUES (3324, 2, "NITRO Boost: 1411 МГц (по умолчанию) Silent: 1340 МГц", 170);
INSERT INTO webshop.characteristics (CharacteristicID, CharacteristicTypeID, Value, ProductID) VALUES (3325, 17, "Активная", 170);
INSERT INTO webshop.characteristics (CharacteristicID, CharacteristicTypeID, Value, ProductID) VALUES (3326, 3, "6 + 8 pin", 170);
INSERT INTO webshop.characteristics (CharacteristicID, CharacteristicTypeID, Value, ProductID) VALUES (3327, 4, "DVI DisplayPort HDMI", 170);
INSERT INTO webshop.characteristics (CharacteristicID, CharacteristicTypeID, Value, ProductID) VALUES (3328, 5, "Нет", 170);
INSERT INTO webshop.characteristics (CharacteristicID, CharacteristicTypeID, Value, ProductID) VALUES (3329, 6, "8000 МГц", 170);
INSERT INTO webshop.characteristics (CharacteristicID, CharacteristicTypeID, Value, ProductID) VALUES (3330, 7, "260 x 135 x 43 мм", 170);
INSERT INTO webshop.characteristics (CharacteristicID, CharacteristicTypeID, Value, ProductID) VALUES (3331, 9, "RX 580", 170);
INSERT INTO webshop.characteristics (CharacteristicID, CharacteristicTypeID, Value, ProductID) VALUES (3332, 19, "GDDR5", 170);
INSERT INTO webshop.characteristics (CharacteristicID, CharacteristicTypeID, Value, ProductID) VALUES (3333, 20, "36 месяцев", 170);
INSERT INTO webshop.characteristics (CharacteristicID, CharacteristicTypeID, Value, ProductID) VALUES (3334, 21, "1", 170);
INSERT INTO webshop.characteristics (CharacteristicID, CharacteristicTypeID, Value, ProductID) VALUES (3335, 22, "Стандартная", 170);
INSERT INTO webshop.characteristics (CharacteristicID, CharacteristicTypeID, Value, ProductID) VALUES (3336, 12, "256 бит", 170);
INSERT INTO webshop.characteristics (CharacteristicID, CharacteristicTypeID, Value, ProductID) VALUES (3337, 23, "DirectX 12, OpenGL 4.5", 170);
INSERT INTO webshop.characteristics (CharacteristicID, CharacteristicTypeID, Value, ProductID) VALUES (3338, 13, "Есть", 170);
INSERT INTO webshop.characteristics (CharacteristicID, CharacteristicTypeID, Value, ProductID) VALUES (3339, 25, "8 ГБ", 170);
INSERT INTO webshop.characteristics (CharacteristicID, CharacteristicTypeID, Value, ProductID) VALUES (3340, 26, "Dual-X", 170);
INSERT INTO webshop.images (ImageID, Url, ProductID) VALUES (970, "https://i2.rozetka.ua/goods/1965632/copy_sapphire_11265_00_58f5fdce4e5c3_images_1965632264.jpg", 170);
INSERT INTO webshop.images (ImageID, Url, ProductID) VALUES (971, "https://i2.rozetka.ua/goods/1965632/copy_sapphire_11265_00_58f5fdce4e5c3_images_1965632426.jpg", 170);
INSERT INTO webshop.images (ImageID, Url, ProductID) VALUES (972, "https://i1.rozetka.ua/goods/1965632/copy_sapphire_11265_00_58f5fdce4e5c3_images_1965632624.jpg", 170);
INSERT INTO webshop.images (ImageID, Url, ProductID) VALUES (973, "https://i1.rozetka.ua/goods/1965632/copy_sapphire_11265_00_58f5fdce4e5c3_images_1965632798.jpg", 170);
INSERT INTO webshop.images (ImageID, Url, ProductID) VALUES (974, "https://i1.rozetka.ua/goods/1965632/copy_sapphire_11265_00_58f5fdce4e5c3_images_1965632930.jpg", 170);
INSERT INTO webshop.comments (CommentID, Nickname, Rating, Message, Date, ProductID) VALUES (421, "agressorr", 0, "Полет нормальный уже месяц, но нет ничего в комплекте, кабелей питания нет, кулеры с подсветкой тоже ожидал увидеть. Недостатки: Нет кабелей питания(6pin) например. Подтормаживает первые секунды в доте, на nvidia такого не встречал", "2018-0-1", 170);
INSERT INTO webshop.comments (CommentID, Nickname, Rating, Message, Date, ProductID) VALUES (422, "Sergey", 5, "Доброго времени суток! Представитель компании, подскажите контакты официального сервис-центра Сапфир в Киеве. Заранее спасибо за ответ!", "2018-0-3", 170);
INSERT INTO webshop.comments (CommentID, Nickname, Rating, Message, Date, ProductID) VALUES (423, "Максим", 0, "Вопрос к представительству! Так как карта имеет двойной биос хотелось бы знать после прошивки биоса гарантия остаеться? Достоинства: Хорошее охлаждение Недостатки: У некоторых карт RX580 большое потребление энергии(не зависимо от производителя)", "2018-0-2", 170);
-- =====================================================================
INSERT INTO webshop.products (ProductID, ProductTypeID, Title, Description, Price) VALUES (171, 6, "Sapphire PCI-Ex Radeon RX 570 Nitro+ 4GB GDDR5 (256bit) (1340/7000) (DVI, 2 x HDMI, 2 x DisplayPort) (11266-14-20G)", "Nitro Free Flow Мы обратили внимание, что традиционные системы охлаждения с осевыми вентиляторами направляют часть горячего воздуха обратно, что вызывает повышение температуры видеокарты. В новой серии видеокарт мы используем новый дизайн системы охлаждения Nitro Free Flow, который позволяет более эффективно распределять воздушные потоки и выводить горячий воздух из системы. Nitro подсветка В наше время эстетика компонентов компьютера играет не меньшую роль, чем производительность системы. Благодаря новой системе Nitro Glow видеокарта Nitro+ Radeon RX 570 получила стильный дизайн кожуха, дополненный RGB светодиодами. Пользователь может индивидуально настраивать цвет светодиодов как програмно с помощью утилиты SAPPHIRE TriXX 3.0, так и аппаратно с помощью красной кнопки, расположенной на обратной стороне видеокарты. В системе предусмотрен набор из пяти различных режимов подсветки, включая индикацию оборотов вентилятора, температуры платы и режим «радуги» (цикличного переключения цветов). Подсветку можно также полностью отключить. Дроссели Black Diamond Chokes 4 Дроссели Black Diamond Chokes тише, чем обыкновенные дроссели и превосходят их по энергоэффективности. Четвертое поколение фирменных дросселей Black Diamond обеспечивает дополнительное снижение температуры на 15% по сравнению с дросселями предыдущего поколения. Поддержка устройств виртуальной реальности Серия игровых видеокарт Sapphire Nitro оснащается двумя разъёмами HDMI специально для работы с устройствами виртуальной реальности. Два разъёма HDMI позволяют одновременно подключить монитор высокого разрешения и новейший шлем виртуальной реальности. HDMI версии 2.0b с пропускной способностью 18 Гб/с, позволяет передавать до 32 аудиоканалов и поддерживать разрешение 4K 50/60 (2160P), сохраняя при этом полную обратную совместимость с предыдущими версиями HDMI. Поддержка HDR Поддержка расширенного динамического диапазона (High Dynamic Range, HDR) – настоящая находка для игроманов и киноманов, которые по-настоящему ценят качество изображения. Эта технология позволяет увеличить диапазон оттенков и контраст на совместимых дисплеях. Игры с поддержкой HDR выглядят удивительно ярко и четко по сравнению даже с самой качественным SDR контентом. Видеокарты Radeon RX 570 с новыми технологиями обработки HDR контента готовы к играм будущего на HDR дисплеях нового поколения. Охлаждение Dual-X Фирменное охлаждение Dual-X от Sapphire — это два тихих вентилятора увеличенного размера и современный радиатор. Новая форма лопастей 95-миллиметровых вентиляторов позволяет обеспечить более эффективную циркуляцию воздуха и уменьшить уровень шума по сравнению с предыдущими моделями. Вентиляторы оснащены двойными шарикоподшипниками, которые имеют на 85% больший ресурс по сравнению с вентиляторами на подшипниках скольжения. Усовершенствованная форма лопастей позволяет уменьшить шум на 10% по сравнению с вентиляторами предыдущего поколения. Представляем технологию AMD LiquidVR LiquidVR — инициатива AMD, направленная на создание комфортной и реалистичной виртуальной реальности путем поддержания эффекта присутствия, при котором ситуации, объекты или персонажи виртуального мира кажутся реальными. Разрабатываемые в тесном сотрудничестве с ведущими технологическими партнерами экосистемы программные и аппаратные оптимизации технологии LiquidVR позволяют справиться с распространенными недостатками виртуальной реальности, такими как снижением времени задержки передачи сигнала от движения к фотону ниже 10 миллисекунд. Это важный шаг на пути решения основных сложностей, например, морской болезни, которая может возникнуть при повороте головы в виртуальном мире, иногда даже нескольких миллисекунд недостаточно для отображения новой перспективы. Nitro CoolTech Усовершенствованная интеллектуальная система управления вентиляторами полностью отключает вентиляторы в зависимости от нагрузки, а благодаря технологии Nitro CoolTech вентиляторы запускаются точно при температуре 52 °С, позволяя получить оптимальный баланс между производительностью и шумом. Поддержка AMD XConnect Теперь подключить и использовать внешнюю видеокарту Radeon стало проще, чем когда-либо. Благодаря технологии AMD XConnect, внешнюю видеокарту Radeon можно легко подключать к совместимому ультратонкому ноутбуку или 2-в-1 через Thunderbolt 3 в любое время как обычный USB-накопитель — впервые среди внешних видеокарт! Технология AMD FreeSync. Стандартный DisplayPort Без задержек. Без артефактов. Только игра. Технология AMD FreeSync позволяет совместимым видеокарте и монитору динамически менять FPS для достижения идеальной картинки. AMD FreeSync использует использует возможности стандартного протокола DisplayPort Adaptive-Sync для получения плавной смены кадров на мониторе без артефактов и задержек с максимально возможной производительностью и комфортом. AMD FreeSync синхронизирует частоту смены кадров вашего монитора и выводимого изображения вне зависимости от того, насколько они отличаются. DirectX 12 DirectX 12 – это новейшая версия графического API от Microsoft, которая обеспечивает разработчикам игр более эффективный доступ к аппаратной части. Разработчики игр могут использовать преимущества DX12 для увеличения количества кадров, улучшения качества изображения, снижение задержек для устройств виртуальной реальности (VR) или на сбалансированное сочетание этих возможностей. Вне зависимости от выбора разработчиков видеокарты от AMD позволяют игрокам получить удовольствие от поддержки DirectX 12. Nitro Quick Connect Вентиляторы, применяющиеся в видеокартах Sapphire Nitro+ Radeon RX 570, поддерживают систему Quick Connect. Это значит, что их можно с легкостью снять, очистить и заменить, поскольку они надежно фиксируются всего одним винтом, и разбирать кожух или иные элементы видеокарты не потребуется. Технология AMD Eyefinity Поддержка многомониторных конфигураций для игр, работы и мультимедийных развлечений. AMD Eyefinity представляет собой технологию, благодаря которой изображение с одной видеокарты можно вывести на несколько экранов. Это сделает игровой процесс более захватывающим, а рабочий процесс более удобным и эффективным (в среднем 42% и больше в некоторых сценариях). Новый уровень погружения в игру и реалистичности. Современные игры превосходно смотрятся на трех мониторах, но только решения на базе графики AMD Radeon позволят вам играть сразу на пяти. Вы сможете создать свою конфигурацию с использованием до 6 дисплеев одновременно. AMD Crossfire Используй силу нескольких графических процессоров. Технология AMD Crossfire предназначена для создания мощных игровых станций с несколькими видеокартами. Она позволяет использовать в одной связке 2 и более видеокарт для достижения высочайшей производительности ПК. AMD Crossfire работает для видеокарт разных ценовых диапазонов. Гибкая настройка позволяет выбирать, сколько видеокарт — две, три или четыре — объединить для создания идеальной системы. Двойные шарикоподшипники Двойные шарикоподшипники в конструкции вентиляторов обеспечивают их плавность запуска, длительный срок эксплуатации и защищают от попадания пыли. Конструкция подшипников в сочетании с эффективной формой лопастей вентиляторов обеспечивает тихую работу системы охлаждения.", 7359);
INSERT INTO webshop.characteristics (CharacteristicID, CharacteristicTypeID, Value, ProductID) VALUES (3341, 1, "PCI-Express x16 3.0", 171);
INSERT INTO webshop.characteristics (CharacteristicID, CharacteristicTypeID, Value, ProductID) VALUES (3342, 2, "NITRO Boost: 1340 МГц (по умолчанию) Silent: 1244 МГц", 171);
INSERT INTO webshop.characteristics (CharacteristicID, CharacteristicTypeID, Value, ProductID) VALUES (3343, 17, "Активная", 171);
INSERT INTO webshop.characteristics (CharacteristicID, CharacteristicTypeID, Value, ProductID) VALUES (3344, 3, "6 + 8 pin", 171);
INSERT INTO webshop.characteristics (CharacteristicID, CharacteristicTypeID, Value, ProductID) VALUES (3345, 4, "DVI DisplayPort HDMI", 171);
INSERT INTO webshop.characteristics (CharacteristicID, CharacteristicTypeID, Value, ProductID) VALUES (3346, 5, "Нет", 171);
INSERT INTO webshop.characteristics (CharacteristicID, CharacteristicTypeID, Value, ProductID) VALUES (3347, 6, "7000 МГц", 171);
INSERT INTO webshop.characteristics (CharacteristicID, CharacteristicTypeID, Value, ProductID) VALUES (3348, 7, "260 x 135 x 43 мм", 171);
INSERT INTO webshop.characteristics (CharacteristicID, CharacteristicTypeID, Value, ProductID) VALUES (3349, 9, "RX 570", 171);
INSERT INTO webshop.characteristics (CharacteristicID, CharacteristicTypeID, Value, ProductID) VALUES (3350, 19, "GDDR5", 171);
INSERT INTO webshop.characteristics (CharacteristicID, CharacteristicTypeID, Value, ProductID) VALUES (3351, 20, "36 месяцев", 171);
INSERT INTO webshop.characteristics (CharacteristicID, CharacteristicTypeID, Value, ProductID) VALUES (3352, 21, "1", 171);
INSERT INTO webshop.characteristics (CharacteristicID, CharacteristicTypeID, Value, ProductID) VALUES (3353, 22, "Стандартная", 171);
INSERT INTO webshop.characteristics (CharacteristicID, CharacteristicTypeID, Value, ProductID) VALUES (3354, 12, "256 бит", 171);
INSERT INTO webshop.characteristics (CharacteristicID, CharacteristicTypeID, Value, ProductID) VALUES (3355, 23, "DirectX 12, OpenGL 4.5", 171);
INSERT INTO webshop.characteristics (CharacteristicID, CharacteristicTypeID, Value, ProductID) VALUES (3356, 13, "Есть", 171);
INSERT INTO webshop.characteristics (CharacteristicID, CharacteristicTypeID, Value, ProductID) VALUES (3357, 25, "4 ГБ", 171);
INSERT INTO webshop.characteristics (CharacteristicID, CharacteristicTypeID, Value, ProductID) VALUES (3358, 26, "Dual-X", 171);
INSERT INTO webshop.images (ImageID, Url, ProductID) VALUES (975, "https://i1.rozetka.ua/goods/1965676/sapphire_11266_14_images_1965676658.jpg", 171);
INSERT INTO webshop.images (ImageID, Url, ProductID) VALUES (976, "https://i1.rozetka.ua/goods/1965676/sapphire_11266_14_images_1965676820.jpg", 171);
INSERT INTO webshop.images (ImageID, Url, ProductID) VALUES (977, "https://i1.rozetka.ua/goods/1965677/sapphire_11266_14_images_1965677240.jpg", 171);
INSERT INTO webshop.images (ImageID, Url, ProductID) VALUES (978, "https://i1.rozetka.ua/goods/1965677/sapphire_11266_14_images_1965677444.jpg", 171);
INSERT INTO webshop.images (ImageID, Url, ProductID) VALUES (979, "https://i2.rozetka.ua/goods/1965677/sapphire_11266_14_images_1965677618.jpg", 171);
INSERT INTO webshop.comments (CommentID, Nickname, Rating, Message, Date, ProductID) VALUES (424, "Руслан Олексюк", 0, "Добрий день! У мене на даній моделі вийшов із ладу вентилятор, чи можу я у вас замовити ідентичний?", "2017-9-1", 171);
INSERT INTO webshop.comments (CommentID, Nickname, Rating, Message, Date, ProductID) VALUES (425, "Андрей Дробный", 0, "Когда будет в наличии? Хотя бы ориентировочно...", "2017-4-0", 171);
INSERT INTO webshop.comments (CommentID, Nickname, Rating, Message, Date, ProductID) VALUES (426, "Ирина", 0, "Можно ли как то, заказать, точней сказать забронировать 12 таких карт?", "2017-4-0", 171);
-- =====================================================================
INSERT INTO webshop.products (ProductID, ProductTypeID, Title, Description, Price) VALUES (172, 6, "Sapphire PCI-Ex Radeon RX 560 Pulse OC 2GB GDDR5 (128bit) (1226/7000) (DVI, HDMI, DisplayPort) (11267-19-20G)", "Frame Rate Target Control (FRTC) Технология Frame Rate Target Control (FRTC) позволяет настраивать количество кадров в секунду в реальном времени. Эта функция уменьшает потребление графического процессора (полезно для игр, в которых частота кадров намного превышает частоту обновления дисплея), соответственно уменьшая тепловыделение и обороты вентилятора, что дополнительно уменьшает шум видеокарты. Управление частотой кадров ограничивает производительность не только в 3D-сценах, но и в экранных заставках, экранах загрузки и меню, где частота кадров достигает сотен кадров в секунду зачастую без какой-либо необходимости. Пользователи могут установить максимальный уровень ограничения, чтобы избежать нерациональных значений частоты кадров, встречающихся, например, в меню, и при этом извлечь выгоду из времени отклика при частоте свыше 60 кадров в секунду. DirectX 12 DirectX 12 – это новейшая версия графического API от Microsoft, которая обеспечивает разработчикам игр более эффективный доступ к аппаратной части. Разработчики игр могут использовать преимущества DX12 для увеличения количества кадров, улучшения качества изображения, снижение задержек для устройств виртуальной реальности (VR) или на сбалансированное сочетание этих возможностей. Вне зависимости от выбора разработчиков видеокарты от AMD позволяют игрокам получить удовольствие от поддержки DirectX 12. Технология AMD FreeSync Без задержек. Без артефактов. Только игра. Технология AMD FreeSync позволяет совместимым видеокарте и монитору динамически менять FPS для достижения идеальной картинки. Стандартный DisplayPort AMD FreeSync использует использует возможности стандартного протокола DisplayPort Adaptive-Sync для получения плавной смены кадров на мониторе без артефактов и задержек с максимально возможной производительностью и комфортом. AMD FreeSync синхронизирует частоту смены кадров вашего монитора и выводимого изображения вне зависимости от того, насколько они отличаются. Производители мониторов проверяют совместимость с драйверами от AMD. Поддержка AMD XConnect Подключайте и играйте с технологией AMD XConnect. Теперь подключить и использовать внешнюю видеокарту Radeon стало проще, чем когда-либо. Благодаря технологии AMD XConnect, внешнюю видеокарту Radeon можно легко подключать к совместимому ультратонкому ноутбуку или 2-в-1 через Thunderbolt 3 в любое время как обычный USB-накопитель — впервые среди внешних видеокарт! Технология AMD Eyefinity Поддержка многомониторных конфигураций для игр, работы и мультимедийных развлечений. Мы выведем вас за границы обычных мониторов. AMD Eyefinity представляет собой технологию, благодаря которой изображение с одной видеокарты можно вывести на несколько экранов. Это сделает игровой процесс более захватывающим, а рабочий процесс более удобным и эффективным (в среднем 42% и больше в некоторых сценариях). Новый уровень погружения в игру и реалистичности. Современные игры превосходно смотрятся на трех мониторах, но только решения на базе графики AMD Radeon позволят вам играть сразу на пяти. Вы сможете создать свою конфигурацию с использованием до 6 дисплеев одновременно. AMD Crossfire Используй силу нескольких графических процессоров Технология AMD Crossfire предназначена для создания мощных игровых станций с несколькими видеокартами. Она позволяет использовать в одной связке 2 и более видеокарт для достижения высочайшей производительности ПК. AMD Crossfire работает для видеокарт разных ценовых диапазонов. Гибкая настройка позволяет выбирать, сколько видеокарт — две, три или четыре — объединить для создания идеальной системы. Поддержка HDR Поддержка расширенного динамического диапазона (High Dynamic Range, HDR) – настоящая находка для игроманов и киноманов, которые по-настоящему ценят качество изображения. Эта технология позволяет увеличить диапазон оттенков и контраст на совместимых дисплеях. Игры с поддержкой HDR выглядят удивительно ярко и четко по сравнению даже с самой качественным SDR контентом.", 18640);
INSERT INTO webshop.characteristics (CharacteristicID, CharacteristicTypeID, Value, ProductID) VALUES (3359, 1, "PCI-Express x16 3.0", 172);
INSERT INTO webshop.characteristics (CharacteristicID, CharacteristicTypeID, Value, ProductID) VALUES (3360, 2, "1226 МГц", 172);
INSERT INTO webshop.characteristics (CharacteristicID, CharacteristicTypeID, Value, ProductID) VALUES (3361, 16, "5120x2880", 172);
INSERT INTO webshop.characteristics (CharacteristicID, CharacteristicTypeID, Value, ProductID) VALUES (3362, 17, "Активная", 172);
INSERT INTO webshop.characteristics (CharacteristicID, CharacteristicTypeID, Value, ProductID) VALUES (3363, 3, "6 pin", 172);
INSERT INTO webshop.characteristics (CharacteristicID, CharacteristicTypeID, Value, ProductID) VALUES (3364, 4, "DVI DisplayPort HDMI", 172);
INSERT INTO webshop.characteristics (CharacteristicID, CharacteristicTypeID, Value, ProductID) VALUES (3365, 5, "Нет", 172);
INSERT INTO webshop.characteristics (CharacteristicID, CharacteristicTypeID, Value, ProductID) VALUES (3366, 6, "7000 МГц", 172);
INSERT INTO webshop.characteristics (CharacteristicID, CharacteristicTypeID, Value, ProductID) VALUES (3367, 7, "210 x 112 x 36 мм", 172);
INSERT INTO webshop.characteristics (CharacteristicID, CharacteristicTypeID, Value, ProductID) VALUES (3368, 8, "400 Вт", 172);
INSERT INTO webshop.characteristics (CharacteristicID, CharacteristicTypeID, Value, ProductID) VALUES (3369, 9, "RX 560", 172);
INSERT INTO webshop.characteristics (CharacteristicID, CharacteristicTypeID, Value, ProductID) VALUES (3370, 19, "GDDR5", 172);
INSERT INTO webshop.characteristics (CharacteristicID, CharacteristicTypeID, Value, ProductID) VALUES (3371, 20, "36 месяцев", 172);
INSERT INTO webshop.characteristics (CharacteristicID, CharacteristicTypeID, Value, ProductID) VALUES (3372, 21, "1", 172);
INSERT INTO webshop.characteristics (CharacteristicID, CharacteristicTypeID, Value, ProductID) VALUES (3373, 22, "Стандартная", 172);
INSERT INTO webshop.characteristics (CharacteristicID, CharacteristicTypeID, Value, ProductID) VALUES (3374, 12, "128 бит", 172);
INSERT INTO webshop.characteristics (CharacteristicID, CharacteristicTypeID, Value, ProductID) VALUES (3375, 23, "DirectX 12, OpenGL 4.5", 172);
INSERT INTO webshop.characteristics (CharacteristicID, CharacteristicTypeID, Value, ProductID) VALUES (3376, 13, "Есть", 172);
INSERT INTO webshop.characteristics (CharacteristicID, CharacteristicTypeID, Value, ProductID) VALUES (3377, 25, "2 ГБ", 172);
INSERT INTO webshop.characteristics (CharacteristicID, CharacteristicTypeID, Value, ProductID) VALUES (3378, 26, "Вентилятор + радиатор", 172);
INSERT INTO webshop.images (ImageID, Url, ProductID) VALUES (980, "https://i2.rozetka.ua/goods/2257660/copy_sapphire_11267_18_20g_59d5deb133e72_images_2257660195.jpg", 172);
INSERT INTO webshop.images (ImageID, Url, ProductID) VALUES (981, "https://i1.rozetka.ua/goods/2257660/copy_sapphire_11267_18_20g_59d5deb133e72_images_2257660370.jpg", 172);
INSERT INTO webshop.images (ImageID, Url, ProductID) VALUES (982, "https://i2.rozetka.ua/goods/2257660/copy_sapphire_11267_18_20g_59d5deb133e72_images_2257660461.jpg", 172);
INSERT INTO webshop.images (ImageID, Url, ProductID) VALUES (983, "https://i2.rozetka.ua/goods/2257660/copy_sapphire_11267_18_20g_59d5deb133e72_images_2257660566.jpg", 172);
INSERT INTO webshop.comments (CommentID, Nickname, Rating, Message, Date, ProductID) VALUES (427, "Тимофей", 0, "Когда появятся в наличии? Хоть примерно", "2018-0-3", 172);
INSERT INTO webshop.comments (CommentID, Nickname, Rating, Message, Date, ProductID) VALUES (428, "Юлія Нестер", 0, "пойдет ли на Материнська плата ASRock FM2A68M-DG3+", "2018-0-3", 172);
INSERT INTO webshop.comments (CommentID, Nickname, Rating, Message, Date, ProductID) VALUES (429, "Дмитрий Иванин", 0, "будет ли работать на материнской плате Asus M5A78L-M LX3???", "2017-9-6", 172);
-- =====================================================================
INSERT INTO webshop.products (ProductID, ProductTypeID, Title, Description, Price) VALUES (173, 6, "Zotac PCI-Ex GeForce GTX 1050 Mini 2GB GDDR5 (128bit) (1354/7000) (DVI, HDMI, DisplayPort) (ZT-P10500A-10L)", "Zotac GeForce GTX 1050 Mini Приготовьтесь изменить расстановку сил с видеокартами Zotac GeForce GTX 1050 Mini. Спроектированное на основе новой архитектуры NVIDIA Pascal и с использованием технологий Zotac, это одно из самых совершенных игровых графических решений. Лучшая в своем классе производительность, возможность генерации реалистичных миров виртуальной реальности: Zotac GeForce GTX 1050 Mini — это совершенно новый способ играть в компьютерные игры. Идеальная геймерская платформа Графический процессор GeForce GTX 1050 является одним из самых мощных в геймерском классе среднего уровня на сегодняшний момент. Новая микроархитектура Pascal наделяет его потрясающей скоростью, а поддержка самых современных технологий максимально расширяет его функциональность. Производительность Модель GeForce GTX 1050 – это настоящий квантовый скачок в производительности и энергоэффективности современных видеокарт. Созданная на базе современнейших компонентов и технологий, таких как транзисторы FinFET и видеопамять GDDR5, она полностью поддерживает интерфейс программирования DirectX 12, используемый в новом поколении видеоигр. Микроархитектура Pascal Графический процессор GeForce GTX 1050, построенный на базе новейшей архитектуры Pascal, удовлетворяет требованиям дисплеев нового поколения и идеально подходит для мониторов ультравысокого разрешения и мультимониторных конфигураций. Поддерживаемая им технология NVIDIA GameWorks обеспечивает плавный игровой процесс с картинкой кинематографического качества, а также позволяет снимать панорамные 360-градусные скриншоты. Готовы к виртуальной реальности Откройте для себя виртуальную реальность нового поколения: технология Nvidia VRWorks гарантирует высокий уровень производительности и совместимость с лучшими VR-гарнитурами. Утилита FireStorm Полностью переработанная технология FireStorm извлекает максимум производительности из вашей графической карты Zotac. Оптимизированный интерфейс программы предоставляет пользователю доступ к основным настройкам графической карты, таким как регулирование тактовой частоты и скорость вращения вентиляторов охлаждения, а также функциям мониторинга графического процессора.", 5792);
INSERT INTO webshop.characteristics (CharacteristicID, CharacteristicTypeID, Value, ProductID) VALUES (3379, 1, "PCI-Express x16 3.0", 173);
INSERT INTO webshop.characteristics (CharacteristicID, CharacteristicTypeID, Value, ProductID) VALUES (3380, 2, "Базовая: 1354 МГц В режиме разгона: 1455 МГц", 173);
INSERT INTO webshop.characteristics (CharacteristicID, CharacteristicTypeID, Value, ProductID) VALUES (3381, 17, "Активная", 173);
INSERT INTO webshop.characteristics (CharacteristicID, CharacteristicTypeID, Value, ProductID) VALUES (3382, 3, "Нет", 173);
INSERT INTO webshop.characteristics (CharacteristicID, CharacteristicTypeID, Value, ProductID) VALUES (3383, 4, "DVI DisplayPort HDMI", 173);
INSERT INTO webshop.characteristics (CharacteristicID, CharacteristicTypeID, Value, ProductID) VALUES (3384, 5, "Нет", 173);
INSERT INTO webshop.characteristics (CharacteristicID, CharacteristicTypeID, Value, ProductID) VALUES (3385, 6, "7000 МГц", 173);
INSERT INTO webshop.characteristics (CharacteristicID, CharacteristicTypeID, Value, ProductID) VALUES (3386, 7, "144.78 x 111.15 x 35.3 мм", 173);
INSERT INTO webshop.characteristics (CharacteristicID, CharacteristicTypeID, Value, ProductID) VALUES (3387, 8, "300 Вт", 173);
INSERT INTO webshop.characteristics (CharacteristicID, CharacteristicTypeID, Value, ProductID) VALUES (3388, 9, "GeForce GTX 1050", 173);
INSERT INTO webshop.characteristics (CharacteristicID, CharacteristicTypeID, Value, ProductID) VALUES (3389, 19, "GDDR5", 173);
INSERT INTO webshop.characteristics (CharacteristicID, CharacteristicTypeID, Value, ProductID) VALUES (3390, 20, "24 месяца", 173);
INSERT INTO webshop.characteristics (CharacteristicID, CharacteristicTypeID, Value, ProductID) VALUES (3391, 21, "1", 173);
INSERT INTO webshop.characteristics (CharacteristicID, CharacteristicTypeID, Value, ProductID) VALUES (3392, 22, "Мини", 173);
INSERT INTO webshop.characteristics (CharacteristicID, CharacteristicTypeID, Value, ProductID) VALUES (3393, 12, "128 бит", 173);
INSERT INTO webshop.characteristics (CharacteristicID, CharacteristicTypeID, Value, ProductID) VALUES (3394, 23, "DirectX 12, OpenGL 4.5", 173);
INSERT INTO webshop.characteristics (CharacteristicID, CharacteristicTypeID, Value, ProductID) VALUES (3395, 13, "Нет", 173);
INSERT INTO webshop.characteristics (CharacteristicID, CharacteristicTypeID, Value, ProductID) VALUES (3396, 25, "2 ГБ", 173);
INSERT INTO webshop.characteristics (CharacteristicID, CharacteristicTypeID, Value, ProductID) VALUES (3397, 26, "Радиатор + вентилятор", 173);
INSERT INTO webshop.images (ImageID, Url, ProductID) VALUES (984, "https://i2.rozetka.ua/goods/1939711/zotac_zt_p10500a_10l_images_1939711063.jpg", 173);
INSERT INTO webshop.images (ImageID, Url, ProductID) VALUES (985, "https://i2.rozetka.ua/goods/1939713/zotac_zt_p10500a_10l_images_1939713450.jpg", 173);
INSERT INTO webshop.images (ImageID, Url, ProductID) VALUES (986, "https://i1.rozetka.ua/goods/1939713/zotac_zt_p10500a_10l_images_1939713576.jpg", 173);
INSERT INTO webshop.images (ImageID, Url, ProductID) VALUES (987, "https://i1.rozetka.ua/goods/1939713/zotac_zt_p10500a_10l_images_1939713723.jpg", 173);
INSERT INTO webshop.images (ImageID, Url, ProductID) VALUES (988, "https://i1.rozetka.ua/goods/1939713/zotac_zt_p10500a_10l_images_1939713905.jpg", 173);
INSERT INTO webshop.images (ImageID, Url, ProductID) VALUES (989, "https://i1.rozetka.ua/goods/1939714/zotac_zt_p10500a_10l_images_1939714059.jpg", 173);
INSERT INTO webshop.images (ImageID, Url, ProductID) VALUES (990, "https://i2.rozetka.ua/goods/1939714/zotac_zt_p10500a_10l_images_1939714206.jpg", 173);
INSERT INTO webshop.comments (CommentID, Nickname, Rating, Message, Date, ProductID) VALUES (430, "Даня Горбачов", 0, "Сколько с ней и i5 будет фпс в танках?", "2018-1-4", 173);
INSERT INTO webshop.comments (CommentID, Nickname, Rating, Message, Date, ProductID) VALUES (431, "Руслан Жеребков", 5, "Когда появится в наличии? Достоинства: Карточка очень хорошая Недостатки: Нет в наличии..", "2018-0-6", 173);
INSERT INTO webshop.comments (CommentID, Nickname, Rating, Message, Date, ProductID) VALUES (432, "Валера Федьо", 5, "Отличная карта! Взяла 190 mhz по памяти и по ядру работает на 1924 mhz) макс температура 61 градус", "2017-8-2", 173);
-- =====================================================================
INSERT INTO webshop.products (ProductID, ProductTypeID, Title, Description, Price) VALUES (174, 6, "Zotac PCI-Ex GeForce GTX 1060 AMP Edition 6GB GDDR5 (192bit) (1556/8000) (DVI, HDMI, 3 x DisplayPort) (ZT-P10600B-10M)", "Zotac GeForce GTX 1060 AMP Edition Приготовьтесь изменить расстановку сил с видеокартами Zotac GeForce GTX 1060 AMP Edition. Спроектированное на основе новой архитектуры NVIDIA Pascal и с использованием технологий Zotac, это одно из самых совершенных игровых графических решений. Лучшая в своем классе производительность, возможность генерации реалистичных миров виртуальной реальности: Zotac GeForce GTX 1060 AMP Edition — это совершенно новый способ играть в компьютерные игры. Идеальная геймерская платформа Графический процессор GeForce GTX 1060 является одним из самых мощных в геймерском классе среднего уровня на сегодняшний момент. Новая микроархитектура Pascal наделяет его потрясающей скоростью, а поддержка самых современных технологий максимально расширяет его функциональность. Производительность Модель GeForce GTX 1060 – это настоящий квантовый скачок в производительности и энергоэффективности современных видеокарт. Созданная на базе современнейших компонентов и технологий, таких как транзисторы FinFET и видеопамять GDDR5, она полностью поддерживает интерфейс программирования DirectX 12, используемый в новом поколении видеоигр. Микроархитектура Pascal Графический процессор GeForce GTX 1060, построенный на базе новейшей архитектуры Pascal, удовлетворяет требованиям дисплеев нового поколения и идеально подходит для VR-гарнитур, мониторов ультравысокого разрешения и мультимониторных конфигураций. Поддерживаемая им технология NVIDIA GameWorks обеспечивает плавный игровой процесс с картинкой кинематографического качества, а также позволяет снимать панорамные 360-градусные скриншоты. Готовы к виртуальной реальности Откройте для себя виртуальную реальность нового поколения: технология Nvidia VRWorks гарантирует высокий уровень производительности и совместимость с лучшими VR-гарнитурами. Система IceStorm Улучшенное охлаждение за счет меньшей высоты устройства. Конструкция включает пять тепловых трубок различной конфигурации позволяет обеспечить максимальную продуктивность отвода тепла от ядра, которое эффективно рассеивает широкий алюминиевый радиатор. Сверхширокие вентиляторы диаметром 100 мм обеспечивают больший воздушный поток при меньшей скорости вращения и более низком уровне рабочих шумов. Защита Carbon ExoArmor Carbon ExoArmor — это надежная, долговечная и стильная защита для видеокарты и системы охлаждения IceStorm. Улучшенная конструкция панели, которая охватывает заднюю часть платы графического адаптера, и металлический кожух вентилятора, прикрытый карбоновыми элементами, придают видеокарте стильный и завершенный внешний вид. Система подсветки Spectra Spectra — это новая усовершенствованная система подсветки видеокарты. Обновленное приложение FireStorm дает возможность пользователям с легкостью настраивать цвет подсветки передней и задней панелей видеокарты, в соответствии со своими предпочтениями. Идет ли речь об огненно-красном или ледяном синем — с системой Spectra вы всегда сможете придать оформлению видеокарты индивидуальные черты. Система Freeze Каждая видеокарта Zotac GeForce GTX 1060 серии AMP оснащается системой Freeze. Данная технология позволяет значительно снизить нагрузку на вентиляторы охлаждения мощных графических карт и существенно уменьшить уровень их рабочего шума. При отсутствии активности со стороны пользователя, вентиляторы останавливаются, чтобы обеспечить полную тишину. Технология Power Boost Мощностью нужно разумно управлять, Power Boost помогает снизить уровень шумов пульсации и минимизировать флуктуации мощности, что увеличивает срок службы видеокарт серии AMP. Даже в предельных режимах данная технология позволяет поддерживать стабильную работу системы. Утилита FireStorm Полностью переработанная технология FireStorm извлекает максимум производительности из вашей графической карты Zotac. Оптимизированный интерфейс программы предоставляет пользователю доступ к основным настройкам графической карты, таким как регулирование тактовой частоты и скорость вращения вентиляторов охлаждения, а также функциям мониторинга графического процессора.", 12081);
INSERT INTO webshop.characteristics (CharacteristicID, CharacteristicTypeID, Value, ProductID) VALUES (3398, 1, "PCI-Express x16 3.0", 174);
INSERT INTO webshop.characteristics (CharacteristicID, CharacteristicTypeID, Value, ProductID) VALUES (3399, 2, "Базовая: 1556 МГц В режиме разгона: 1771 МГц", 174);
INSERT INTO webshop.characteristics (CharacteristicID, CharacteristicTypeID, Value, ProductID) VALUES (3400, 16, "7680x4320", 174);
INSERT INTO webshop.characteristics (CharacteristicID, CharacteristicTypeID, Value, ProductID) VALUES (3401, 17, "Активная", 174);
INSERT INTO webshop.characteristics (CharacteristicID, CharacteristicTypeID, Value, ProductID) VALUES (3402, 3, "6 pin", 174);
INSERT INTO webshop.characteristics (CharacteristicID, CharacteristicTypeID, Value, ProductID) VALUES (3403, 4, "DVI DisplayPort HDMI", 174);
INSERT INTO webshop.characteristics (CharacteristicID, CharacteristicTypeID, Value, ProductID) VALUES (3404, 5, "Нет", 174);
INSERT INTO webshop.characteristics (CharacteristicID, CharacteristicTypeID, Value, ProductID) VALUES (3405, 6, "8000 МГц", 174);
INSERT INTO webshop.characteristics (CharacteristicID, CharacteristicTypeID, Value, ProductID) VALUES (3406, 7, "210 x 128 мм", 174);
INSERT INTO webshop.characteristics (CharacteristicID, CharacteristicTypeID, Value, ProductID) VALUES (3407, 8, "400 Вт", 174);
INSERT INTO webshop.characteristics (CharacteristicID, CharacteristicTypeID, Value, ProductID) VALUES (3408, 9, "GeForce GTX 1060", 174);
INSERT INTO webshop.characteristics (CharacteristicID, CharacteristicTypeID, Value, ProductID) VALUES (3409, 19, "GDDR5", 174);
INSERT INTO webshop.characteristics (CharacteristicID, CharacteristicTypeID, Value, ProductID) VALUES (3410, 20, "24 месяца", 174);
INSERT INTO webshop.characteristics (CharacteristicID, CharacteristicTypeID, Value, ProductID) VALUES (3411, 21, "1", 174);
INSERT INTO webshop.characteristics (CharacteristicID, CharacteristicTypeID, Value, ProductID) VALUES (3412, 22, "Стандартная", 174);
INSERT INTO webshop.characteristics (CharacteristicID, CharacteristicTypeID, Value, ProductID) VALUES (3413, 12, "192 бит", 174);
INSERT INTO webshop.characteristics (CharacteristicID, CharacteristicTypeID, Value, ProductID) VALUES (3414, 23, "DirectX 12, OpenGL 4.5", 174);
INSERT INTO webshop.characteristics (CharacteristicID, CharacteristicTypeID, Value, ProductID) VALUES (3415, 13, "Нет", 174);
INSERT INTO webshop.characteristics (CharacteristicID, CharacteristicTypeID, Value, ProductID) VALUES (3416, 25, "6 ГБ", 174);
INSERT INTO webshop.characteristics (CharacteristicID, CharacteristicTypeID, Value, ProductID) VALUES (3417, 26, "IceStorm (радиатор + 2 вентилятора 100 мм)", 174);
INSERT INTO webshop.images (ImageID, Url, ProductID) VALUES (991, "https://i1.rozetka.ua/goods/1717404/copy_zotac_zt_p10700c_10p_57c83c15e6e9a_images_1717404812.jpg", 174);
INSERT INTO webshop.images (ImageID, Url, ProductID) VALUES (992, "https://i2.rozetka.ua/goods/1717404/copy_zotac_zt_p10700c_10p_57c83c15e6e9a_images_1717404049.jpg", 174);
INSERT INTO webshop.images (ImageID, Url, ProductID) VALUES (993, "https://i1.rozetka.ua/goods/1717404/copy_zotac_zt_p10700c_10p_57c83c15e6e9a_images_1717404455.jpg", 174);
INSERT INTO webshop.images (ImageID, Url, ProductID) VALUES (994, "https://i2.rozetka.ua/goods/1717405/copy_zotac_zt_p10700c_10p_57c83c15e6e9a_images_1717405057.jpg", 174);
INSERT INTO webshop.images (ImageID, Url, ProductID) VALUES (995, "https://i2.rozetka.ua/goods/1717406/copy_zotac_zt_p10700c_10p_57c83c15e6e9a_images_1717406072.jpg", 174);
INSERT INTO webshop.images (ImageID, Url, ProductID) VALUES (996, "https://i2.rozetka.ua/goods/1717405/copy_zotac_zt_p10700c_10p_57c83c15e6e9a_images_1717405715.jpg", 174);
INSERT INTO webshop.images (ImageID, Url, ProductID) VALUES (997, "https://i2.rozetka.ua/goods/1717405/copy_zotac_zt_p10700c_10p_57c83c15e6e9a_images_1717405372.jpg", 174);
INSERT INTO webshop.comments (CommentID, Nickname, Rating, Message, Date, ProductID) VALUES (433, "Павел Джумыга", 0, "Здравствуйте. Подскажите пожалуйста,будет ли работать эта видеокарта со старенькой p5q se plus на p45 в паре с процессором q6600 ?", "2018-0-0", 174);
INSERT INTO webshop.comments (CommentID, Nickname, Rating, Message, Date, ProductID) VALUES (434, "danilasargan", 0, "Как не крути,но зотак не умеют делать красивые видеокарты. А ведь у кого-то корпус со стеклянной стенкой и красота кожуха является для него не последним делом", "2017-9-1", 174);
INSERT INTO webshop.comments (CommentID, Nickname, Rating, Message, Date, ProductID) VALUES (435, "Сергей Жмурский", 5, "Мне сегодня пришла данная видеокарта, брал её когда не было msi версии, да и к тому же она была самая дешевая среди 6-гигабайтных версий, почитав отзывы увидел что видеокарта довольно таки производительная и уступает старшим своим ”братьям” на пару кадров всего лишь, единственный минус этой... Еще видеокарты это её температура, которую я устранил путем ручной настройки кулеров.. Без настройки в гта 5 и PUBG была температура 75-77 градусов, при этом вентеляторы крутились на 50%, увеличил до 80% и в итоге получилась температура примерно 60-65 градусов, что довольно таки неплохо и пока что я всем доволен... Достоинства: Не больших размеров, производительная, тихая.. Недостатки: Температура, гарантия 24 месяца", "2017-8-2", 174);
-- =====================================================================
INSERT INTO webshop.products (ProductID, ProductTypeID, Title, Description, Price) VALUES (175, 6, "Zotac PCI-Ex GeForce GTX 1060 3GB GDDR5 (192bit) (1506/8000) (DVI, HDMI, 3 x DisplayPort) (ZT-P10610A-10L)", "Zotac GeForce GTX 1060 Приготовьтесь изменить расстановку сил с видеокартами Zotac GeForce GTX 1060. Спроектированное на основе новой архитектуры NVIDIA Pascal и с использованием технологий Zotac, это одно из самых совершенных игровых графических решений. Лучшая в своем классе производительность, возможность генерации реалистичных миров виртуальной реальности: Zotac GeForce GTX 1060 — это совершенно новый способ играть в компьютерные игры. Идеальная геймерская платформа Графический процессор GeForce GTX 1060 является одним из самых мощных в геймерском классе среднего уровня на сегодняшний момент. Новая микроархитектура Pascal наделяет его потрясающей скоростью, а поддержка самых современных технологий максимально расширяет его функциональность. Производительность Модель GeForce GTX 1060 – это настоящий квантовый скачок в производительности и энергоэффективности современных видеокарт. Созданная на базе современнейших компонентов и технологий, таких как транзисторы FinFET и видеопамять GDDR5, она полностью поддерживает интерфейс программирования DirectX 12, используемый в новом поколении видеоигр. Микроархитектура Pascal Графический процессор GeForce GTX 1060, построенный на базе новейшей архитектуры Pascal, удовлетворяет требованиям дисплеев нового поколения и идеально подходит для VR-гарнитур, мониторов ультравысокого разрешения и мультимониторных конфигураций. Поддерживаемая им технология NVIDIA GameWorks обеспечивает плавный игровой процесс с картинкой кинематографического качества, а также позволяет снимать панорамные 360-градусные скриншоты. Готовы к виртуальной реальности Откройте для себя новый уровень производительности систем виртуальной реальности, минимальный уровень задержек и совместимость (plug-and-play) наиболее популярных средств отображения благодаря использованию технологий NVIDIA VRWorks. Аудио, эмуляция физических взаимодействий и тактильная отдача помогут вам услышать и почувствовать все виртуальные события. Сверхкомпактные решения Благодаря компактной конструкции подходят для оснащения 99% систем. Нет нужды беспокоиться: поместится ли графическая карта в корпус? Охлаждение Специально спроектированный круговой алюминиевый радиатор Непосредственный контакт с чипом графического процессора Равномерное распределение тепла от центра к внешнему краю Медный теплопроводящий блок Две медные тепловые трубки диаметром 6 мм Утилита FireStorm Полностью переработанная технология FireStorm извлекает максимум производительности из вашей графической карты Zotac. Оптимизированный интерфейс программы предоставляет пользователю доступ к основным настройкам графической карты, таким как регулирование тактовой частоты и скорость вращения вентиляторов охлаждения, а также функциям мониторинга графического процессора.", 4548);
INSERT INTO webshop.characteristics (CharacteristicID, CharacteristicTypeID, Value, ProductID) VALUES (3418, 1, "PCI-Express x16 3.0", 175);
INSERT INTO webshop.characteristics (CharacteristicID, CharacteristicTypeID, Value, ProductID) VALUES (3419, 2, "Базовая: 1506 МГц В режиме разгона: 1708 МГц", 175);
INSERT INTO webshop.characteristics (CharacteristicID, CharacteristicTypeID, Value, ProductID) VALUES (3420, 16, "7680x4320", 175);
INSERT INTO webshop.characteristics (CharacteristicID, CharacteristicTypeID, Value, ProductID) VALUES (3421, 17, "Активная", 175);
INSERT INTO webshop.characteristics (CharacteristicID, CharacteristicTypeID, Value, ProductID) VALUES (3422, 3, "6 pin", 175);
INSERT INTO webshop.characteristics (CharacteristicID, CharacteristicTypeID, Value, ProductID) VALUES (3423, 4, "DVI DisplayPort HDMI", 175);
INSERT INTO webshop.characteristics (CharacteristicID, CharacteristicTypeID, Value, ProductID) VALUES (3424, 5, "Нет", 175);
INSERT INTO webshop.characteristics (CharacteristicID, CharacteristicTypeID, Value, ProductID) VALUES (3425, 6, "8000 МГц", 175);
INSERT INTO webshop.characteristics (CharacteristicID, CharacteristicTypeID, Value, ProductID) VALUES (3426, 7, "174 x 111.15 мм", 175);
INSERT INTO webshop.characteristics (CharacteristicID, CharacteristicTypeID, Value, ProductID) VALUES (3427, 8, "400 Вт", 175);
INSERT INTO webshop.characteristics (CharacteristicID, CharacteristicTypeID, Value, ProductID) VALUES (3428, 9, "GeForce GTX 1060", 175);
INSERT INTO webshop.characteristics (CharacteristicID, CharacteristicTypeID, Value, ProductID) VALUES (3429, 19, "GDDR5", 175);
INSERT INTO webshop.characteristics (CharacteristicID, CharacteristicTypeID, Value, ProductID) VALUES (3430, 20, "24 месяца", 175);
INSERT INTO webshop.characteristics (CharacteristicID, CharacteristicTypeID, Value, ProductID) VALUES (3431, 21, "1", 175);
INSERT INTO webshop.characteristics (CharacteristicID, CharacteristicTypeID, Value, ProductID) VALUES (3432, 22, "Мини", 175);
INSERT INTO webshop.characteristics (CharacteristicID, CharacteristicTypeID, Value, ProductID) VALUES (3433, 12, "192 бит", 175);
INSERT INTO webshop.characteristics (CharacteristicID, CharacteristicTypeID, Value, ProductID) VALUES (3434, 23, "DirectX 12, OpenGL 4.5", 175);
INSERT INTO webshop.characteristics (CharacteristicID, CharacteristicTypeID, Value, ProductID) VALUES (3435, 13, "Нет", 175);
INSERT INTO webshop.characteristics (CharacteristicID, CharacteristicTypeID, Value, ProductID) VALUES (3436, 25, "3 ГБ", 175);
INSERT INTO webshop.characteristics (CharacteristicID, CharacteristicTypeID, Value, ProductID) VALUES (3437, 26, "Радиатор + вентилятор 90 мм", 175);
INSERT INTO webshop.images (ImageID, Url, ProductID) VALUES (998, "https://i1.rozetka.ua/goods/1772413/zotac_zt_p10610a_10l_images_1772413616.jpg", 175);
INSERT INTO webshop.images (ImageID, Url, ProductID) VALUES (999, "https://i1.rozetka.ua/goods/1772413/zotac_zt_p10610a_10l_images_1772413161.jpg", 175);
INSERT INTO webshop.images (ImageID, Url, ProductID) VALUES (1000, "https://i2.rozetka.ua/goods/1772413/zotac_zt_p10610a_10l_images_1772413252.jpg", 175);
INSERT INTO webshop.images (ImageID, Url, ProductID) VALUES (1001, "https://i1.rozetka.ua/goods/1772413/zotac_zt_p10610a_10l_images_1772413343.jpg", 175);
INSERT INTO webshop.images (ImageID, Url, ProductID) VALUES (1002, "https://i2.rozetka.ua/goods/1772413/zotac_zt_p10610a_10l_images_1772413525.jpg", 175);
INSERT INTO webshop.images (ImageID, Url, ProductID) VALUES (1003, "https://i2.rozetka.ua/goods/1772413/zotac_zt_p10610a_10l_images_1772413707.jpg", 175);
INSERT INTO webshop.images (ImageID, Url, ProductID) VALUES (1004, "https://i1.rozetka.ua/goods/1772413/zotac_zt_p10610a_10l_images_1772413434.jpg", 175);
INSERT INTO webshop.comments (CommentID, Nickname, Rating, Message, Date, ProductID) VALUES (436, "павел", 0, "у меня i5 2500 3.3 Скажите есть ли смысл брать эту или проц слабый и лучше 1050ti подойдет?", "2018-1-2", 175);
INSERT INTO webshop.comments (CommentID, Nickname, Rating, Message, Date, ProductID) VALUES (437, "Данил", 5, "Купил эту видюху год назад. Достоинства: Для i5 - 4670 3,4Hz самое то. Думаю с процессорами 5,6 поколения будет отлично. Недостатки: Отдельное питание, хотя вопрос решился переходником молекс-6пин", "2018-1-5", 175);
INSERT INTO webshop.comments (CommentID, Nickname, Rating, Message, Date, ProductID) VALUES (438, "Тарас Попадич", 5, "Підскажіть будь ласка скільки фпс видасть карта даного типу в варфейс Достоинства: Хочу купити", "2018-0-1", 175);
-- =====================================================================
INSERT INTO webshop.products (ProductID, ProductTypeID, Title, Description, Price) VALUES (176, 6, "Zotac PCI-Ex GeForce GTX 1060 AMP Edition 3GB GDDR5 (192bit) (1582/8008) (DVI, HDMI, 3 x DisplayPort) (ZT-P10610E-10M)", "Zotac GeForce GTX 1060 AMP Edition Приготовьтесь изменить расстановку сил с видеокартами Zotac GeForce GTX 1060 AMP Edition. Спроектированное на основе новой архитектуры NVIDIA Pascal и с использованием технологий Zotac, это одно из самых совершенных игровых графических решений. Лучшая в своем классе производительность, возможность генерации реалистичных миров виртуальной реальности: Zotac GeForce GTX 1060 AMP Edition — это совершенно новый способ играть в компьютерные игры. Идеальная геймерская платформа Графический процессор GeForce GTX 1060 является одним из самых мощных в геймерском классе среднего уровня на сегодняшний момент. Новая микроархитектура Pascal наделяет его потрясающей скоростью, а поддержка самых современных технологий максимально расширяет его функциональность. Производительность Модель GeForce GTX 1060 – это настоящий квантовый скачок в производительности и энергоэффективности современных видеокарт. Созданная на базе современнейших компонентов и технологий, таких как транзисторы FinFET и видеопамять GDDR5, она полностью поддерживает интерфейс программирования DirectX 12, используемый в новом поколении видеоигр. Микроархитектура Pascal Графический процессор GeForce GTX 1060, построенный на базе новейшей архитектуры Pascal, удовлетворяет требованиям дисплеев нового поколения и идеально подходит для VR-гарнитур, мониторов ультравысокого разрешения и мультимониторных конфигураций. Поддерживаемая им технология NVIDIA GameWorks обеспечивает плавный игровой процесс с картинкой кинематографического качества, а также позволяет снимать панорамные 360-градусные скриншоты. Готовы к виртуальной реальности Откройте для себя виртуальную реальность нового поколения: технология Nvidia VRWorks гарантирует высокий уровень производительности и совместимость с лучшими VR-гарнитурами. Система IceStorm Улучшенное охлаждение за счет меньшей высоты устройства. Конструкция включает пять тепловых трубок различной конфигурации позволяет обеспечить максимальную продуктивность отвода тепла от ядра, которое эффективно рассеивает широкий алюминиевый радиатор. Сверхширокие вентиляторы диаметром 100 мм обеспечивают больший воздушный поток при меньшей скорости вращения и более низком уровне рабочих шумов. Защита Carbon ExoArmor Carbon ExoArmor — это надежная, долговечная и стильная защита для видеокарты и системы охлаждения IceStorm. Улучшенная конструкция панели, которая охватывает заднюю часть платы графического адаптера, и металлический кожух вентилятора, прикрытый карбоновыми элементами, придают видеокарте стильный и завершенный внешний вид. Система подсветки Spectra Spectra — это новая усовершенствованная система подсветки видеокарты. Обновленное приложение FireStorm дает возможность пользователям с легкостью настраивать цвет подсветки передней и задней панелей видеокарты, в соответствии со своими предпочтениями. Идет ли речь об огненно-красном или ледяном синем — с системой Spectra вы всегда сможете придать оформлению видеокарты индивидуальные черты. Система Freeze Каждая видеокарта Zotac GeForce GTX 1060 серии AMP оснащается системой Freeze. Данная технология позволяет значительно снизить нагрузку на вентиляторы охлаждения мощных графических карт и существенно уменьшить уровень их рабочего шума. При отсутствии активности со стороны пользователя, вентиляторы останавливаются, чтобы обеспечить полную тишину. Технология Power Boost Мощностью нужно разумно управлять, Power Boost помогает снизить уровень шумов пульсации и минимизировать флуктуации мощности, что увеличивает срок службы видеокарт серии AMP. Даже в предельных режимах данная технология позволяет поддерживать стабильную работу системы. Утилита FireStorm Полностью переработанная технология FireStorm извлекает максимум производительности из вашей графической карты Zotac. Оптимизированный интерфейс программы предоставляет пользователю доступ к основным настройкам графической карты, таким как регулирование тактовой частоты и скорость вращения вентиляторов охлаждения, а также функциям мониторинга графического процессора.", 6917);
INSERT INTO webshop.characteristics (CharacteristicID, CharacteristicTypeID, Value, ProductID) VALUES (3438, 1, "PCI-Express x16 3.0", 176);
INSERT INTO webshop.characteristics (CharacteristicID, CharacteristicTypeID, Value, ProductID) VALUES (3439, 2, "Базовая: 1582 МГц В режиме разгона: 1797 МГц", 176);
INSERT INTO webshop.characteristics (CharacteristicID, CharacteristicTypeID, Value, ProductID) VALUES (3440, 16, "7680x4320", 176);
INSERT INTO webshop.characteristics (CharacteristicID, CharacteristicTypeID, Value, ProductID) VALUES (3441, 17, "Активная", 176);
INSERT INTO webshop.characteristics (CharacteristicID, CharacteristicTypeID, Value, ProductID) VALUES (3442, 3, "6 pin", 176);
INSERT INTO webshop.characteristics (CharacteristicID, CharacteristicTypeID, Value, ProductID) VALUES (3443, 4, "DVI DisplayPort HDMI", 176);
INSERT INTO webshop.characteristics (CharacteristicID, CharacteristicTypeID, Value, ProductID) VALUES (3444, 5, "Нет", 176);
INSERT INTO webshop.characteristics (CharacteristicID, CharacteristicTypeID, Value, ProductID) VALUES (3445, 6, "8008 МГц", 176);
INSERT INTO webshop.characteristics (CharacteristicID, CharacteristicTypeID, Value, ProductID) VALUES (3446, 7, "206 x 111.5 мм", 176);
INSERT INTO webshop.characteristics (CharacteristicID, CharacteristicTypeID, Value, ProductID) VALUES (3447, 8, "400 Вт", 176);
INSERT INTO webshop.characteristics (CharacteristicID, CharacteristicTypeID, Value, ProductID) VALUES (3448, 9, "GeForce GTX 1060", 176);
INSERT INTO webshop.characteristics (CharacteristicID, CharacteristicTypeID, Value, ProductID) VALUES (3449, 19, "GDDR5", 176);
INSERT INTO webshop.characteristics (CharacteristicID, CharacteristicTypeID, Value, ProductID) VALUES (3450, 20, "24 месяца", 176);
INSERT INTO webshop.characteristics (CharacteristicID, CharacteristicTypeID, Value, ProductID) VALUES (3451, 21, "1", 176);
INSERT INTO webshop.characteristics (CharacteristicID, CharacteristicTypeID, Value, ProductID) VALUES (3452, 22, "Стандартная", 176);
INSERT INTO webshop.characteristics (CharacteristicID, CharacteristicTypeID, Value, ProductID) VALUES (3453, 12, "192 бит", 176);
INSERT INTO webshop.characteristics (CharacteristicID, CharacteristicTypeID, Value, ProductID) VALUES (3454, 23, "DirectX 12, OpenGL 4.5", 176);
INSERT INTO webshop.characteristics (CharacteristicID, CharacteristicTypeID, Value, ProductID) VALUES (3455, 13, "Нет", 176);
INSERT INTO webshop.characteristics (CharacteristicID, CharacteristicTypeID, Value, ProductID) VALUES (3456, 25, "3 ГБ", 176);
INSERT INTO webshop.characteristics (CharacteristicID, CharacteristicTypeID, Value, ProductID) VALUES (3457, 26, "IceStorm (радиатор + 2 вентилятора 100 мм)", 176);
INSERT INTO webshop.images (ImageID, Url, ProductID) VALUES (1005, "https://i1.rozetka.ua/goods/1867491/zotac_zt_p10610e_10m_images_1867491842.jpg", 176);
INSERT INTO webshop.images (ImageID, Url, ProductID) VALUES (1006, "https://i2.rozetka.ua/goods/1867492/zotac_zt_p10610e_10m_images_1867492388.jpg", 176);
INSERT INTO webshop.images (ImageID, Url, ProductID) VALUES (1007, "https://i2.rozetka.ua/goods/1867492/zotac_zt_p10610e_10m_images_1867492232.jpg", 176);
INSERT INTO webshop.images (ImageID, Url, ProductID) VALUES (1008, "https://i2.rozetka.ua/goods/1867491/zotac_zt_p10610e_10m_images_1867491998.jpg", 176);
INSERT INTO webshop.images (ImageID, Url, ProductID) VALUES (1009, "https://i2.rozetka.ua/goods/1867491/zotac_zt_p10610e_10m_images_1867491920.jpg", 176);
INSERT INTO webshop.images (ImageID, Url, ProductID) VALUES (1010, "https://i2.rozetka.ua/goods/1867491/zotac_zt_p10610e_10m_images_1867491140.jpg", 176);
INSERT INTO webshop.images (ImageID, Url, ProductID) VALUES (1011, "https://i2.rozetka.ua/goods/1867492/zotac_zt_p10610e_10m_images_1867492904.jpg", 176);
INSERT INTO webshop.comments (CommentID, Nickname, Rating, Message, Date, ProductID) VALUES (439, "Віталій Боднарчук", 0, "за таку ціну недоліків багато Достоинства: фпс Відьмак 3. 60-запрредельна графіка Недостатки: Гріеться б 75", "2018-0-5", 176);
INSERT INTO webshop.comments (CommentID, Nickname, Rating, Message, Date, ProductID) VALUES (440, "Max Light", 5, "Карта просто бомба. Взял себе 6 шт. Все попались с Самсунгом. По зэку со стабильным разгоном (150/500) даёт 1720-1740 солёных. По эфиру вообще бомба. Стильные 25 Mh/s даёт при +100/700. Больше гнать не пробовал, дальше уже рискованно. В сумме с 6 карт 150 стабильно на эфире. Карты тихие и... Еще компактные. Очень доволен покупкой. Достоинства: Тихие. Гонятся хорошо Недостатки: Нет", "2018-0-0", 176);
INSERT INTO webshop.comments (CommentID, Nickname, Rating, Message, Date, ProductID) VALUES (441, "Андрей", 3, "Взял себе 2 штуки для майнинга. Память попалась хюникс, поискал в интернете и практически все эти карты идут на хюниксе. Для эфира не очень 20мх /ч, это потолок на который можно рассчитывать (ядро + 100, память +730). По зеку 295 сол дает спокойно (ядро + 160, память + 600), больше - начинают... Еще вылетать драйвера. В принципе карта на свои деньги полностью отвечает. Думаю для игр хороший вариант, для майнинга так себе. Достоинства: не дорогая, тихая Недостатки: память", "2018-0-4", 176);
-- =====================================================================
INSERT INTO webshop.products (ProductID, ProductTypeID, Title, Description, Price) VALUES (177, 6, "Zotac PCI-Ex GeForce GTX 1070 Mini 8GB GDDR5 (256bit) (1518/8008) (DVI, HDMI, 3 x DisplayPort) (ZT-P10700G-10M)", "NVIDIA GeForce GTX 1070 — одна из самых технически продвинутых игровых видеокарт на планете, на сегодняшний день. Самое совершенное графическое решение на сегодняшний день. Построенная на базе архитектуры NVIDIA Pascal, эта революционная видеокарта демонстрирует невероятно высокий уровень производительности, поддерживает самые современные игровые технологии и приложения для виртуальной реальности. Производительность Графические процессоры серии GeForce GTX 1070 выполнены на основе молниеносно быстрых транзисторов типа FinFET и с применением высокоскоростных технологий передачи данных. Они поддерживают функции библиотеки DirectX 12, что позволяет им показывать максимальную производительность и энергоэффективность при работе с современными играми. Самые современные игровые технологии Видеокарты серии GeForce GTX 1070 созданы с учетом требований, которые предъявляют к графической подсистеме дисплеи нового поколения, а также средства отображения виртуальной реальности, мониторы сверхвысокого разрешения и мультимониторные конфигурации. Они поддерживают технологии NVIDIA GameWorks, позволяющие добиться максимально плавной передачи движения и кинематографического качества изображения, а также революционную методику панорамного захвата 360-градусного изображения для виртуальной реальности. Готовы к виртуальной реальности Откройте для себя новый уровень производительности систем виртуальной реальности, минимальный уровень задержек и совместимость (plug-and-play) наиболее популярных средств отображения благодаря использованию технологий NVIDIA VRWorks. Аудио, эмуляция физических взаимодействий и тактильная отдача помогут вам услышать и почувствовать все виртуальные события.", 12188);
INSERT INTO webshop.characteristics (CharacteristicID, CharacteristicTypeID, Value, ProductID) VALUES (3458, 1, "PCI-Express x16 3.0", 177);
INSERT INTO webshop.characteristics (CharacteristicID, CharacteristicTypeID, Value, ProductID) VALUES (3459, 2, "Базовая: 1518 МГц В режиме разгона: 1708 МГц", 177);
INSERT INTO webshop.characteristics (CharacteristicID, CharacteristicTypeID, Value, ProductID) VALUES (3460, 16, "7680x4320", 177);
INSERT INTO webshop.characteristics (CharacteristicID, CharacteristicTypeID, Value, ProductID) VALUES (3461, 17, "Активная", 177);
INSERT INTO webshop.characteristics (CharacteristicID, CharacteristicTypeID, Value, ProductID) VALUES (3462, 3, "8 pin", 177);
INSERT INTO webshop.characteristics (CharacteristicID, CharacteristicTypeID, Value, ProductID) VALUES (3463, 4, "DVI DisplayPort HDMI", 177);
INSERT INTO webshop.characteristics (CharacteristicID, CharacteristicTypeID, Value, ProductID) VALUES (3464, 5, "Есть", 177);
INSERT INTO webshop.characteristics (CharacteristicID, CharacteristicTypeID, Value, ProductID) VALUES (3465, 6, "8008 МГц", 177);
INSERT INTO webshop.characteristics (CharacteristicID, CharacteristicTypeID, Value, ProductID) VALUES (3466, 7, "210 x 122 мм", 177);
INSERT INTO webshop.characteristics (CharacteristicID, CharacteristicTypeID, Value, ProductID) VALUES (3467, 8, "500 Вт", 177);
INSERT INTO webshop.characteristics (CharacteristicID, CharacteristicTypeID, Value, ProductID) VALUES (3468, 9, "GeForce GTX 1070", 177);
INSERT INTO webshop.characteristics (CharacteristicID, CharacteristicTypeID, Value, ProductID) VALUES (3469, 19, "GDDR5", 177);
INSERT INTO webshop.characteristics (CharacteristicID, CharacteristicTypeID, Value, ProductID) VALUES (3470, 20, "24 месяца", 177);
INSERT INTO webshop.characteristics (CharacteristicID, CharacteristicTypeID, Value, ProductID) VALUES (3471, 21, "1", 177);
INSERT INTO webshop.characteristics (CharacteristicID, CharacteristicTypeID, Value, ProductID) VALUES (3472, 22, "Мини", 177);
INSERT INTO webshop.characteristics (CharacteristicID, CharacteristicTypeID, Value, ProductID) VALUES (3473, 12, "256 бит", 177);
INSERT INTO webshop.characteristics (CharacteristicID, CharacteristicTypeID, Value, ProductID) VALUES (3474, 23, "DirectX 12, OpenGL 4.5", 177);
INSERT INTO webshop.characteristics (CharacteristicID, CharacteristicTypeID, Value, ProductID) VALUES (3475, 13, "Нет", 177);
INSERT INTO webshop.characteristics (CharacteristicID, CharacteristicTypeID, Value, ProductID) VALUES (3476, 25, "8 ГБ", 177);
INSERT INTO webshop.characteristics (CharacteristicID, CharacteristicTypeID, Value, ProductID) VALUES (3477, 26, "Dual-fan IceStorm", 177);
INSERT INTO webshop.images (ImageID, Url, ProductID) VALUES (1012, "https://i2.rozetka.ua/goods/1867435/zotac_zt_p10700g_10m_images_1867435556.jpg", 177);
INSERT INTO webshop.images (ImageID, Url, ProductID) VALUES (1013, "https://i1.rozetka.ua/goods/1867436/zotac_zt_p10700g_10m_images_1867436210.jpg", 177);
INSERT INTO webshop.images (ImageID, Url, ProductID) VALUES (1014, "https://i2.rozetka.ua/goods/1867436/zotac_zt_p10700g_10m_images_1867436534.jpg", 177);
INSERT INTO webshop.images (ImageID, Url, ProductID) VALUES (1015, "https://i2.rozetka.ua/goods/1867436/zotac_zt_p10700g_10m_images_1867436780.jpg", 177);
INSERT INTO webshop.images (ImageID, Url, ProductID) VALUES (1016, "https://i1.rozetka.ua/goods/1867436/zotac_zt_p10700g_10m_images_1867436966.jpg", 177);
INSERT INTO webshop.images (ImageID, Url, ProductID) VALUES (1017, "https://i2.rozetka.ua/goods/1867437/zotac_zt_p10700g_10m_images_1867437110.jpg", 177);
INSERT INTO webshop.images (ImageID, Url, ProductID) VALUES (1018, "https://i1.rozetka.ua/goods/1867437/zotac_zt_p10700g_10m_images_1867437308.jpg", 177);
INSERT INTO webshop.comments (CommentID, Nickname, Rating, Message, Date, ProductID) VALUES (442, "ярослав", 5, "память микрон, стабильный (furmark) разгон (afterburner) +225 по ядру, +475 по памяти mining в домашнем компьютере (одна видеокарта): фактические частоты с бустом в стоке : zcash 410-417 (core 1759, mem 3802) eth 26,3-26,6 (core 1823, mem 3802) ... Еще Теапература 70с, вентилятор 40% в разгоне +225 по ядру, +475 по памяти : zcash 443-467 (core 1924, mem 4277) eth 29,99-30,16 (core 2025, mem 4277) Теапература 72с, вентилятор 43% Достоинства: 1070 Недостатки: память микрон", "2017-7-1", 177);
INSERT INTO webshop.comments (CommentID, Nickname, Rating, Message, Date, ProductID) VALUES (443, "Владимир Третьяк", 0, "Здравствуйте. Будет ли работать на материнке ASUS M5A99FX PRO R2 с процессором AMD FX 9590 8-Core?", "2017-7-0", 177);
INSERT INTO webshop.comments (CommentID, Nickname, Rating, Message, Date, ProductID) VALUES (444, "Жидик Євген", 5, "Будет ли нормально работать с i5 7500?", "2017-6-4", 177);
-- =====================================================================
INSERT INTO webshop.products (ProductID, ProductTypeID, Title, Description, Price) VALUES (178, 6, "Zotac PCI-Ex GeForce GTX 1080 Ti Founders Edition 11GB GDDR5X (352bit) (1480/11000) (HDMI, 3 x DisplayPort) (ZT-P10810A-10P)", "NVIDIA GeForce GTX 1080 Ti — самая технически продвинутая игровая видеокарта на планете, на сегодняшний день. Видеокарта NVIDIA GTX 1080 Ti основана на новой архитектуре Pascal, а также имеет на борту 11 ГБ высокопроизводительной памяти GDDR5X. Поддерживает предельно высокое разрешение экрана! Next-Gen Gaming Technologies — NVIDIA Pascal GeForce GTX 1080 Ti использует мощь Pascal для удовлетворения требований новейших дисплеев, а также VR, ультравысокого разрешения, в том числе с несколькими мониторами. Графический процессор, исполнен по 16-нанометровой технологи FinFET и содержит 3584 CUDA-блоков. VR Ready! Откройте для себя виртуальную реальность нового поколения, минимальные задержки и совместимость (Plug-and-Play) с лучшими VR-гарнитурами – все это благодаря технологиям NVIDIA VRWorks. Звуковое сопровождение, физика и тактильные ощущения в VR позволят вам прочувствовать каждый момент игрового процесса. Инновационный дизайн NVIDIA GeForce GTX 1080 Ti не оставляет в стороне внешний вид и предлагает новую конструкцию. Теперь видеокарта выглядит более агрессивной и строгой, по сравнению с предшественниками референсных решений, что соответствует ее производительности. Также усовершенствована конструкция испарительной камеры, для еще большей теплоотдачи. Большой радиаторный блок вместе с вентилятором центробежного типа удаляют тепло за пределы корпуса. Технология Ansel Технология Ansel была разработана, чтобы предложить вам инструменты, которые упростят создание прекрасных снимков в видеоиграх, как если бы вы использовали настоящую камеру. Ansel еще больше расширяет границы возможного, позволяя записывать изображение в стерео формате с обзором 360 градусов. Делайте снимки с любой точки обзора, редактируйте их с помощью фильтров постобработки, записывайте HDR изображения в высоком разрешении и просматривайте их с углом обзора 360 градусов с помощью смартфона, ПК или гарнитуры виртуальной реальности.", 479);
INSERT INTO webshop.characteristics (CharacteristicID, CharacteristicTypeID, Value, ProductID) VALUES (3478, 1, "PCI-Express x16 3.0", 178);
INSERT INTO webshop.characteristics (CharacteristicID, CharacteristicTypeID, Value, ProductID) VALUES (3479, 2, "Базовая: 1480 МГц В режиме разгона: 1582 МГц", 178);
INSERT INTO webshop.characteristics (CharacteristicID, CharacteristicTypeID, Value, ProductID) VALUES (3480, 16, "7680x4320", 178);
INSERT INTO webshop.characteristics (CharacteristicID, CharacteristicTypeID, Value, ProductID) VALUES (3481, 17, "Активная", 178);
INSERT INTO webshop.characteristics (CharacteristicID, CharacteristicTypeID, Value, ProductID) VALUES (3482, 3, "6 + 8 pin", 178);
INSERT INTO webshop.characteristics (CharacteristicID, CharacteristicTypeID, Value, ProductID) VALUES (3483, 4, "DisplayPort HDMI", 178);
INSERT INTO webshop.characteristics (CharacteristicID, CharacteristicTypeID, Value, ProductID) VALUES (3484, 5, "Есть", 178);
INSERT INTO webshop.characteristics (CharacteristicID, CharacteristicTypeID, Value, ProductID) VALUES (3485, 6, "11 ГГц", 178);
INSERT INTO webshop.characteristics (CharacteristicID, CharacteristicTypeID, Value, ProductID) VALUES (3486, 7, "266.7 x 111.15 x 38.1 мм", 178);
INSERT INTO webshop.characteristics (CharacteristicID, CharacteristicTypeID, Value, ProductID) VALUES (3487, 8, "600 Вт", 178);
INSERT INTO webshop.characteristics (CharacteristicID, CharacteristicTypeID, Value, ProductID) VALUES (3488, 9, "GeForce GTX 1080 Ti", 178);
INSERT INTO webshop.characteristics (CharacteristicID, CharacteristicTypeID, Value, ProductID) VALUES (3489, 19, "GDDR5X", 178);
INSERT INTO webshop.characteristics (CharacteristicID, CharacteristicTypeID, Value, ProductID) VALUES (3490, 20, "36 месяцев", 178);
INSERT INTO webshop.characteristics (CharacteristicID, CharacteristicTypeID, Value, ProductID) VALUES (3491, 21, "1", 178);
INSERT INTO webshop.characteristics (CharacteristicID, CharacteristicTypeID, Value, ProductID) VALUES (3492, 22, "Стандартная", 178);
INSERT INTO webshop.characteristics (CharacteristicID, CharacteristicTypeID, Value, ProductID) VALUES (3493, 12, "352 бит", 178);
INSERT INTO webshop.characteristics (CharacteristicID, CharacteristicTypeID, Value, ProductID) VALUES (3494, 23, "DirectX 12, OpenGL 4.5", 178);
INSERT INTO webshop.characteristics (CharacteristicID, CharacteristicTypeID, Value, ProductID) VALUES (3495, 13, "Нет", 178);
INSERT INTO webshop.characteristics (CharacteristicID, CharacteristicTypeID, Value, ProductID) VALUES (3496, 25, "11 ГБ", 178);
INSERT INTO webshop.characteristics (CharacteristicID, CharacteristicTypeID, Value, ProductID) VALUES (3497, 26, "Радиатор с испарительной камерой + турбина", 178);
INSERT INTO webshop.images (ImageID, Url, ProductID) VALUES (1019, "https://i1.rozetka.ua/goods/1990253/zotac_zt_p10810a_10l_images_1990253150.jpg", 178);
INSERT INTO webshop.images (ImageID, Url, ProductID) VALUES (1020, "https://i1.rozetka.ua/goods/1990253/zotac_zt_p10810a_10l_images_1990253390.jpg", 178);
INSERT INTO webshop.images (ImageID, Url, ProductID) VALUES (1021, "https://i1.rozetka.ua/goods/1990253/zotac_zt_p10810a_10l_images_1990253588.jpg", 178);
INSERT INTO webshop.images (ImageID, Url, ProductID) VALUES (1022, "https://i2.rozetka.ua/goods/1990253/zotac_zt_p10810a_10l_images_1990253744.jpg", 178);
INSERT INTO webshop.images (ImageID, Url, ProductID) VALUES (1023, "https://i2.rozetka.ua/goods/1990253/zotac_zt_p10810a_10l_images_1990253852.jpg", 178);
INSERT INTO webshop.images (ImageID, Url, ProductID) VALUES (1024, "https://i2.rozetka.ua/goods/1990253/zotac_zt_p10810a_10l_images_1990253966.jpg", 178);
INSERT INTO webshop.comments (CommentID, Nickname, Rating, Message, Date, ProductID) VALUES (445, "CrAzY(андрей)", 0, "вопрос к магазину,а эта ВК будет в наличии?", "2017-10-1", 178);
INSERT INTO webshop.comments (CommentID, Nickname, Rating, Message, Date, ProductID) VALUES (446, "Алексей", 0, "Потянет ли эту карту материнка Asys Z87 pro c i7 процем", "2017-4-5", 178);
-- =====================================================================
INSERT INTO webshop.products (ProductID, ProductTypeID, Title, Description, Price) VALUES (179, 6, "Zotac PCI-Ex GeForce GTX 1080 Ti AMP Extreme 11GB GDDR5X (352bit) (1645/11200) (DVI, HDMI, 3 x DisplayPort) (ZT-P10810C-10P)", "Zotac GeForce GTX 1080 Ti AMP Extreme Приготовьтесь изменить расстановку сил с видеокартами Zotac GeForce GTX 1080 Ti AMP Extreme. Спроектированное на основе новой архитектуры NVIDIA Pascal и с использованием технологий Zotac, это одно из самых совершенных игровых графических решений. Лучшая в своем классе производительность, возможность генерации реалистичных миров виртуальной реальности: Zotac GeForce GTX 1080 Ti AMP Extreme — это совершенно новый способ играть в компьютерные игры. NVIDIA GeForce GTX 1080 Ti — одна из самых технически продвинутых игровых видеокарт на планете, на сегодняшний день. Самое совершенное графическое решение на сегодняшний день. Построенная на базе архитектуры NVIDIA Pascal, эта революционная видеокарта демонстрирует невероятно высокий уровень производительности, поддерживает самые современные игровые технологии и приложения для виртуальной реальности. Производительность Графические процессоры серии GeForce GTX 1080 Ti выполнены на основе молниеносно быстрых транзисторов типа FinFET и с применением высокоскоростных технологий передачи данных. Они поддерживают функции библиотеки DirectX 12, что позволяет им показывать максимальную производительность и энергоэффективность при работе с современными играми. Самые современные игровые технологии Видеокарты серии GeForce GTX 1080 Ti созданы с учетом требований, которые предъявляют к графической подсистеме дисплеи нового поколения, а также средства отображения виртуальной реальности, мониторы сверхвысокого разрешения и мультимониторные конфигурации. Они поддерживают технологии NVIDIA GameWorks, позволяющие добиться максимально плавной передачи движения и кинематографического качества изображения, а также революционную методику панорамного захвата 360-градусного изображения для виртуальной реальности. Готовы к виртуальной реальности Откройте для себя новый уровень производительности систем виртуальной реальности, минимальный уровень задержек и совместимость (plug-and-play) наиболее популярных средств отображения благодаря использованию технологий NVIDIA VRWorks. Аудио, эмуляция физических взаимодействий и тактильная отдача помогут вам услышать и почувствовать все виртуальные события. Максимальный уровень производительности AMP Extreme демонстрирует невероятно высокую производительность. Инженерные решения Zotac позволили расширить границы возможного и вывести продуктивность графических систем AMP на новый уровень. Система IceStorm Холодные, надежные и способные. Мощные системы IceStorm — это революционный подход к охлаждению графических систем. Улучшенная терморегуляция с применением шести тепловых трубок различной конфигурации позволяет обеспечить максимальную продуктивность отвода тепла от ядра, которое эффективно рассеивает алюминиевый радиатор. Система подсветки Spectra Spectra — это новая усовершенствованная система подсветки видеокарты. Обновленное приложение FireStorm дает возможность пользователям с легкостью настраивать цвет подсветки передней и задней панелей видеокарты, в соответствии со своими предпочтениями. Идет ли речь об огненно-красном или ледяном синем — с системой Spectra вы всегда сможете придать оформлению видеокарты индивидуальные черты. Система Freeze Каждая видеокарта Zotac GeForce GTX 1080 Ti серии AMP оснащается системой Freeze. Данная технология позволяет значительно снизить нагрузку на вентиляторы охлаждения мощных графических карт и существенно уменьшить уровень их рабочего шума. При отсутствии активности со стороны пользователя, вентиляторы останавливаются, чтобы обеспечить полную тишину. Технология Power Boost Мощностью нужно разумно управлять, Power Boost помогает снизить уровень шумов пульсации и минимизировать флуктуации мощности, что увеличивает срок службы видеокарт серии AMP. Даже в предельных режимах данная технология позволяет поддерживать стабильную работу системы. Утилита FireStorm Полностью переработанная технология FireStorm извлекает максимум производительности из вашей графической карты Zotac. Оптимизированный интерфейс программы предоставляет пользователю доступ к основным настройкам графической карты, таким как регулирование тактовой частоты и скорость вращения вентиляторов охлаждения, а также функциям мониторинга графического процессора.", 12589);
INSERT INTO webshop.characteristics (CharacteristicID, CharacteristicTypeID, Value, ProductID) VALUES (3498, 1, "PCI-Express x16 3.0", 179);
INSERT INTO webshop.characteristics (CharacteristicID, CharacteristicTypeID, Value, ProductID) VALUES (3499, 2, "Базовая: 1645 МГц В режиме разгона: 1759 МГц", 179);
INSERT INTO webshop.characteristics (CharacteristicID, CharacteristicTypeID, Value, ProductID) VALUES (3500, 16, "7680x4320", 179);
INSERT INTO webshop.characteristics (CharacteristicID, CharacteristicTypeID, Value, ProductID) VALUES (3501, 17, "Активная", 179);
INSERT INTO webshop.characteristics (CharacteristicID, CharacteristicTypeID, Value, ProductID) VALUES (3502, 3, "8 + 8 pin", 179);
INSERT INTO webshop.characteristics (CharacteristicID, CharacteristicTypeID, Value, ProductID) VALUES (3503, 4, "DVI DisplayPort HDMI", 179);
INSERT INTO webshop.characteristics (CharacteristicID, CharacteristicTypeID, Value, ProductID) VALUES (3504, 5, "Есть", 179);
INSERT INTO webshop.characteristics (CharacteristicID, CharacteristicTypeID, Value, ProductID) VALUES (3505, 6, "11200 МГц", 179);
INSERT INTO webshop.characteristics (CharacteristicID, CharacteristicTypeID, Value, ProductID) VALUES (3506, 7, "325 x 148 x 56.6 мм", 179);
INSERT INTO webshop.characteristics (CharacteristicID, CharacteristicTypeID, Value, ProductID) VALUES (3507, 8, "600 Вт", 179);
INSERT INTO webshop.characteristics (CharacteristicID, CharacteristicTypeID, Value, ProductID) VALUES (3508, 9, "GeForce GTX 1080 Ti", 179);
INSERT INTO webshop.characteristics (CharacteristicID, CharacteristicTypeID, Value, ProductID) VALUES (3509, 19, "GDDR5X", 179);
INSERT INTO webshop.characteristics (CharacteristicID, CharacteristicTypeID, Value, ProductID) VALUES (3510, 20, "24 месяца", 179);
INSERT INTO webshop.characteristics (CharacteristicID, CharacteristicTypeID, Value, ProductID) VALUES (3511, 21, "1", 179);
INSERT INTO webshop.characteristics (CharacteristicID, CharacteristicTypeID, Value, ProductID) VALUES (3512, 22, "Стандартная", 179);
INSERT INTO webshop.characteristics (CharacteristicID, CharacteristicTypeID, Value, ProductID) VALUES (3513, 12, "352 бит", 179);
INSERT INTO webshop.characteristics (CharacteristicID, CharacteristicTypeID, Value, ProductID) VALUES (3514, 23, "DirectX 12, OpenGL 4.5", 179);
INSERT INTO webshop.characteristics (CharacteristicID, CharacteristicTypeID, Value, ProductID) VALUES (3515, 13, "Нет", 179);
INSERT INTO webshop.characteristics (CharacteristicID, CharacteristicTypeID, Value, ProductID) VALUES (3516, 25, "11 ГБ", 179);
INSERT INTO webshop.characteristics (CharacteristicID, CharacteristicTypeID, Value, ProductID) VALUES (3517, 26, "IceStorm (радиатор + 3 вентилятора)", 179);
INSERT INTO webshop.images (ImageID, Url, ProductID) VALUES (1025, "https://i2.rozetka.ua/goods/2056909/zotac_zozt_p10810c_10p_images_2056909239.jpg", 179);
INSERT INTO webshop.images (ImageID, Url, ProductID) VALUES (1026, "https://i1.rozetka.ua/goods/2056909/zotac_zozt_p10810c_10p_images_2056909330.jpg", 179);
INSERT INTO webshop.images (ImageID, Url, ProductID) VALUES (1027, "https://i2.rozetka.ua/goods/2056909/zotac_zozt_p10810c_10p_images_2056909421.jpg", 179);
INSERT INTO webshop.images (ImageID, Url, ProductID) VALUES (1028, "https://i2.rozetka.ua/goods/2056909/zotac_zozt_p10810c_10p_images_2056909512.jpg", 179);
INSERT INTO webshop.images (ImageID, Url, ProductID) VALUES (1029, "https://i2.rozetka.ua/goods/2056909/zotac_zozt_p10810c_10p_images_2056909603.jpg", 179);
INSERT INTO webshop.images (ImageID, Url, ProductID) VALUES (1030, "https://i2.rozetka.ua/goods/2056909/zotac_zozt_p10810c_10p_images_2056909694.jpg", 179);
INSERT INTO webshop.comments (CommentID, Nickname, Rating, Message, Date, ProductID) VALUES (447, "Slaytan", 5, "Какая память - Samsung?", "2018-1-3", 179);
-- =====================================================================
